ell,Dl_TT_muK2,Dl_EE_muK2,Dl_TE_muK2,Cl_TT,Cl_EE,Cl_TE,Cl_BB
2,911.9204278126251,0.00650984243530726,0.7534897487659553,3.5038005462907166e-10,2.501225851010625e-15,2.8950747376974797e-13,0.0
3,912.4133585847935,0.01430405613690778,1.0810819535575336,1.7528472478243606e-10,2.7479678148502095e-15,2.0768783239924473e-13,0.0
4,912.9050969948868,0.02484095502026902,1.4087412001670847,1.0522751591061507e-10,2.8633337662752394e-15,1.6238088443420222e-13,0.0
5,913.3955718231595,0.03792645972968135,1.734172072471859,7.018936753528002e-11,2.914437406309205e-15,1.332614747859886e-13,0.0
6,913.8847119490578,0.05337996154164319,2.055020001526612,5.0162110880261104e-11,2.929966454877339e-15,1.1279775209050484e-13,0.0
7,914.3724463551467,0.0710332934940978,2.370056000638972,3.7641661557699193e-11,2.9242035930673967e-15,9.756729460130251e-14,0.0
8,914.8587041310478,0.09072978883944277,2.678808853388318,2.929241713009619e-11,2.9050331038111926e-15,8.577148142212475e-14,0.0
9,915.3434144773992,0.11232341861785529,2.9811906159222223,2.344634946846853e-11,2.8771432500128027e-15,7.636263713432466e-14,0.0
10,915.8265067098291,0.13567800099404875,3.2772844515128345,1.9193501278780558e-11,2.8434816709304527e-15,6.868392959821734e-14,0.0
11,916.307910262949,0.1606664757519384,3.567242744582123,1.6002991940918797e-11,2.8059828883243685e-15,6.230062651807391e-14,0.0
12,916.7875546943582,0.18717023800943422,3.8512419093134627,1.3548081258815585e-11,2.7659598789264334e-15,5.691279082876491e-14,0.0
13,917.265369688671,0.21507852580976114,4.129463343052105,1.1618693401578717e-11,2.724327693190153e-15,5.2306529911038976e-14,0.0
14,917.7412850615514,0.2442878567750983,4.402085763274633,1.0074758773996648e-11,2.68173750978272e-15,4.832511393934116e-14,0.0
15,918.2152307637671,0.274701509480573,4.669282324880467,8.81996643851803e-12,2.6386603195566406e-15,4.485104583067677e-14,0.0
16,918.6871368852557,0.3062290456284185,4.9312196911729735,7.786322963369268e-12,2.5954409877897558e-15,4.179449953874179e-14,0.0
17,919.1569336592075,0.33878586947923595,5.188057882470382,6.9247153074506615e-12,2.5523342210903275e-15,3.908562566313927e-14,0.0
18,919.6245514661565,0.37229282133490377,5.439950422891072,6.19894999672121e-12,2.5095291115422808e-15,3.6669291399823154e-14,0.0
19,920.0899208380866,0.40667580217024696,5.687044593072275,5.581878237594159e-12,2.4671662611221192e-15,3.450140006031421e-14,0.0
20,920.5529724625527,0.44186542678202523,5.929481713036334,5.052812425030973e-12,2.4253499640148672e-15,3.2546262702815506e-14,0.0
21,921.0136371868077,0.47779670306759997,6.167397426029971,4.595764511126027e-12,2.3841570231231187e-15,3.077468679305732e-14,0.0
22,921.4718460219461,0.5144087352648465,6.400921972610995,4.198220411314269e-12,2.343643228461484e-15,2.916256355813335e-14,0.0
23,921.9275301470539,0.5516444491821566,6.630180451473073,3.850271796761353e-12,2.3038481822830685e-15,2.7689808542406082e-14,0.0
24,922.3806209133701,0.5894503376251123,6.855293066275437,3.5439909282395097e-12,2.2647989363897463e-15,2.633955645473731e-14,0.0
25,922.8310498484616,0.6277762243867085,7.076375358779365,3.2729737625654944e-12,2.226512763649996e-15,2.5097541838403777e-14,0.0
26,923.2787486603982,0.6665750453126691,7.293538428951433,3.0320014822624184e-12,2.188999290148873e-15,2.3951617384895176e-14,0.0
27,923.7236492419464,0.7058026450841597,7.506889142792002,2.816786619809242e-12,2.15226214954068e-15,2.2891375479193017e-14,0.0
28,924.1656836747638,0.7454175884784102,7.716530328648126,2.6237804447978783e-12,2.116300276462486e-15,2.1907848057602107e-14,0.0
29,924.6047842336036,0.7853809849747939,7.922560962736577,2.450025280711766e-12,2.081108924580687e-15,2.099326650442754e-14,0.0
30,925.0408833905271,0.8256563256708837,8.125076344558249,2.293040159173629e-12,2.0466804726508423e-15,2.014086802967624e-14,0.0
31,925.4739138191183,0.8662093315609178,8.324168262839313,2.150731479236671e-12,2.013005066030134e-15,1.9344738359476286e-14,0.0
32,925.9038083987119,0.9070078123089422,8.519925152590613,2.0213226113614158e-12,1.9800711294968973e-15,1.859968303599671e-14,0.0
33,926.3305002186164,0.948021534721347,8.712432243834913,1.903297989629837e-12,1.9478657787205506e-15,1.7901121436208436e-14,0.0
34,926.7539225823531,0.9892221001894737,8.90177170251385,1.795358381467432e-12,1.9163751514093733e-15,1.7244998965297255e-14,0.0
35,927.1740090118876,1.0305828304328735,9.088022764050264,1.6963848516574172e-12,1.8855846744320633e-15,1.6627713890386858e-14,0.0
36,927.5906932518761,1.0720786609284467,9.271261860009322,1.6054095413290878e-12,1.8554792796336187e-15,1.6046056044438783e-14,0.0
37,928.0039092739069,1.113686041460424,9.451562738271214,1.5215918276065152e-12,1.826043578341722e-15,1.549715521340434e-14,0.0
38,928.4135912807449,1.155382843271527,9.628996577100308,1.444198760524325e-12,1.7972620024680767e-15,1.4978437468324518e-14,0.0
39,928.8196737105852,1.197148272337095,9.80363209346993,1.3725889220227026e-12,1.7691189184915167e-15,1.4487588051753506e-14,0.0
40,929.2220912412972,1.2389627883217296,9.975535645977649,1.3061990395125547e-12,1.7415987193500729e-15,1.4022519699239116e-14,0.0
41,929.620778794679,1.2808080288126673,10.144771332664204,1.2445328295038558e-12,1.7146858982823428e-15,1.3581345489802912e-14,0.0
42,930.0156715407059,1.3226667384556345,10.311401084028367,1.1871516565425059e-12,1.6883651078803926e-15,1.3162355487944785e-14,0.0
43,930.4067049017798,1.3645227026479407,10.475484751511136,1.133666677514849e-12,1.6626212069997669e-15,1.2763996573795946e-14,0.0
44,930.7938145569818,1.4063606854700703,10.63708019170514,1.0837322073492341e-12,1.637439297680633e-15,1.2384854965322413e-14,0.0
45,931.1769364463166,1.4481663715613113,10.796243346528435,1.0370400937759938e-12,1.6128047538404254e-15,1.2023641022769004e-14,0.0
46,931.5560067749586,1.489926311667281,10.953028319587055,9.933149294561722e-13,1.5887032431816026e-15,1.1679175995298336e-14,0.0
47,931.9309620174962,1.5316278716076503,11.107487448936292,9.523099619716582e-13,1.5651207435020594e-15,1.1350380426461892e-14,0.0
48,932.3017389221675,1.5732591844311572,11.259671376437637,9.138035877854499e-13,1.5420435543879465e-15,1.1036263981411312e-14,0.0
49,932.6682745151,1.6148091055422789,11.409629113896184,8.775963367748758e-13,1.5194583050993162e-15,1.0735916496699867e-14,0.0
50,933.0305061045403,1.6562671705997758,11.557408106151689,8.435082704172115e-13,1.497351959320494e-15,1.0448500084769556e-14,0.0
51,933.3883712850783,1.697623556001973,11.70305429128622,8.113767300160082e-13,1.475711817333468e-15,1.0173242151056814e-14,0.0
52,933.7418079418698,1.7388690417870634,11.846612158101149,7.810543821548381e-13,1.4545255160789825e-15,9.909429203099069e-15,0.0
53,934.0907542548484,1.779994976789102,11.98812480100728,7.524075173643905e-13,1.4337810274927283e-15,9.656401348898745e-15,0.0
54,934.4351487029342,1.8209932459018199,12.127633972463201,7.253145651886625e-13,1.413466655440058e-15,9.413547396750207e-15,0.0
55,934.774930068233,1.861856239312859,12.265180133088949,6.996647947504624e-13,1.3935710315194395e-15,9.180300481281338e-15,0.0
56,935.1100374402278,1.9025768235808094,12.400802499574658,6.753571747935919e-13,1.3740831099606643e-15,8.956134151026459e-15,0.0
57,935.4404102199622,1.9431483144363517,12.534539090496795,6.522993712155817e-13,1.3549921618068673e-15,8.740558861772493e-15,0.0
58,935.765988124214,1.9835644511971369,12.666426770148126,6.30406863457399e-13,1.3362877685385571e-15,8.533118827484014e-15,0.0
59,936.0867111896596,2.0238193726936733,12.796501290481428,6.096021639105176e-13,1.3179598152719912e-15,8.333389187041566e-15,0.0
60,936.402519777027,2.06390759461059,12.924797331261185,5.898141268378046e-13,1.2999984836425081e-15,8.140973450507825e-15,0.0
61,936.7133545752392,2.103823988154197,13.051348538512267,5.70977335264101e-13,1.2823942444651998e-15,7.955501193320701e-15,0.0
62,937.0191566055438,2.143563759963327,13.17618756134945,5.530315559408492e-13,1.2651378502499252e-15,7.776625970827497e-15,0.0
63,937.3198672256337,2.183122433186096,13.299346087267127,5.359212538801332e-13,1.248220327634749e-15,7.604023429024702e-15,0.0
64,937.6154281337527,2.2224958296503767,13.420854875963892,5.195951591305488e-13,1.2316329697909305e-15,7.437389590340325e-15,0.0
65,937.905781372788,2.2616800530606596,13.540743791772789,5.040058794661223e-13,1.2153673288433964e-15,7.276439295862823e-15,0.0
66,938.1908693343478,2.300671473158427,13.659041834763997,4.891095535092518e-13,1.1994152083428227e-15,7.120904787642685e-15,0.0
67,938.4706347628266,2.3394667107873546,13.775777170583225,4.748655395334903e-13,1.1837686558188743e-15,6.970534416620683e-15,0.0
68,938.7450207594555,2.3780626238084674,13.89097715908548,4.612361358118203e-13,1.1684199554385634e-15,6.825091463413029e-15,0.0
69,939.0139707863337,2.416456293814009,14.00466838182083,4.4818632890738253e-13,1.1533616207889993e-15,6.684353060644496e-15,0.0
70,939.2774286704454,2.4546450135920974,14.116876668425649,4.356835667601326e-13,1.1385863877998132e-15,6.548109206795966e-15,0.0
71,939.5353386076623,2.4926262752973423,14.227627121970167,4.236975538160333e-13,1.1240872078171785e-15,6.4161618626489075e-15,0.0
72,939.7876451667227,2.530397759285469,14.336944143310195,4.12200065784674e-13,1.1098572408385128e-15,6.288324122387513e-15,0.0
73,940.034293293199,2.5679573235727067,14.444851454488681,4.0116478190468696e-13,1.0958898489145595e-15,6.164419452278589e-15,0.0
74,940.2752283134424,2.605302993883156,14.551372121230198,3.905671328506681e-13,1.0821785897235242e-15,6.044280990605326e-15,0.0
75,940.5103959385084,2.6424329542497116,14.656528574569261,3.8038416263621295e-13,1.0687172103202653e-15,5.9277509031976334e-15,0.0
76,940.7397422680673,2.6793455381362703,14.76034263165142,3.7059440305989816e-13,1.0554996410621162e-15,5.814679789490279e-15,0.0
77,940.9632137942863,2.716039220050951,14.862835515743791,3.611777594086183e-13,1.0425199897117276e-15,5.704926134560621e-15,0.0
78,941.1807574056979,2.7525126076219837,14.964027875490174,3.521154062790819e-13,1.0297725357163602e-15,5.598355803059081e-15,0.0
79,941.3923203910414,2.788764434109642,15.063939803443898,3.4338969250635055e-13,1.0172517246622208e-15,5.4948415713547184e-15,0.0
80,941.5978504430879,2.8247935513292637,15.162590853910016,3.3498405430059785e-13,1.0049521629017936e-15,5.394262694582203e-15,0.0
81,941.7972956624362,2.8605989229618807,15.260000060126698,3.2688293579185683e-13,9.928686123515476e-16,5.2965045056001464e-15,0.0
82,941.9906045612897,2.8961796182305046,15.356185950814517,3.190717162692523e-13,9.809959854569973e-16,5.201458043159678e-15,0.0
83,942.1777260672109,2.9315348059213435,15.451166566120605,3.115366434776174e-13,9.693293403217159e-16,5.1090197068397e-15,0.0
84,942.3586095268433,2.9666637487305505,15.544959472983496,3.0426477240180776e-13,9.578638759966489e-16,5.019090936535789e-15,0.0
85,942.5332047096206,3.0015657979182406,15.637581779943234,2.9724390902862124e-13,9.46594927925857e-16,4.9315779144959675e-15,0.0
86,942.7014618114397,3.0362403882526086,15.729050151420044,2.904625586289553e-13,9.355179635446741e-16,4.846391288081466e-15,0.0
87,942.8633314583116,3.070687033227994,15.819380821483772,2.839098781495932e-13,9.246285780261484e-16,4.7634459115966265e-15,0.0
88,943.0187647099895,3.104905320541735,15.908589607135392,2.7757563234550254e-13,9.139224901715867e-16,4.682660605681285e-15,0.0
89,943.1677130635612,3.138894907815469,15.99669192112058,2.714501533204179e-13,9.033955384409636e-16,4.6039579328931485e-15,0.0
90,943.3101284570238,3.1726555185474994,16.08370278429476,2.6552430317632167e-13,8.930436771189782e-16,4.527263988228762e-15,0.0
91,943.4459632728208,3.2061869382834636,16.169636837557718,2.5978943950169966e-13,8.828629726125269e-16,4.452508203440601e-15,0.0
92,943.5751703413576,3.2394890109934757,16.254508353375464,2.5423738345457986e-13,8.728495998754313e-16,4.379623164106546e-15,0.0
93,943.697702944481,3.272561635644419,16.338331246905863,2.4886039021970234e-13,8.629998389562789e-16,4.308544438496906e-15,0.0
94,943.8135148189381,3.3054047629568526,16.421119086744028,2.43651121640065e-13,8.533100716653249e-16,4.239210417364941e-15,0.0
95,943.9225601597951,3.3380183923365165,16.502885105302497,2.3860262084179645e-13,8.43776778356459e-16,4.171562163859742e-15,0.0
96,944.0247936238295,3.370402568971027,16.583642208840825,2.3370828868810317e-13,8.343965348203351e-16,4.10554327282676e-15,0.0
97,944.1201703328935,3.402557381082904,16.663402987158314,2.2896186191310756e-13,8.251660092848524e-16,4.041099738821331e-15,0.0
98,944.2086458772395,3.434482957330517,16.74217972296309,2.2435739279994596e-13,8.160819595192581e-16,3.978179832215267e-15,0.0
99,944.2901763188188,3.4661794643490813,16.819984400930185,2.1988923027969745e-13,8.071412300382565e-16,3.916733982826407e-15,0.0
100,944.3647181945427,3.4976471044242334,16.896828716460572,2.155520023387022e-13,7.983407494026008e-16,3.856714670546241e-15,0.0
101,944.432228519515,3.528886113291135,16.97272408415281,2.113405996317447e-13,7.896775276127448e-16,3.798076322482138e-15,0.0
102,944.4926647902248,3.5598967580524694,17.04768164599813,2.072501602075272e-13,7.8114865359224e-16,3.740775216168306e-15,0.0
103,944.5459849877099,3.5906793352090336,17.12171227930965,2.03276055260953e-13,7.727512927576637e-16,3.6847693884341405e-15,0.0
104,944.5921475806816,3.621234168797017,17.194826604395676,1.994138758340591e-13,7.644826846719693e-16,3.6300185495499896e-15,0.0
105,944.6311115286181,3.651561608626331,17.267034991986783,1.956594203940698e-13,7.56340140778245e-16,3.576484002299244e-15,0.0
106,944.6628362848159,3.6816620286147046,17.33834757042579,1.9200868322305477e-13,7.48321042210976e-16,3.5241285656519452e-15,0.0
107,944.6872817994115,3.7115358252125454,17.408774232629654,1.8845784355913123e-13,7.404228376820017e-16,3.4729165027393497e-15,0.0
108,944.7044085223616,3.741183415913817,17.47832464283151,1.8500325543410424e-13,7.326430414384537e-16,3.422813452850968e-15,0.0
109,944.7141774063866,3.7706052378484194,17.547008243110973,1.8164143815694445e-13,7.249792312900503e-16,3.3737863671959846e-15,0.0
110,944.71654990988,3.7998017464519274,17.614834259720713,1.7836906739660503e-13,7.174290467032425e-16,3.325803448189695e-15,0.0
111,944.7114879997727,3.8287734142085577,17.68181170921627,1.7518296682140714e-13,7.099901869597514e-16,3.2788340920426564e-15,0.0
112,944.6989541543652,3.857520729463659,17.747949404396643,1.7208010025563422e-13,7.026604093771733e-16,3.232848834446215e-15,0.0
113,944.6789113661187,3.8860441953020914,17.813255960062243,1.6905756431707528e-13,6.954375275893799e-16,3.1878192991625152e-15,0.0
114,944.6513231444011,3.9143443284890966,17.877739798596743,1.6611258150209335e-13,6.883194098845378e-16,3.1437181493405518e-15,0.0
115,944.6161535182031,3.94242165847045,17.94140915537922,1.632424936873905e-13,6.813039775986555e-16,3.1005190413922377e-15,0.0
116,944.573367038805,3.9702767264288292,18.004272084032454,1.604447560200039e-13,6.743892035626319e-16,3.0581965812737983e-15,0.0
117,944.5229287824072,3.9979100843935296,18.066336461513316,1.5771693116924276e-13,6.675731106008702e-16,3.0167262830284286e-15,0.0
118,944.4648043527179,4.025322294400748,18.12760999305053,1.5505668391625815e-13,6.60853770079577e-16,2.976084529455817e-15,0.0
119,944.3989598834983,4.052513927701893,18.188100216935396,1.5246177605876238e-13,6.542293005029573e-16,2.936248534783234e-15,0.0
120,944.3253620410683,4.079485564017414,18.247814509170357,1.49930061610084e-13,6.476978661555629e-16,2.897196309221137e-15,0.0
121,944.243978026766,4.1062377908338545,18.30676008798043,1.4745948227327842e-13,6.412576757891349e-16,2.8589066252940293e-15,0.0
122,944.1547755793677,4.132771202741881,18.364944018192123,1.4504806317242498e-13,6.349069813523301e-16,2.821358985844429e-15,0.0
123,944.0577229774623,4.159086400813229,18.422373215484427,1.4269390882453584e-13,6.2864407676179565e-16,2.784533593614448e-15,0.0
124,943.9527890417822,4.185183992014545,18.47905445051607,1.403951993366951e-13,6.224672967130979e-16,2.7484113223156245e-15,0.0
125,943.8399431374928,4.211064588656274,18.53499435293349,1.3815018681414416e-13,6.1637501553009e-16,2.712973689103402e-15,0.0
126,943.7191551764306,4.236728807874732,18.59019941526308,1.3595719196604004e-13,6.103656460513294e-16,2.678202828377867e-15,0.0
127,943.5903956193066,4.262177271145781,18.644675996692108,1.3381460089654773e-13,6.044376385522421e-16,2.64408146683742e-15,0.0
128,943.453635477855,4.28741060382836,18.698430326741462,1.3172086206978468e-13,5.985894797017435e-16,2.6105928997164826e-15,0.0
129,943.3088463169429,4.312429434736451,18.75146850883425,1.2967448343793284e-13,5.928196915521092e-16,2.5777209681427665e-15,0.0
130,943.1560002566297,4.33723439573797,18.803796523763314,1.2767402972256478e-13,5.871268305609102e-16,2.5454500375534698e-15,0.0
131,942.9950699741821,4.361826121379198,18.855420233061157,1.2571811983990966e-13,5.815094866438821e-16,2.5137649771135496e-15,0.0
132,942.826028706045,4.386205248533498,18.90634538227546,1.2380542446141163e-13,5.759662822576458e-16,2.4826511400826533e-15,0.0
133,942.6488502497583,4.4103724160729945,18.956577604153015,1.2193466370151246e-13,5.704958715112224e-16,2.4520943450804504e-15,0.0
134,942.4635089658374,4.434328264562121,19.006122421735395,1.2010460492513007e-13,5.65096939305346e-16,2.4220808582032123e-15,0.0
135,942.2699797795925,4.4580734359718095,19.054985251368713,1.183140606677982e-13,5.597682004985931e-16,2.392597375947161e-15,0.0
136,942.0682381829148,4.481608573413372,19.10317140563064,1.1656188666189975e-13,5.545083990994079e-16,2.363631008896852e-15,0.0
137,941.8582602360008,4.504934320890952,19.15068609617697,1.1484697996284813e-13,5.493163074831142e-16,2.335169266139184e-15,0.0
138,941.6400225690393,4.528051323071656,19.197534436510455,1.1316827716947385e-13,5.441907256330594e-16,2.307200040366006e-15,0.0
139,941.4135023838414,4.550960225072423,19.243721444674254,1.1152475273323841e-13,5.39130480405054e-16,2.279711593630368e-15,0.0
140,941.1786774554276,4.573661672262739,19.289252045872285,1.0991541735124323e-13,5.341344248143059e-16,2.2526925437234872e-15,0.0
141,940.9355261335598,4.596156310082422,19.33413107501893,1.0833931643831807e-13,5.292014373440841e-16,2.2261318511413857e-15,0.0
142,940.6840273442323,4.618444783873655,19.37836327922014,1.0679552867377158e-13,5.243304212753665e-16,2.2000188066118815e-15,0.0
143,940.4241605911003,4.640527738726475,19.421953320187775,1.0528316461865983e-13,5.195203040367532e-16,2.1743430191542528e-15,0.0
144,940.1559059568716,4.66240581933714,19.464905776589934,1.0380136539968989e-13,5.147700365739724e-16,2.149094404645514e-15,0.0
145,939.879244104639,4.684079669878527,19.507225146338367,1.0234930145610954e-13,5.100785927383e-16,2.1242631748685633e-15,0.0
146,939.5941562791674,4.705549933882073,19.548915848815415,1.0092617134616161e-13,5.054449686932684e-16,2.0998398270189245e-15,0.0
147,939.3006243081246,4.726817254130512,19.589982227042125,9.953120060988657e-14,5.008681823390414e-16,2.075815133648024e-15,0.0
148,938.9986306032666,4.747882272560932,19.630428549789222,9.816364068525272e-14,4.963472727538726e-16,2.0521801330221582e-15,0.0
149,938.68815816157,4.768745630177535,19.67025901363279,9.682276787477361e-14,4.918812996520696e-16,2.028926119877425e-15,0.0
150,938.3691905663112,4.789407966973612,19.709477744956118,9.550788235994122e-14,4.874693428579231e-16,2.0060446365519554e-15,0.0
151,938.0417119880958,4.809869921862162,19.748088801899378,9.421830726096203e-14,4.831105017950626e-16,1.9835274644777537e-15,0.0
152,937.7057071858343,4.830132132614784,19.786096176258678,9.295338773943065e-14,4.788038949907414e-16,1.961366616015434e-15,0.0
153,937.3611615076695,4.850195235808292,19.823503795335924,9.17124901417135e-14,4.745486595945487e-16,1.9395543266159643e-15,0.0
154,937.0080608918483,4.8700598667786705,19.86031552374087,9.049500118094421e-14,4.703439509110832e-16,1.9180830472944016e-15,0.0
155,936.6463918675413,4.889726659581929,19.89653516514677,8.930032715565363e-14,4.661889419461283e-16,1.8969454374013547e-15,0.0
156,936.2761415556113,4.90919624696151,19.93216646400099,8.812789320317055e-14,4.620828229658917e-16,1.8761343576786663e-15,0.0
157,935.8972976693296,4.928469260321809,19.967213107191768,8.697714258603485e-14,4.580248010688828e-16,1.8556428635864794e-15,0.0
158,935.5098485150384,4.9475463297075235,20.001678725672452,8.584753600976476e-14,4.540140997700234e-16,1.8354641988895206e-15,0.0
159,935.1137829927588,4.966428083788436,20.035566896044323,8.473855097041254e-14,4.500499585965932e-16,1.815591789491043e-15,0.0
160,934.7090905967494,4.985115149849329,20.068881142099205,8.364968113043092e-14,4.461316326956315e-16,1.7960192375034494e-15,0.0
161,934.2957614160078,5.003608153784751,20.101624936322974,8.25804357214541e-14,4.422583924524326e-16,1.776740315545176e-15,0.0
162,933.8737861347225,5.021907720098284,20.133801701361122,8.153033897267445e-14,4.3842952311977354e-16,1.7577489612539285e-15,0.0
163,933.4431560326682,5.0400144719061055,20.165414811447175,8.04989295635682e-14,4.346443244575408e-16,1.7390392720068425e-15,0.0
164,933.0038629855486,5.0579290309445,20.196467593795237,7.948576009979108e-14,4.3090211038242017e-16,1.7206054998386202e-15,0.0
165,932.5558994652881,5.075652017581168,20.22696332995766,7.849039661112978e-14,4.272022086273403e-16,1.702442046549136e-15,0.0
166,932.0992585402648,5.0931840508299695,20.25690525714835,7.751241807045315e-14,4.235439604103524e-16,1.6845434589923727e-15,0.0
167,931.6339338754938,5.1105257483689925,20.286296569533263,7.65514159326657e-14,4.1992672011266157e-16,1.6669044245390164e-15,0.0
168,931.1599197327562,5.12767772656165,20.315140419488436,7.560699369271762e-14,4.163498549655167e-16,1.6495197667053353e-15,0.0
169,930.6772109706723,5.144640600480645,20.34343991882677,7.46787664617758e-14,4.12812744745687e-16,1.632384440941367e-15,0.0
170,930.1858030447219,5.161414983934554,20.371198139994092,7.376636056070783e-14,4.093147814792557e-16,1.6154935305717379e-15,0.0
171,929.6856920072102,5.178001489496896,20.39841811723558,7.286941313007483e-14,4.0585536915347716e-16,1.5988422428827856e-15,0.0
172,929.1768745071821,5.194400728537506,20.425102847733182,7.198757175587122e-14,4.0243392343645017e-16,1.5824259053499258e-15,0.0
173,928.6593477902788,5.210613311255966,20.45125529271477,7.112049411028806e-14,3.9904987140436097e-16,1.5662399619994908e-15,0.0
174,928.1331096985421,5.226639846717043,20.476878378535766,7.026784760681478e-14,3.9570265127607246e-16,1.55027996989955e-15,0.0
175,927.5981586701629,5.242480942887886,20.501974997734024,6.942930906902826e-14,3.92391712154831e-16,1.5345415957744636e-15,0.0
176,927.0544937391818,5.258137206676921,20.526548010058693,6.860456441245232e-14,3.89116513776878e-16,1.519020612738171e-15,0.0
177,926.502114535125,5.273609243974189,20.55060024347336,6.77933083388998e-14,3.85876526266752e-16,1.5037128971414138e-15,0.0
178,925.9410212825976,5.288897659693135,20.5741344951347,6.699524404274204e-14,3.8267122989908757e-16,1.4886144255283705e-15,0.0
179,925.3712148008123,5.304003057813596,20.59715353234674,6.621008292857486e-14,3.795001148667075e-16,1.4737212716983138e-15,0.0
180,924.7926965030722,5.318926041425953,20.619660093491618,6.543754433977955e-14,3.7636268105482677e-16,1.4590296038681554e-15,0.0
181,924.2054683961951,5.333667212776279,20.641656888937362,6.467735529749975e-14,3.73258437821181e-16,1.444535681931896e-15,0.0
182,923.6095330798855,5.348227173312419,20.663146601923252,6.392925024958039e-14,3.701869037819069e-16,1.4302358548131864e-15,0.0
183,923.004893746052,5.362606523730838,20.684131889423252,6.319297082903575e-14,3.6714760660300046e-16,1.4161265579073672e-15,0.0
184,922.3915541780714,5.37680586402424,20.70461538298824,6.246826562163586e-14,3.641400827971942e-16,1.4022043106095321e-15,0.0
185,921.769518749998,5.3908257935297135,20.72459968956724,6.175488994221895e-14,3.6116387752608495e-16,1.3884657139252713e-15,0.0
186,921.1387924257207,5.404666910977484,20.744087392308508,6.10526056193582e-14,3.58218544407369e-16,1.3749074481609557e-15,0.0
187,920.4993807580656,5.41832981454005,20.763081051340734,6.03611807880273e-14,3.553036453270255e-16,1.361526270690498e-15,0.0
188,919.8512898878429,5.431815101881698,20.781583204534826,5.968038968992678e-14,3.524187502563108e-16,1.3483190137956967e-15,0.0
189,919.1945265428462,5.44512337020832,20.799596368246988,5.901001248114996e-14,3.495634370734221e-16,1.3352825825773932e-15,0.0
190,918.5290980367922,5.4582552163174,20.81712303804316,5.834983504688041e-14,3.4673729138969266e-16,1.322413952934758e-15,0.0
191,917.855012268209,5.471211236648172,20.83416568940557,5.769964882282944e-14,3.4393990638019216e-16,1.3097101696101734e-15,0.0
192,917.1722777192739,5.483992027331854,20.850726778421688,5.705925062313455e-14,3.4117088261860388e-16,1.2971683442972695e-15,0.0
193,916.4809034545941,5.4965981842418685,20.866808742455962,5.642844247445237e-14,3.384298279162544e-16,1.2847856538097662e-15,0.0
194,915.7808991199394,5.509030303044068,20.88241400080486,5.580703145599336e-14,3.357163571651819e-16,1.2725593383088929e-15,0.0
195,915.0722749409159,5.52128897924681,20.89754495533542,5.519482954525515e-14,3.3303009218512306e-16,1.2604866995872211e-15,0.0
196,914.3550417215939,5.5333748082509056,20.912203991107923,5.4591653469224466e-14,3.3037066157431113e-16,1.248565099406872e-15,0.0
197,913.6292108430773,5.545288385399366,20.926393476982756,5.399732456082639e-14,3.2773770056397633e-16,1.236791957890102e-15,0.0
198,912.8947942620246,5.557030306026874,20.940115766212116,5.341166862041086e-14,3.2513085087644336e-16,1.2251647519603875e-15,0.0
199,912.1518045091179,5.568601165509011,20.953373197016735,5.2834515782075264e-14,3.225497605867287e-16,1.2136810138321962e-15,0.0
200,911.4002546874763,5.58000155931108,20.96616809314794,5.226570038463054e-14,3.1999408398753396e-16,1.2023383295476804e-15,0.0
201,910.640158471022,5.591232083036603,20.978502764435515,5.170506084702801e-14,3.1746348145754674e-16,1.1911343375586486e-15,0.0
202,909.8715301027917,5.602293332475376,20.990379507321514,5.115243954807075e-14,3.149576193329529e-16,1.1800667273521853e-15,0.0
203,909.0943843931992,5.6131859036510905,21.001800605380513,5.060768271024241e-14,3.1247616978207437e-16,1.1691332381183994e-15,0.0
204,908.3087367182444,5.6239103928684475,21.012768329826404,5.00706402874926e-14,3.100188106830429e-16,1.1583316574588019e-15,0.0
205,907.514603017672,5.634467396759766,21.023284940006164,4.9541165856825855e-14,3.0758522550442947e-16,1.147659820133906e-15,0.0
206,906.7119997930818,5.644857512331051,21.033352683880906,4.90191165135474e-14,3.051751031887473e-16,1.137115606848683e-15,0.0
207,905.9009441059852,5.655081337007471,21.04297379849433,4.85043527700252e-14,3.0278813803874903e-16,1.1266969430745543e-15,0.0
208,905.0814535758151,5.66513946867825,21.052150510429048,4.799673845783417e-14,3.004240296064435e-16,1.1164017979066708e-15,0.0
209,904.2535463778801,5.675032505740907,21.060885036250767,4.7496140633153666e-14,2.980824825847562e-16,1.1062281829552553e-15,0.0
210,903.4172412412781,5.684761047144882,21.069179582941057,4.700242948529578e-14,2.9576320670176616e-16,1.0961741512698648e-15,0.0
211,902.5725574467486,5.694325692434433,21.077036348318263,4.651547824824552e-14,2.934659166174427e-16,1.086237796295421e-15,0.0
212,901.7195148244876,5.7037270417909225,21.084457521447575,4.603516311510119e-14,2.9119033182282434e-16,1.0764172508589722e-15,0.0
213,900.8581337519053,5.712965696074298,21.09144528303985,4.556136315530572e-14,2.889361765415647e-16,1.0667106861861155e-15,0.0
214,899.988435151339,5.722042256863907,21.098001805839807,4.5093960234566036e-14,2.867031796337896e-16,1.0571163109461065e-15,0.0
215,899.1104404877166,5.73095732649855,21.104129255003688,4.4632838937360716e-14,2.8449107450220034e-16,1.0476323703246892e-15,0.0
216,898.2241717661716,5.739711508115756,21.109829788466524,4.4177886491940864e-14,2.822995990003643e-16,1.0382571451237233e-15,0.0
217,897.3296515296116,5.748305405690288,21.115105557299426,4.372899269773297e-14,2.8012849534313473e-16,1.028988950886727e-15,0.0
218,896.4269028562371,5.756739624071866,21.11995870605685,4.3286049855055955e-14,2.7797751001914505e-16,1.0198261370494734e-15,0.0
219,895.5159493570162,5.765014769022071,21.12439137311432,4.284895269706879e-14,2.758463937053209e-16,1.0107670861148261e-15,0.0
220,894.5968151731106,5.7731314472504724,21.12840569099659,4.2417598323867836e-14,2.737349011833604e-16,1.0018102128510176e-15,0.0
221,893.6695249732542,5.781090266449869,21.132003786696473,4.199188613865656e-14,2.7164279125812635e-16,9.929539635126027e-16,0.0
222,892.7341039510883,5.788891835330744,21.13518778198468,4.157171778591387e-14,2.695698266779061e-16,9.841968150833641e-16,0.0
223,891.790577822448,5.796536763654872,21.137959793710596,4.115699709148923e-14,2.6751577405648703e-16,9.755372745404492e-16,0.0
224,890.8389728226039,5.804025662268043,21.140321934094406,4.074763000455675e-14,2.6548040379700127e-16,9.66973878139065e-16,0.0
225,889.8793157034621,5.811359143131989,21.14227631101071,4.034352454136237e-14,2.6346349001749684e-16,9.585051907170725e-16,0.0
226,888.911633730713,5.818537819355364,21.14382502826355,3.994459073070088e-14,2.614648104781851e-16,9.50129805018836e-16,0.0
227,887.9359546809413,5.8255623052239365,21.14497018585342,3.9550740561062676e-14,2.5948414651032885e-16,9.418463410377362e-16,0.0
228,886.9523068386898,5.832433216229861,-21.145713880236087,3.916188792939169e-14,2.575212829467234e-16,-9.336534453767374e-16,0.0
229,885.9607189934774,5.839151169100066,-21.14605820457351,3.877794859139858e-14,2.555760080537321e-16,-9.25549790626452e-16,0.0
230,884.9612204367791,5.8457167818238025,-21.14600524897713,3.839884011337587e-14,2.536481134648388e-16,-9.175340747601573e-16,0.0
231,883.953840958957,5.85213067367925,-21.14555710074333,3.802448182546268e-14,2.5173739411567465e-16,-9.0960502054522e-16,0.0
232,882.9386108461534,5.858393465259291,-21.144715844581732,3.765479477631007e-14,2.4984364818048736e-16,-9.017613749704392e-16,0.0
233,881.9155608771403,5.864505778496348,-21.143483562835968,3.7289701689098786e-14,2.479666770100114e-16,-8.940019086887998e-16,0.0
234,880.8847223201246,5.870468236686365,-21.141862335697372,3.69291269188636e-14,2.4610628507070816e-16,-8.863254154751655e-16,0.0
235,879.8461269295175,5.876281464511879,-21.139854241411697,3.6572996411080175e-14,2.442622798853397e-16,-8.787307116984595e-16,0.0
236,878.799806942657,5.881946088064199,-21.137461356478845,3.622123766147175e-14,2.424344719748434e-16,-8.712166358078792e-16,0.0
237,877.7457950764948,5.887462734864708,-21.134685755845926,3.5873779676994904e-14,2.40622674801476e-16,-8.637820478327265e-16,0.0
238,876.6841245242393,5.8928320338852505,-21.131529513093664,3.553055293796487e-14,2.388267047131935e-16,-8.564258288954362e-16,0.0
239,875.6148289519626,5.89805461556766,-21.12799470061632,3.5191489361282716e-14,2.370463808892401e-16,-8.491468807374065e-16,0.0
240,874.537942495165,5.903131111842364,-21.124083389795214,3.4856522264727695e-14,2.3528152528691194e-16,-8.419441252572435e-16,0.0
241,873.4534997553027,5.9080621561461255,-21.11979765116604,3.4525586332279736e-14,2.335319625894709e-16,-8.34816504061051e-16,0.0
242,872.3615357962759,5.912848383438885,-21.11513955458002,3.4198617580438255e-14,2.317975201551776e-16,-8.277629780244033e-16,0.0
243,871.262086140882,5.917490430219741,-21.110111169359087,3.3875553325504793e-14,2.3007802796741837e-16,-8.207825268656583e-16,0.0
244,870.1551867672268,5.921988934542022,-21.10471456444511,3.355633215179776e-14,2.283733185858975e-16,-8.138741487302678e-16,0.0
245,869.0408741051032,5.9263445360275115,-21.098951808543404,3.3240893880769514e-14,2.266832270988713e-16,-8.07036859785768e-16,0.0
246,867.9191850323291,5.930557875879759,-21.092824970260498,3.292917954099618e-14,2.2500759107639634e-16,-8.002696938271311e-16,0.0
247,866.7901568710541,5.934629596896572,-21.086336118236368,3.262113133901248e-14,2.2334625052456998e-16,-7.935717018921789e-16,0.0
248,865.653827384026,5.938560343481613,-21.079487321271248,3.23166926309643e-14,2.216990478407379e-16,-7.869419518867623e-16,0.0
249,864.5102347708273,5.9423507616551285,-21.072280648447006,3.2015807895052964e-14,2.2006582776964501e-16,-7.803795282194237e-16,0.0
250,863.35941766407,5.946001499063843,-21.0647181692433,3.171842270474591e-14,2.1844643736050903e-16,-7.738835314452678e-16,0.0
251,862.2014151255645,5.94951320498999,-21.056801953648595,3.142448370272985e-14,2.1684072592499336e-16,-7.674530779187778e-16,0.0
252,861.0362666424497,5.9528865303595,-21.048534072266126,3.113393857558255e-14,2.1524854499605832e-16,-7.610872994553166e-16,0.0
253,859.8640121232903,5.956122127749339,-21.03991659641481,3.0846736029141e-14,2.1366974828766997e-16,-7.547853430010657e-16,0.0
254,858.684691894143,5.959220651394011,-21.030951598225382,3.056282576454398e-14,2.1210419165534648e-16,-7.48546370311163e-16,0.0
255,857.4983466945914,5.962182757191265,-21.02164115073179,3.028215845492824e-14,2.1055173305752288e-16,-7.423695576358075e-16,0.0
256,856.3050176737456,5.965009102706908,-21.011987327957716,3.000468572275762e-14,2.0901223251771292e-16,-7.362540954140981e-16,0.0
257,855.1047463862158,5.967700347178878,-21.00199220499872,2.973036011776599e-14,2.074855520874527e-16,-7.301991879754014e-16,0.0
258,853.8975747880502,5.97025715152044,-20.99165785809974,2.945913509549474e-14,2.059715558100044e-16,-7.242040532480244e-16,0.0
259,852.6835452326469,5.972680178322624,-20.98098636472817,2.919096499640677e-14,2.044701096848057e-16,-7.182679224749964e-16,0.0
260,851.4627004666334,5.974970091855822,-20.96997980364267,2.8925805025559296e-14,2.0298108163264448e-16,-7.123900399367571e-16,0.0
261,850.2350836257202,5.977127558070642,-20.95864025495765,2.86636112328185e-14,2.0150434146154533e-16,-7.065696626805639e-16,0.0
262,849.0007382305223,5.979153244597924,-20.946969800203597,2.8404340493599516e-14,2.0003976083334823e-16,-7.008060602564256e-16,0.0
263,847.7597081823551,5.98104782074802,-20.934970522383313,2.8147950490115928e-14,1.9858721323096623e-16,-6.950985144593911e-16,0.0
264,846.5120377590041,5.982811957509283,-20.922644506024152,2.7894399693123514e-14,1.9714657392630507e-16,-6.894463190780121e-16,0.0
265,845.2577716104621,5.984446327545779,-20.909993837226207,2.764364734414313e-14,1.9571771994882937e-16,-6.838487796488104e-16,0.0
266,843.9969547546472,5.985951605194275,-20.897020603706764,2.7395653438148877e-14,1.9430053005476248e-16,-6.783052132165942e-16,0.0
267,842.7296325730919,5.98732846646046,-20.883726894840954,2.7150378706707332e-14,1.928948846969039e-16,-6.72814948100456e-16,0.0
268,841.4558508066051,5.988577589014428,-20.87011480169857,2.6907784601554545e-14,1.9150066599505091e-16,-6.673773236653003e-16,0.0
269,840.1756555509103,5.989699652185393,-20.85618641707726,2.6667833278597917e-14,1.9011775770700968e-16,-6.619916900987531e-16,0.0
270,838.8890932522646,5.990695336955764,-20.84194383553236,2.6430487582330628e-14,1.887460452001864e-16,-6.56657408193313e-16,0.0
271,837.5962107030459,5.991565325954406,-20.82738915340287,2.6195711030646073e-14,1.8738541542373958e-16,-6.513738491335916e-16,0.0
272,836.2970550373229,5.992310303449248,-20.81252446883425,2.5963467800041044e-14,1.8603575688128583e-16,-6.461403942885205e-16,0.0
273,834.9916737264007,5.992930955339172,-20.797351881797763,2.5733722711196164e-14,1.8469695960414467e-16,-6.409564350083838e-16,0.0
274,833.6801145743455,5.9934279691452215,-20.781873494106517,2.5506441214922648e-14,1.8336891512511083e-16,-6.358213724265538e-16,0.0
275,832.3624257134851,5.993802034001093,-20.766091409428203,2.5281589378464746e-14,1.8205151645274156e-16,-6.307346172658001e-16,0.0
276,831.0386555998938,5.99405384064299,-20.75000773329481,2.5059133872147793e-14,1.8074465804614917e-16,-6.256955896490589e-16,0.0
277,829.7088530088505,5.994184081398781,-20.73362457310907,2.483904195636175e-14,1.794482357902861e-16,-6.207037189145378e-16,0.0
278,828.3730670302828,5.994193450176494,-20.716944038147886,2.4621281468870804e-14,1.7816214697171228e-16,-6.157584434350485e-16,0.0
279,827.0313470641893,5.994082642452205,-20.69996823956291,2.4405820812439676e-14,1.768862902548351e-16,-6.108592104414565e-16,0.0
280,825.6837428160449,5.993852355257215,-20.682699290378025,2.419262894276765e-14,1.7562056565860964e-16,-6.060054758501369e-16,0.0
281,824.3303042921849,5.9935032871646365,-20.665139305483955,2.3981675356721564e-14,1.7436487453369066e-16,-6.011967040943361e-16,0.0
282,822.9710817951759,5.993036138275349,-20.647290401630237,2.377293008085949e-14,1.7311911954002657e-16,-5.964323679593405e-16,0.0
283,821.6061259191681,5.992451610203333,-20.629154697414275,2.3566363660236815e-14,1.7188320462488501e-16,-5.917119484213493e-16,0.0
284,820.2354875452301,5.991750406060385,-20.61073431326776,2.3361947147486824e-14,1.7065703500130092e-16,-5.870349344899601e-16,0.0
285,818.85921783667,5.99093323044025,-20.592031371440463,2.31596520921682e-14,1.6944051712693824e-16,-5.824008230541747e-16,0.0
286,817.4773682343423,5.990000789402155,-20.573047995981433,2.2959450530372018e-14,1.6823355868335656e-16,-5.778091187318347e-16,0.0
287,816.0899904519359,5.988953790453758,-20.553786312717612,2.2761314974580903e-14,1.670360685556731e-16,-5.732593337223985e-16,0.0
288,814.697136471254,5.987792942533528,-20.534248449230112,2.2565218403773666e-14,1.6584795681261251e-16,-5.68750987662981e-16,0.0
289,813.2988585374751,5.986518955992549,-20.51443653482789,2.2371134253768357e-14,1.6466913468693565e-16,-5.64283607487565e-16,0.0
290,811.8952091544071,5.985132542575804,-20.494352700519247,2.2179036407797527e-14,1.6349951455624006e-16,-5.598567272893147e-16,0.0
291,810.4862410797242,5.983634415402864,-20.473999078980835,2.1988899187309035e-14,1.6233900992412287e-16,-5.554698881859034e-16,0.0
292,809.0720073201942,5.982025288948061,-20.45337780452449,2.1800697342986473e-14,1.611875354016995e-16,-5.51122638187789e-16,0.0
293,807.6525611268955,5.980305879020149,-20.432491013061842,2.1614406045983243e-14,1.600450066894708e-16,-5.468145320693582e-16,0.0
294,806.2279559904244,5.978476902741429,-20.411340842066785,2.1430000879364437e-14,1.5891134055953084e-16,-5.425451312428734e-16,0.0
295,804.7982456360885,5.976539078526344,-20.389929430535705,2.1247457829750877e-14,1.5778645483810732e-16,-5.38314003635145e-16,0.0
296,803.363484019097,5.974493126059632,-20.368258918945852,2.1066753279160118e-14,1.5667026838843028e-16,-5.341207235668739e-16,0.0
297,801.9237253197355,5.972339766273897,-20.346331449211412,2.0887863997038792e-14,1.5556270109391849e-16,-5.299648716345841e-16,0.0
298,800.47902393854,5.970079721326791,-20.324149164637905,2.0710767132481592e-14,1.5446367384168097e-16,-5.258460345950983e-16,0.0
299,799.0294344914576,5.96771371457766,-20.301714209874458,2.0535440206631576e-14,1.5337310850632365e-16,-5.217638052524793e-16,0.0
300,797.5750118050036,5.965242470563739,-20.279028730864194,2.036186110525722e-14,1.5229092793405677e-16,-5.177177823473868e-16,0.0
301,796.1158109114101,5.962666714975896,-20.25609487479292,2.0190008071501443e-14,1.512170559270963e-16,-5.137075704487891e-16,0.0
302,794.651887043772,5.959987174633933,-20.232914790035927,2.0019859698798157e-14,1.5015141722835343e-16,-5.097327798479706e-16,0.0
303,793.1832956311835,5.957204577461431,-20.209490626102987,1.9851394923951843e-14,1.4909393750640563e-16,-5.057930264547804e-16,0.0
304,791.7100922938764,5.954319652460194,-20.18582453358186,1.968459302037605e-14,1.4804454334074486e-16,-5.018879316960736e-16,0.0
305,790.2323328383459,5.951333129684234,-20.16191866407985,1.9519433591486445e-14,1.4700316220729513e-16,-4.980171224162808e-16,0.0
306,788.7500732524816,5.948245740213378,-20.137775170163994,1.9355896564244677e-14,1.459697224641962e-16,-4.941802307800708e-16,0.0
307,787.2633697006896,5.945058216126459,-20.113396205299548,1.9193962182848912e-14,1.4494415333784647e-16,-4.903768941770416e-16,0.0
308,785.7722785190163,5.941771290474115,-20.088783923786934,1.9033611002567403e-14,1.4392638490920025e-16,-4.86606755128403e-16,0.0
309,784.2768562102673,5.938385697251211,-20.06394048069731,1.8874823883711362e-14,1.429163481003148e-16,-4.828694611955974e-16,0.0
310,782.777159439129,5.934902171368858,-20.0388680318065,1.8717581985743552e-14,1.4191397466114043e-16,-4.791646648908142e-16,0.0
311,781.2732450272858,5.931321448626117,-20.013568733527705,1.8561866761519163e-14,1.4091919715655144e-16,-4.754920235893563e-16,0.0
312,779.76516994854,5.927644265681279,-19.988044742842714,1.8407659951655577e-14,1.3993194895360999e-16,-4.718511994438108e-16,0.0
313,778.2529913239309,5.923871360022858,-19.962298217231798,1.8254943579027765e-14,1.3895216420906094e-16,-4.682418592999856e-16,0.0
314,776.7367664168585,5.920003469940212,-19.936331314602423,1.8103699943386166e-14,1.3797977785705135e-16,-4.646636746145691e-16,0.0
315,775.2165526282026,5.916041334493837,-19.91014619321653,1.795391161609385e-14,1.3701472559707064e-16,-4.611163213744725e-16,0.0
316,773.6924074914513,5.911985693485335,-19.88374501161672,1.780556143498011e-14,1.3605694388210698e-16,-4.575994800178167e-16,0.0
317,772.1643886678265,5.90783728742708,-19.857129928551224,1.7658632499307444e-14,1.351063699070159e-16,-4.541128353565259e-16,0.0
318,770.6325539414195,5.9035968575115865,-19.83030310289775,1.7513108164849215e-14,1.3416294159709696e-16,-4.506560765004913e-16,0.0
319,769.0969612143219,5.899265145580539,-19.803266693586142,1.7368972039075024e-14,1.332265975968729e-16,-4.472288967832659e-16,0.0
320,767.5576685017712,5.894842894093605,-19.776022859520133,1.7226207976441446e-14,1.3229727725907034e-16,-4.438309936892618e-16,0.0
321,766.0147339272918,5.890330846096883,-19.748573759497813,1.7084800073785128e-14,1.3137492063379408e-16,-4.404620687824061e-16,0.0
322,764.4682157178506,5.88572974519118,-19.7209215521314,1.6944732665816115e-14,1.3045946845789546e-16,-4.371218276362344e-16,0.0
323,762.9181721990117,5.881040335499931,-19.693068395765767,1.680599032070858e-14,1.2955086214452687e-16,-4.338099797653768e-16,0.0
324,761.3646617901042,5.876263361636945,-19.66501644839625,1.66685578357869e-14,1.286490437728825e-16,-4.305262385584154e-16,0.0
325,759.8077429993897,5.87139956867384,-19.636767867585387,1.6532420233304404e-14,1.2775395607811816e-16,-4.272703212120743e-16,0.0
326,758.2474744192479,5.866449702107307,-19.608324810378964,1.6397562756312894e-14,1.2686554244145037e-16,-4.240419486667192e-16,0.0
327,756.6839147213607,5.861414507826094,-19.57968943322106,1.6263970864620415e-14,1.2598374688042765e-16,-4.208408455431305e-16,0.0
328,755.1171226519119,5.856294732077805,-19.55086389186844,1.6131630230835332e-14,1.2510851403937345e-16,-4.176667400805273e-16,0.0
329,753.5471570267949,5.851091121435475,-19.521850341304113,1.6000526736494584e-14,1.2423978917999606e-16,-4.1451936407581104e-16,0.0
330,751.9740767268283,5.845804422763947,-19.492650935650186,1.587064646827401e-14,1.2337751817216227e-16,-4.1139845282400216e-16,0.0
331,750.3979406929844,5.84043538318604,-19.463267828079925,1.574197571427888e-14,1.2252164748483197e-16,-4.083037450598431e-16,0.0
332,748.8188079216309,5.834984750048579,-19.43370317072935,1.561450096041272e-14,1.2167212417715134e-16,-4.0523498290054577e-16,0.0
333,747.2367374597768,5.829453270888181,-19.403959114607954,1.5488208886822353e-14,1.2082889588969933e-16,-4.0219191178965017e-16,0.0
334,745.651788400341,5.823841693396937,-19.37403780950903,1.53630863644177e-14,1.199919108358875e-16,-3.9917428044197925e-16,0.0
335,744.0640198774247,5.818150765387882,-19.343941403919217,1.5239120451464194e-14,1.1916111779350753e-16,-3.961818407896574e-16,0.0
336,742.4734910616019,5.812381234760352,-19.31367204492771,1.5116298390246376e-14,1.1833646609642578e-16,-3.9321434792917666e-16,0.0
337,740.8802611552211,5.806533849465163,-19.283231878134764,1.4994607603800787e-14,1.175179056264204e-16,-3.9027156006948183e-16,0.0
338,739.2843893877256,5.8006093574697,-19.252623047559876,1.4874035692716734e-14,1.1670538680515994e-16,-3.8735323848105723e-16,0.0
339,737.6859350109819,5.794608506722818,-19.221847695549354,1.475457043200308e-14,1.158988605863188e-16,-3.8445914744598866e-16,0.0
340,736.0849572946299,5.788532045119676,-19.190907962683593,1.4636199768019775e-14,1.15098278447829e-16,-3.8158905420898435e-16,0.0
341,734.4815155214443,5.782380720466421,-19.15980598768384,1.4518911815472403e-14,1.1430359238426414e-16,-3.7874272892932994e-16,0.0
342,732.8756689827155,5.7761552804448035,-19.128543907318694,1.4402694854468474e-14,1.135147548993543e-16,-3.759199446337613e-16,0.0
343,731.2674769736465,5.769856472576666,-19.097123856310166,1.4287537327633845e-14,1.127317189986281e-16,-3.731204771702316e-16,0.0
344,729.656998788763,5.763485044188349,-19.06554796723946,1.4173427837287977e-14,1.1195443818218074e-16,-3.7034410516255654e-16,0.0
345,728.0442937173492,5.75704174237503,-19.033818370452472,1.4060355142676718e-14,1.1118286643756488e-16,-3.6759060996591757e-16,0.0
346,726.4294210388949,5.7505273139649775,-19.001937193965023,1.3948308157261163e-14,1.1041695823280284e-16,-3.6485977562320595e-16,0.0
347,724.812440018565,5.74394250548374,-18.969906563367836,1.3837275946061407e-14,1.0965666850951685e-16,-3.6215138882218804e-16,0.0
348,723.1934099026856,5.737288063118275,-18.93772860173131,1.3727247723053886e-14,1.0890195267617595e-16,-3.5946523885347584e-16,0.0
349,721.5723899142538,5.730564732681045,-18.905405429510132,1.3618212848621132e-14,1.0815276660145744e-16,-3.568011175692864e-16,0.0
350,719.9494392484622,5.723773259574038,-18.872939164447708,1.3510160827052663e-14,1.0740906660771995e-16,-3.54158819342971e-16,0.0
351,718.3246170682496,5.71691438875278,-18.84033192148043,1.3403081304095965e-14,1.066708094645869e-16,-3.5153814102930076e-16,0.0
352,716.6979824998675,5.709988864690303,-18.807585812641893,1.3296964064556328e-14,1.0593795238263806e-16,-3.4893888192549066e-16,0.0
353,715.0695946284733,5.7029974313411085,-18.774702946967004,1.3191799029944505e-14,1.0521045300720713e-16,-3.4636084373294864e-16,0.0
354,713.4395124937402,5.695940832105093,-18.741685430395993,1.3087576256171082e-14,1.0448826941228327e-16,-3.43803830519732e-16,0.0
355,711.8077950854937,5.688819809791475,-18.70853536567843,1.2984285931286519e-14,1.03771360094515e-16,-3.4126764868369905e-16,0.0
356,710.1745013393684,5.681635106582749,-18.675254852277224,1.2881918373265862e-14,1.0305968396731476e-16,-3.3875210691634035e-16,0.0
357,708.5396901324899,5.6743874639986,-18.64184598627262,1.2780464027837105e-14,1.0235320035506148e-16,-3.362570161672751e-16,0.0
358,706.9034202791789,5.667077622859868,-18.608310860266243,1.2679913466352234e-14,1.0165186898740026e-16,-3.337821896094002e-16,0.0
359,705.2657505266789,5.659706323252508,-18.574651563285133,1.2580257383699988e-14,1.0095564999363668e-16,-3.3132744260467654e-16,0.0
360,703.626739550911,5.652274304491617,-18.540870180685992,1.2481486596259502e-14,1.0026450389722511e-16,-3.288925926705426e-16,0.0
361,701.9864459522513,5.644782305085434,-18.50696879405939,1.2383592039893813e-14,9.957839161034764e-17,-3.2647745944693913e-16,0.0
362,700.3449282513342,5.637231062699443,-18.472949481134172,1.2286564767982397e-14,9.889727442858367e-17,-3.2408186466393455e-16,0.0
363,698.7022448848816,5.629621314120487,-18.438814315682,1.2190395949491935e-14,9.822111402566758e-17,-3.2170563210993836e-16,0.0
364,697.0584542015589,5.621953795220948,-18.40456536742204,1.2095076867084394e-14,9.754987244833295e-17,-3.1934858760049034e-16,0.0
365,695.413614457856,5.614229240922987,-18.370204701925843,1.2000598915261622e-14,9.688351211124231e-17,-3.170105589476136e-16,0.0
366,693.7677838139969,5.6064483851628495,-18.335734380522446,1.1906953598545728e-14,9.622199579200014e-17,-3.1469137592972162e-16,0.0
367,692.1210203298739,5.598611960855239,-18.301156460203636,1.1814132529694354e-14,9.556528662624824e-17,-3.1239087026206514e-16,0.0
368,690.4733819610148,5.590720699857808,-18.26647299352964,1.1722127427950244e-14,9.491334810284202e-17,-3.1010887556771285e-16,0.0
369,688.8249265545708,5.582775332935665,-18.231686028534803,1.1630930117324157e-14,9.426614405910532e-17,-3.078452273490485e-16,0.0
370,687.1757118453396,5.574776589726043,-18.196797608633812,1.1540532524910629e-14,9.362363867616384e-17,-3.055997629597809e-16,0.0
371,685.5257954518123,5.566725198703029,-18.161809772528066,1.1450926679235706e-14,9.298579647435451e-17,-3.0337232157745144e-16,0.0
372,683.8752348722522,5.558621887142401,-18.126724554112425,1.1362104708636051e-14,9.235258230871003e-17,-3.011627441764321e-16,0.0
373,682.2240874808032,5.550467381086598,-18.09154398238235,1.1274058839668754e-14,9.172396136451757e-17,-2.9897087350140374e-16,0.0
374,680.572410523625,5.54226240530978,-18.056270081341278,1.1186781395551119e-14,9.109989915294931e-17,-2.96796554041303e-16,0.0
375,678.9202611150635,5.53400768328303,-18.02090486990855,1.11002647946299e-14,9.048036150676465e-17,-2.9463963200373264e-16,0.0
376,677.2676962338451,5.525703937139663,-17.98545036182753,1.1014501548879227e-14,8.986531457608204e-17,-2.9249995528982107e-16,0.0
377,675.6147727193086,5.517351887640695,-17.94990856557435,1.0929484262426767e-14,8.925472482421965e-17,-2.90377373469527e-16,0.0
378,673.9615472676634,5.508952254140433,-17.91428148426693,1.084520563010739e-14,8.864855902360353e-17,-2.8827173775737754e-16,0.0
379,672.3080764282813,5.500505754552225,-17.878571115574545,1.0761658436043843e-14,8.804678425174213e-17,-2.861829009886321e-16,0.0
380,670.6544166000199,5.4920131053143395,-17.842779451627795,1.067883555225382e-14,8.744936788726567e-17,-2.8411071759586343e-16,0.0
381,669.0006240275761,5.483475021356025,-17.806908478929092,1.0596729937282899e-14,8.685627760602987e-17,-2.8205504358594824e-16,0.0
382,667.3467547978754,5.474892216063707,-17.770960178263614,1.0515334634862799e-14,8.626748137728222e-17,-2.8001573651745865e-16,0.0
383,665.6928648364919,5.46626540124739,-17.734936524610895,1.0434642772594454e-14,8.568294745989062e-17,-2.779926554784488e-16,0.0
384,664.039009904099,5.457595287107174,-17.698839487056695,1.0354647560655285e-14,8.510264439863179e-17,-2.759856610646238e-16,0.0
385,662.3852455929592,5.4488825822000075,-17.662671028705724,1.0275342290530352e-14,8.452654102054035e-17,-2.739946153578912e-16,0.0
386,660.7316273234405,5.440127993406584,-17.62643310659468,1.019672033376668e-14,8.395460643131574e-17,-2.7201938190528002e-16,0.0
387,659.0782103405726,5.431332225898448,-17.590127671606,1.0118775140750464e-14,8.338681001178728e-17,-2.7005982569822584e-16,0.0
388,657.4250497106314,5.422495983105265,-17.55375666838215,1.0041500239506541e-14,8.282312141443528e-17,-2.6811581315221133e-16,0.0
389,655.7722003177636,5.4136199666823295,-17.51732203524052,9.964889234519786e-15,8.226351055996847e-17,-2.6618721208675803e-16,0.0
390,654.1197168606411,5.404704876478235,-17.480825704088996,9.888935805577878e-15,8.170794763395537e-17,-2.6427389170576053e-16,0.0
391,652.4676538491526,5.3957514105027835,-17.444269600342064,9.813633706635084e-15,8.115640308351e-17,-2.623757225781576e-16,0.0
392,650.8160656011307,5.3867602648950825,-17.40765564283769,9.738976764696598e-15,8.060884761402998e-17,-2.6049257661893417e-16,0.0
393,649.1650062391103,5.377732133891862,-17.370985743754673,9.664958878722954e-15,8.006525218598651e-17,-2.586243270704456e-16,0.0
394,647.5145296871287,5.368667709796033,-17.334261808530933,9.591574018554273e-15,7.95255880117658e-17,-2.5677084848406274e-16,0.0
395,645.8646896675547,5.359567682945431,-17.297485735782214,9.518816223853717e-15,7.898982655255984e-17,-2.549320167021252e-16,0.0
396,644.2155396979601,5.350432741681838,-17.260659417221706,9.446679603069991e-15,7.845793951530738e-17,-2.5310770884020403e-16,0.0
397,642.5671330880215,5.3412635723201864,-17.223784737580196,9.375158332418292e-15,7.792989884968235e-17,-2.512978032696614e-16,0.0
398,640.9195229364612,5.332060859118042,-17.18686357452711,9.30424665487951e-15,7.740567674513053e-17,-2.4950217960050714e-16,0.0
399,639.272762128027,5.32282528424531,-17.14989779859216,9.233938879217235e-15,7.688524562795296e-17,-2.477207186645429e-16,0.0
400,637.6269033305025,5.313557527754189,-17.112889273087827,9.164229379012183e-15,7.636857815843488e-17,-2.459533024987901e-16,0.0
401,635.9819989917596,5.3042582675493595,-17.07583985403248,9.095112591713745e-15,7.585564722802003e-17,-2.4419981432919537e-16,0.0
402,634.3381013368459,5.294928179358464,-17.038751390074452,9.026583017708331e-15,7.534642595652987e-17,-2.4246013855461057e-16,0.0
403,632.6952623651104,5.2855679367028126,-17.001625722416716,8.95863521940412e-15,7.484088768942574e-17,-2.4073416073103904e-16,0.0
404,631.0535338473643,5.276178210868353,-16.96446468474245,8.891263820331902e-15,7.433900599511432e-17,-2.390217675561453e-16,0.0
405,629.412967323082,5.266759670876915,-16.92727010314136,8.82446350426174e-15,7.384075466229519e-17,-2.3732284685402277e-16,0.0
406,627.7736140976382,5.2573129834577195,-16.89004379603685,8.758229014335083e-15,7.334610769734988e-17,-2.356372875602143e-16,0.0
407,626.1355252395833,5.2478388130191576,-16.852787574113943,8.692555152212041e-15,7.285503932177168e-17,-2.339649797069814e-16,0.0
408,624.4987515779566,5.23833782162085,-16.815503240248155,8.627436777233565e-15,7.23675239696356e-17,-2.323058144088177e-16,0.0
409,622.8633436996382,5.228810668945974,-16.778192589435054,8.562868805598164e-15,7.188353628510753e-17,-2.306596838482007e-16,0.0
410,621.2293519467381,5.219258012273888,-16.74085740872078,8.498846209552925e-15,7.140305111999235e-17,-2.2902648126157923e-16,0.0
411,619.596826414024,5.209680506453019,-16.703499477133363,8.435364016598556e-15,7.092604353131992e-17,-2.2740610092559125e-16,0.0
412,617.9658169463887,5.2000788038740735,-16.666120565614957,8.372417308708165e-15,7.045248877896881e-17,-2.2579843814350833e-16,0.0
413,616.3363731363537,5.1904535544434935,-16.62872243695486,8.310001221559478e-15,6.998236232332634e-17,-2.242033892319015e-16,0.0
414,614.7085443216147,5.180805405557254,-16.591306845723544,8.248110943780324e-15,6.951563982298543e-17,-2.226208515075262e-16,0.0
415,613.0823795826224,5.171135002074913,-16.55387553820743,8.186741716207004e-15,6.905229713247634e-17,-2.2105072327442042e-16,0.0
416,611.4579277402038,5.1614429862939994,-16.516430252344644,8.1258888311554e-15,6.859231030003394e-17,-2.1949290381121355e-16,0.0
417,609.8352373532239,5.151729997924678,-16.478972717661687,8.065547631704543e-15,6.813565556539905e-17,-2.1794729335864173e-16,0.0
418,608.2143567162842,5.141996674064743,-16.44150465521098,8.00571351099238e-15,6.768230935765387e-17,-2.1641379310726575e-16,0.0
419,606.5953338574601,5.132243649174883,-16.40402777750929,7.946381911523503e-15,6.723224829309012e-17,-2.1489230518538683e-16,0.0
420,604.9782165360789,5.122471555054287,-16.36654378847716,7.887548324488664e-15,6.67854491731104e-17,-2.133827326471593e-16,0.0
421,603.3630522405379,5.112681020816578,-16.329054383379255,7.829208289095803e-15,6.634188898216163e-17,-2.1188497946089457e-16,0.0
422,601.7498881861576,5.102872672866003,-16.291561248765543,7.77135739191235e-15,6.590154488569955e-17,-2.1039895049755212e-16,0.0
423,600.1387713130795,5.093047134874,-16.25406606241357,7.713991266218656e-15,6.546439422818498e-17,-2.0892455151941737e-16,0.0
424,598.529748284199,5.083205027756053,-16.216570493271554,7.657105591372261e-15,6.503041453111014e-17,-2.074616891689595e-16,0.0
425,596.9228654831397,5.0733469696488775,-16.17907620140253,7.600696092182868e-15,6.459958349105524e-17,-2.0601027095786878e-16,0.0
426,595.3181690122667,5.063473575887929,-16.141584837929344,7.54475853829774e-15,6.417187897777441e-17,-2.045702052562675e-16,0.0
427,593.7157046907408,5.053585458985242,-16.104098044980738,7.489288743597419e-15,6.374727903231091e-17,-2.0314140128209473e-16,0.0
428,592.1155180526075,5.043683228607578,-16.066617455638262,7.434282565601446e-15,6.33257618651405e-17,-2.0172376909065776e-16,0.0
429,590.517654344932,5.033767491554948,-16.029144693884316,7.37973590488405e-15,6.290730585434357e-17,-2.0031721956435184e-16,0.0
430,588.9221585259679,5.023838851739398,-15.991681374551005,7.32564470449945e-15,6.249188954380383e-17,-1.9892166440253998e-16,0.0
431,587.3290752633687,5.013897910164191,-15.954229103270075,7.272004949416723e-15,6.20794916414352e-17,-1.975370161115951e-16,0.0
432,585.7384489324386,5.003945264903295,-15.916789476423848,7.21881266596401e-15,6.167009101743473e-17,-1.961631879950981e-16,0.0
433,584.150323614419,4.9939815110811905,-15.879364081097005,7.166063921281824e-15,6.126366670256185e-17,-1.9480009414418981e-16,0.0
434,582.5647430948206,4.984007240853065,-15.841954495029576,7.113754822785436e-15,6.086019788644371e-17,-1.9344764942807609e-16,0.0
435,580.9817508617904,4.974023043385304,-15.804562286570732,7.061881517636011e-15,6.045966391590569e-17,-1.9210576948468017e-16,0.0
436,579.4013901045176,4.964029504836325,-15.767189014633642,7.010440192220413e-15,6.006204429332664e-17,-1.9077437071144162e-16,0.0
437,577.8237037116829,4.954027208337779,-15.729836228651367,6.9594270716395426e-15,5.966731867501911e-17,-1.894533702562597e-16,0.0
438,576.2487342699424,4.944016733976066,-15.692505468533685,6.908838419204963e-15,5.92754668696333e-17,-1.8814268600857666e-16,0.0
439,574.6765240624546,4.933998658774224,-15.655198264624996,6.858670535943752e-15,5.888646883658508e-17,-1.8684223659060077e-16,0.0
440,573.1071150674435,4.92397355667413,-15.617916137663128,6.808919760111346e-15,5.850030468450695e-17,-1.855519413486641e-16,0.0
441,571.5405489568031,4.913941998519076,-15.580660598739295,6.759582466712307e-15,5.811695466972238e-17,-1.8427172034471587e-16,0.0
442,569.9768670947392,4.903904552036669,-15.5434331492589,6.710655067028786e-15,5.773639919474224e-17,-1.8300149434794522e-16,0.0
443,568.4161105364507,4.893861781822093,-15.506235280903454,6.662134008156614e-15,5.735861880678366e-17,-1.8174118482653427e-16,0.0
444,566.858320026851,4.883814249321715,-15.46906847559351,6.614015772548839e-15,5.698359419631086e-17,-1.8049071393953808e-16,0.0
445,565.303535999326,4.873762512817046,-15.43193420545254,6.566296877566569e-15,5.661130619559705e-17,-1.7925000452888833e-16,0.0
446,563.7517985745333,4.863707127409035,-15.394833932771906,6.5189738750370295e-15,5.624173577730772e-17,-1.780189801115203e-16,0.0
447,562.2031475592363,4.853648645002723,-15.357769109976722,6.472043350818621e-15,5.587486405310433e-17,-1.7679756487161898e-16,0.0
448,560.6576224451821,4.843587614292263,-15.320741179592908,6.4255019243729735e-15,5.5510672272269e-17,-1.755856836529851e-16,0.0
449,559.1152624080128,4.833524580746259,-15.283751574215094,6.379346248343736e-15,5.5149141820348506e-17,-1.743832619515153e-16,0.0
450,557.5761063062176,4.823460086593482,-15.246801716475616,6.333573008142067e-15,5.479025421781853e-17,-1.7319022590779775e-16,0.0
451,556.0401926801225,4.813394670808924,-15.209893019014496,6.288178921538678e-15,5.4433991118767004e-17,-1.7200650229981895e-16,0.0
452,554.507559750919,4.8033288691002225,-15.173026884450513,6.243160738262322e-15,5.4080334309596877e-17,-1.7083201853578178e-16,0.0
453,552.9782454197286,4.793263213894396,-15.136204705353125,6.198515239604561e-15,5.372926570774704e-17,-1.6966670264703024e-16,0.0
454,551.4522872667068,4.783198234324981,-15.099427864215556,6.154239238030777e-15,5.338076736043225e-17,-1.685104832810817e-16,0.0
455,549.9297225501856,4.773134456219498,-15.062697733428875,6.1103295767972785e-15,5.303482144340109e-17,-1.6736328969476378e-16,0.0
456,548.4105882058496,4.76307240208725,-15.026015675256934,6.066783129574327e-15,5.269141025971126e-17,-1.6622505174745238e-16,0.0
457,546.8949208459547,4.753012591107511,-14.989383041812522,6.023596800075124e-15,5.235051623852313e-17,-1.6509569989441252e-16,0.0
458,545.3827567585793,4.7429555391180305,-14.952801175034375,5.980767521690492e-15,5.2012121933909877e-17,-1.6397516518023695e-16,0.0
459,543.8741319069162,4.732901758603928,-14.916271406665286,5.93829225712928e-15,5.1676210023685186e-17,-1.628633792323833e-16,0.0
460,542.3690819285982,4.722851758686889,-14.8797950582311,5.896167998064275e-15,5.134276330824694e-17,-1.6176027425480554e-16,0.0
461,540.8676421350647,4.71280604511476,-14.843373441020862,5.854391764783639e-15,5.1011764709437943e-17,-1.606657830216814e-16,0.0
462,539.3698475109584,4.7027651202514535,-14.807007856067818,5.812960605847652e-15,5.068319726942224e-17,-1.5957983887123052e-16,0.0
463,537.8757327135654,4.692729483067237,-14.770699594131502,5.771871597750775e-15,5.0357044149577686e-17,-1.585023756996248e-16,0.0
464,536.3853320722867,4.682699629129341,-14.734449935680788,5.7311218445888595e-15,5.003328862940378e-17,-1.5743332795498728e-16,0.0
465,534.8986795881474,4.672676050592934,-14.698260150877903,5.690708477731455e-15,4.9711914105445026e-17,-1.563726306314792e-16,0.0
466,533.4158089333417,4.662659236192439,-14.66213149956349,5.650628655499115e-15,4.9392904090229275e-17,-1.5532021926347342e-16,0.0
467,531.936753450813,4.652649671233192,-14.62606523124257,5.610879562845589e-15,4.9076242211220856e-17,-1.542760299198122e-16,0.0
468,530.4615461538705,4.642647837583461,-14.590062585071575,5.571458411044863e-15,4.8761912209788344e-17,-1.53239999198149e-16,0.0
469,528.9902197258392,4.632654213666788,-14.554124789846274,5.532362437382909e-15,4.844989794018661e-17,-1.5221206421937163e-16,0.0
470,527.522806519747,4.622669274454695,-14.518253063990723,5.4935889048541006e-15,4.8140183368552893e-17,-1.5119216262210628e-16,0.0
471,526.0593385580445,4.6126934914597175,-14.482448615547161,5.455135101862188e-15,4.7832752571916815e-17,-1.5018023255730045e-16,0.0
472,524.5998475323614,4.602727332728798,-14.446712642166888,5.416998341925774e-15,4.7527589737224e-17,-1.4917621268288414e-16,0.0
473,523.1443648032956,4.592771262836995,-14.411046331102058,5.379175963388181e-15,4.722467916037296e-17,-1.4818004215850684e-16,0.0
474,521.6929214002371,4.582825742881558,-14.375450859198514,5.34166532913167e-15,4.69240052452653e-17,-1.4719166064035055e-16,0.0
475,520.2455480212255,4.57289123047632,-14.339927392889454,5.304463826295897e-15,4.6625552502868735e-17,-1.462110082760157e-16,0.0
476,518.8022750328425,4.562968179746441,-14.30447708819016,5.267568866000574e-15,4.632930555029292e-17,-1.4523802569948068e-16,0.0
477,517.3631324701352,4.5530570413234805,-14.269101090693592,5.230977883072215e-15,4.6035249109877726e-17,-1.4427265402613215e-16,0.0
478,515.9281500365751,4.543158262340803,-14.233800535566953,5.194688335774937e-15,4.5743368008293855e-17,-1.4331483484786583e-16,0.0
479,514.4973571040474,4.533272286429309,-14.198576547549134,5.1586977055452074e-15,4.54536471756554e-17,-1.4236451022825576e-16,0.0
480,513.0707827128782,4.5233995537135385,-14.163430240949223,5.1230034967305376e-15,4.5166071644644734e-17,-1.4142162269779281e-16,0.0
481,511.64845557188545,4.51354050080803,-14.128362719645693,5.087603236331923e-15,4.488062654964836e-17,-1.4048611524918758e-16,0.0
482,510.2304040584709,4.503695560814081,-14.093375077086788,5.052494473750141e-15,4.459729712590498e-17,-1.3955793133274135e-16,0.0
483,508.8166562187382,4.493865163316786,-14.058468396291572,5.017674780535673e-15,4.431606870866437e-17,-1.386370148517795e-16,0.0
484,507.40723976764605,4.484049734382439,-14.02364374985207,4.983141750142314e-15,4.4036926732357704e-17,-1.3772331015814977e-16,0.0
485,506.00218208918903,4.474249696556203,-13.988902199936144,4.948892997684311e-15,4.375985672977838e-17,-1.3681676204778119e-16,0.0
486,504.6015102366133,4.464465468860161,-13.954244798291377,4.9149261596970375e-15,4.3484844331274016e-17,-1.359173157563059e-16,0.0
487,503.20525093266144,4.45469746679165,-13.919672586249822,4.881238893901124e-15,4.321187526394878e-17,-1.350249169547403e-16,0.0
488,501.8134305698472,4.444946102321923,-13.88518659473357,4.847828878969952e-15,4.2940935350876067e-17,-1.3413951174522534e-16,0.0
489,500.42607521076127,4.435211783895124,-13.850787844261257,4.814693814300501e-15,4.2672010510321503e-17,-1.3326104665682533e-16,0.0
490,499.0432105884076,4.425494916427579,-13.816477344955397,4.781831419787468e-15,4.2405086754975854e-17,-1.3238946864138375e-16,0.0
491,497.6648621065676,4.415795901307385,-13.782256096550572,4.749239435600596e-15,4.2140150191197817e-17,-1.3152472506943527e-16,0.0
492,496.29105484019567,4.406115136394339,-13.748125088402514,4.7169156219651765e-15,4.1877187018266604e-17,-1.3066676372617335e-16,0.0
493,494.92181353584294,4.396453016020144,-13.714085299497993,4.684857758945663e-15,4.1616183527643963e-17,-1.2981553280747212e-16,0.0
494,493.5571626121094,4.3868099309889175,-13.680137698465524,4.653063646232326e-15,4.135712610224546e-17,-1.2897098091596116e-16,0.0
495,492.19712616012487,4.3771862685780425,-13.646283243586977,4.6215311029309336e-15,4.110000121572121e-17,-1.2813305705715387e-16,0.0
496,490.84172794405913,4.367582412539268,-13.612522882809944,4.590257967355372e-15,4.08447954317455e-17,-1.2730171063562678e-16,0.0
497,489.49099140165816,4.357998743100138,-13.578857553760924,4.5592420968231695e-15,4.0591495403315214e-17,-1.2647689145124966e-16,0.0
498,488.1449396448087,4.348435636965714,-13.54528818375937,4.528481367453879e-15,4.0340087872057275e-17,-1.2565854969546613e-16,0.0
499,486.803595460131,4.338893467320575,-13.511815689832465,4.497973673970271e-15,4.0090559667544413e-17,-1.2484663594762295e-16,0.0
500,485.4669813095975,4.329372603831129,-13.478440978730752,4.467716929502272e-15,3.984289770661954e-17,-1.2404110117134772e-16,0.0
501,484.1351193311775,4.319873412648199,-13.445164946944507,4.437709065393622e-15,3.959708899272835e-17,-1.2324189671097428e-16,0.0
502,482.80803133950997,4.310396256409887,-13.411988480720877,4.4079480310112e-15,3.9353120615260095e-17,-1.224489742880144e-16,0.0
503,481.48573882660105,4.300941494244751,-13.378912456081874,4.378431793556968e-15,3.9110979748896426e-17,-1.216622859976759e-16,0.0
504,480.16826296254726,4.29150948177523,-13.345937738843013,4.349158337882486e-15,3.887065365296811e-17,-1.208817843054258e-16,0.0
505,478.8556245962845,4.282100571121366,-13.313065184632746,4.320125666305969e-15,3.863212967081937e-17,-1.2010742204359734e-16,0.0
506,477.547844256362,4.2727151109047945,-13.280295638912712,4.291331798431836e-15,3.8395395229180076e-17,-1.1933915240804173e-16,0.0
507,476.24494215174036,4.263353446253007,-13.247629936998583,4.262774770972691e-15,3.81604378375452e-17,-1.1857692895482173e-16,0.0
508,474.9469381726151,4.254015918803892,-13.215068904081761,4.234452637573742e-15,3.7927245087561783e-17,-1.178207055969484e-16,0.0
509,473.65385189126266,4.244702866710527,-13.18261335525171,4.206363468639552e-15,3.769580465242302e-17,-1.170704366011587e-16,0.0
510,472.3657025629116,4.23541462464625,-13.150264095519066,4.1785053511631535e-15,3.746610428626956e-17,-1.1632607658473437e-16,0.0
511,471.0825091266361,4.226151523809988,-13.118021919839377,4.150876388557424e-15,3.723813182359773e-17,-1.1558758051236083e-16,0.0
512,469.8042902062729,4.216913891931835,-13.08588761313758,4.12347470048873e-15,3.7011875178674595e-17,-1.1485490369302547e-16,0.0
513,468.5310641113609,4.2077020532789025,-13.053861950333154,4.096298422712778e-15,3.678732234495986e-17,-1.1412800177695507e-16,0.0
514,467.2628488381031,4.198516328661411,-13.021945696365945,4.069345706912646e-15,3.6564461394534344e-17,-1.134068307525912e-16,0.0
515,465.99966207034953,4.189357035439027,-12.990139606222623,4.042614720538948e-15,3.634328047753495e-17,-1.1269134694360316e-16,0.0
516,464.74152118060425,4.180224487527463,-12.958444424963867,4.016103646652119e-15,3.612376782159609e-17,-1.1198150700593819e-16,0.0
517,463.4884432310505,4.17111899540531,-12.92686088775211,3.989810683766755e-15,3.590591173129743e-17,-1.1127726792490765e-16,0.0
518,462.240444974599,4.162040866121104,-12.895389719879978,3.963734045697995e-15,3.568970058761765e-17,-1.1057858701230916e-16,0.0
519,460.9975428559568,4.152990403300662,-12.864031636799384,3.937871961409919e-15,3.547512284739465e-17,-1.0988542190358417e-16,0.0
520,459.75975301271444,4.143967907154599,-12.832787344151116,3.912222674865887e-15,3.52621670427912e-17,-1.0919773055500923e-16,0.0
521,458.5270912764548,4.134973674486133,-12.801657537795165,3.8867844448808445e-15,3.505082178076698e-17,-1.0851547124092226e-16,0.0
522,457.29957317388136,4.126007998699084,-12.770642903841614,3.8615555449755165e-15,3.4841075742556114e-17,-1.0783860255098182e-16,0.0
523,456.07721392796486,4.117071169806104,-12.73974411868207,3.836534263232486e-15,3.463291768315038e-17,-1.0716708338745929e-16,0.0
524,454.86002845910883,4.108163474437138,-12.708961849021732,3.811718902154105e-15,3.4426336430788085e-17,-1.0650087296256339e-16,0.0
525,453.6480313863347,4.099285195848103,-12.678296751912008,3.787107778522233e-15,3.422132088644843e-17,-1.0583993079579681e-16,0.0
526,452.4412370284829,4.0904366139297625,-12.64774947478368,3.762699223259741e-15,3.4017860023351046e-17,-1.0518421671134366e-16,0.0
527,451.2396594054347,4.081618005216852,-12.61732065548066,3.738491581293796e-15,3.3815942886461186e-17,-1.0453369083548834e-16,0.0
528,450.0433122393477,4.072829642897366,-12.587010922294217,3.714483211420842e-15,3.36155585919997e-17,-1.0388831359406405e-16,0.0
529,448.8522089559126,4.064071796822104,-12.55682089399784,3.690672486173307e-15,3.3416696326958496e-17,-1.0324804570993182e-16,0.0
530,447.6663626856221,4.055344733514365,-12.526751179882488,3.667057791687957e-15,3.321934534862071e-17,-1.0261284820048811e-16,0.0
531,446.4857862650611,4.046648716179895,-12.496802379792513,3.64363752757592e-15,3.3023494984086103e-17,-1.0198268237520204e-16,0.0
532,445.31049223820725,4.03798400471698,-12.466975084161911,3.620410106794292e-15,3.2829134629800967e-17,-1.0135750983318018e-16,0.0
533,444.14049285775263,4.02935085572677,-12.437269874051202,3.597373955519369e-15,3.26362537510931e-17,-1.0073729246075987e-16,0.0
534,442.97580008643644,4.020749522523779,-12.407687321184742,3.574527513021424e-15,3.244484188171134e-17,-1.001219924291299e-16,0.0
535,441.81642559839526,4.01218025514656,-12.378227987988485,3.5518692315410276e-15,3.2254888623369596e-17,-9.951157219197781e-17,0.0
536,440.6623807805256,4.003643300368586,-12.348892427628245,3.529397576166886e-15,3.2066383645295627e-17,-9.890599448316436e-17,0.0
537,439.5136767338632,3.995138901709292,-12.319681184048381,3.5071110247151712e-15,3.187931668378406e-17,-9.83052223144236e-17,0.0
538,438.3703242749732,3.9866672994452927,-12.290594792010943,3.4850080676103105e-15,3.1693677541753817e-17,-9.770921897308902e-17,0.0
539,437.2323339373568,3.978228730621797,-12.261633777135254,3.4630872077672343e-15,3.150945608830997e-17,-9.711794801984499e-17,0.0
540,436.09971597286824,3.9698234290641525,-12.232798655937877,3.4413469604750264e-15,3.13266422583096e-17,-9.653137328650283e-17,0.0
541,434.9724803531457,3.961451625389595,-12.204089935873046,3.4197858532819843e-15,3.114522605193196e-17,-9.594945887380172e-17,0.0
542,433.85063677105654,3.9531135470191376,-12.175508115373475,3.3984024258820602e-15,3.096519753425267e-17,-9.537216914923364e-17,0.0
543,432.7341946421493,3.944809418189615,-12.147053683891519,3.3771952300026307e-15,3.0786546834821794e-17,-9.47994687448917e-17,0.0
544,431.6231631061234,3.936539459965907,-12.118727121940788,3.3561628292936303e-15,3.060926414724605e-17,-9.423132255534233e-17,0.0
545,430.5175510283063,3.928303890253291,-12.090528901138107,3.335303799217978e-15,3.0433339728774754e-17,-9.366769573552021e-17,0.0
546,429.4173670011423,3.920102923809955,-12.062459484245785,3.314616726943292e-15,3.025876389988955e-17,-9.310855369864555e-17,0.0
547,428.32261934569266,3.9119367722596516,-12.03451932521432,3.294100211234889e-15,3.008552704389796e-17,-9.255386211416412e-17,0.0
548,427.233316113146,3.9038056441044935,-12.006708869225383,3.273752862350019e-15,2.9913619606530494e-17,-9.200358690570873e-17,0.0
549,426.1494650863373,3.8957097447378963,-11.979028552735164,3.253573301933342e-15,2.97430320955415e-17,-9.145769424908257e-17,0.0
550,425.07107378127705,3.887649276457637,-11.95147880351801,3.233560162913601e-15,2.957375508031336e-17,-9.091615057026343e-17,0.0
551,423.99814944869115,3.8796244384790706,-11.92406004071042,3.213712089401512e-15,2.940577919146442e-17,-9.03789225434292e-17,0.0
552,422.9306990755664,3.871635426948447,-11.8967726748553,3.194027736588799e-15,2.923909512046006e-17,-8.984597708900345e-17,0.0
553,421.86872938670774,3.8636824349563796,-11.869617107946516,3.174505770648406e-15,2.907369361922744e-17,-8.931728137172161e-17,0.0
554,420.81224684630064,3.8557656525514012,-11.842593733473715,3.1551448686358313e-15,2.890956549977316e-17,-8.879280279871664e-17,0.0
555,419.76125765948433,3.8478852667536785,-11.815702936467499,3.1359437183915978e-15,2.874670163380461e-17,-8.827250901762493e-17,0.0
556,418.71576777392943,3.8400414615688105,-11.788945093544733,3.1169010184448077e-15,2.858509295235417e-17,-8.775636791471067e-17,0.0
557,417.6757828814247,3.8322344180017427,-11.762320572954184,3.098015477917797e-15,2.8424730445406675e-17,-8.724434761300973e-17,0.0
558,416.6413084194698,3.8244643140708074,-11.7358297346224,3.079285816431848e-15,2.8265605161530035e-17,-8.673641647049214e-17,0.0
559,415.6123495728747,3.816731324821837,-11.70947293019979,3.060710764013965e-15,2.810770820750873e-17,-8.623254307824285e-17,0.0
560,414.5889112753636,3.809035622342404,-11.683250503106914,3.0422890610046693e-15,2.7951030747980404e-17,-8.573269625866041e-17,0.0
561,413.5709982111883,3.80137737577615,-11.657162788581063,3.0240194579668387e-15,2.7795564005075376e-17,-8.523684506367413e-17,0.0
562,412.5586148167419,3.7937567513372064,-11.63121011372294,3.005900715595525e-15,2.7641299258059014e-17,-8.474495877297797e-17,0.0
563,411.551765282182,3.786173912324702,-11.605392797543596,2.987931604628781e-15,2.7488227842976913e-17,-8.425700689228225e-17,0.0
564,410.5504535530556,3.778629019137363,-11.579711151011512,2.9701109057594497e-15,2.73363411523029e-17,-8.377295915158203e-17,0.0
565,409.5546833319297,3.7711222292881996,-11.554165477099897,2.9524374095479164e-15,2.718563063458976e-17,-8.329278550344262e-17,0.0
566,408.56445808002655,3.7636536974192696,-11.528756070834115,2.934909916335814e-15,2.7036087794122708e-17,-8.281645612130128e-17,0.0
567,407.5797810188603,3.756223575316509,-11.503483219339234,2.91752723616064e-15,2.6887704190575397e-17,-8.234394139778506e-17,0.0
568,406.6006551318793,3.748832011924653,-11.478347201887809,2.9002881886713085e-15,2.674047143866862e-17,-8.187521194304503e-17,0.0
569,405.62708316611037,3.741479153362211,-11.453348289947698,2.8831916030445932e-15,2.6594381207831525e-17,-8.141023858310582e-17,0.0
570,404.6590676338065,3.7341651429365323,-11.428486747230094,2.8662363179024714e-15,2.6449425221865455e-17,-8.094899235823123e-17,0.0
571,403.6966108140957,3.7268901211589003,-11.403762829737587,2.8494211812303282e-15,2.630559525861008e-17,-8.049144452130436e-17,0.0
572,402.73971475463304,3.7196542257597156,-11.379176785812373,2.832745050296036e-15,2.6162883149612095e-17,-8.003756653622336e-17,0.0
573,401.7883812732543,3.71245759170373,-11.35472885618459,2.8162067915698827e-15,2.602128077979634e-17,-7.958733007631195e-17,0.0
574,400.8426119596304,3.7053003512053198,-11.330419274020652,2.799805280645328e-15,2.5880780087139137e-17,-7.914070702274416e-17,0.0
575,399.90240817692387,3.6981826337438273,-11.306248264971769,2.7835394021605993e-15,2.57413730623441e-17,-7.869766946298391e-17,0.0
576,398.96777106344564,3.6911045660789448,-11.28221604722244,2.7674080497210873e-15,2.5603051748520136e-17,-7.82581896892385e-17,0.0
577,398.0387015343121,3.6840662722661324,-11.258322831539052,2.751410125822551e-15,2.5465808240861703e-17,-7.782224019692598e-17,0.0
578,397.1152002831029,3.677067873672087,-11.23456882131853,2.7355445417751093e-15,2.5329634686331304e-17,-7.738979368315657e-17,0.0
579,396.19726778351895,3.670109488990253,-11.210954212637036,2.7198102176280107e-15,2.5194523283344156e-17,-7.696082304522747e-17,0.0
580,395.2849042910385,3.663191234256346,-11.187479194298627,2.704206082095167e-15,2.5060466281454935e-17,-7.653530137913075e-17,0.0
581,394.3781098445747,3.656313222863936,-11.164143947884059,2.6887310724814468e-15,2.4927455981046725e-17,-7.611320197807499e-17,0.0
582,393.47688426813005,3.6494755655800355,-11.140948647799476,2.673384134609709e-15,2.4795484733021946e-17,-7.569449833101922e-17,0.0
583,392.5812271724508,3.642678370560721,-11.117893461325204,2.658164222748571e-15,2.4664544938495364e-17,-7.527916412122015e-17,0.0
584,391.69113795668056,3.6359217433667887,-11.094978548664503,2.6430702995409087e-15,2.4534629048489186e-17,-7.486717322479184e-17,0.0
585,390.80661581000993,3.629205786979407,-11.072204062992292,2.6281013359330525e-15,2.440572956362998e-17,-7.445849970927766e-17,0.0
586,389.9276597133249,3.622530601815787,-11.049570150503843,2.613256311104695e-15,2.4277839033847575e-17,-7.405311783223434e-17,0.0
587,389.05426844085446,3.615896285744897,-11.027076950463549,2.598534212399501e-15,2.415095005807607e-17,-7.365100203982884e-17,0.0
588,388.186440561813,3.6093029341031455,-11.0047245952535,2.5839340352563816e-15,2.4025055283956466e-17,-7.325212696544611e-17,0.0
589,387.3241744420411,3.6027506397100906,-10.982513210422127,2.5694547831414535e-15,2.3900147407541304e-17,-7.285646742830924e-17,0.0
590,386.46746824564315,3.5962394928841617,-10.960442914732749,2.55509546748066e-15,2.377621917300114e-17,-7.246399843211091e-17,0.0
591,385.61631993662036,3.5897695814583575,-10.93851382021205,2.5408551075930404e-15,2.365326337233272e-17,-7.207469516365623e-17,0.0
592,384.7707272805022,3.5833409907959695,-10.916726032198529,2.5267327306246586e-15,2.35312728450691e-17,-7.168853299151705e-17,0.0
593,383.93068784597097,3.5769538038062794,-10.895079649390821,2.512727371483152e-15,2.3410240477991355e-17,-7.1305487464697e-17,0.0
594,383.0961990064844,3.570608100960261,-10.873574763895956,2.498838072772917e-15,2.3290159204842124e-17,-7.092553431130774e-17,0.0
595,382.26725794189196,3.564303960306261,-10.852211461277507,2.4850638847309076e-15,2.317102200604075e-17,-7.054864943725576e-17,0.0
596,381.4438616400486,3.5580414574856847,-10.830989820603701,2.4714038651630595e-15,2.30528219084003e-17,-7.01748089249402e-17,0.0
597,380.62600689842054,3.551820665748643,-10.809909914495318,2.45785707938129e-15,2.2935551984845978e-17,-6.98039890319606e-17,0.0
598,379.81369032568796,3.5456416559695967,-10.788971809173532,2.4444226001411145e-15,2.281920535413536e-17,-6.943616618983542e-17,0.0
599,379.0069083433417,3.5395044966629694,-10.76817556450767,2.4310995075798427e-15,2.2703775180580167e-17,-6.90713170027308e-17,0.0
600,378.2056571872731,3.5334092539987454,-10.747521234062715,2.4178868891553415e-15,2.2589254673769626e-17,-6.870941824619892e-17,0.0
601,377.40993290935927,3.5273559918180304,-10.7270088651468,2.4047838395853847e-15,2.2475637088295407e-17,-6.835044686592686e-17,0.0
602,376.61973137904187,3.5213447716485997,-10.7066384988585,2.3917894607875584e-15,2.236291572347815e-17,-6.79943799764951e-17,0.0
603,375.8350482848972,3.515375652720382,-10.686410170133936,2.3789028618197084e-15,2.2251083923095354e-17,-6.764119486014531e-17,0.0
604,375.05587913620354,3.509448691980949,-10.666323907793778,2.3661231588209607e-15,2.2140135075111e-17,-6.729086896555831e-17,0.0
605,374.2822192644985,3.5035639441109425,-10.646379734590075,2.3534494749532644e-15,2.203006261140652e-17,-6.694337990664115e-17,0.0
606,373.51406382512954,3.4977214615394585,-10.626577667252857,2.3408809403434662e-15,2.1920860007513188e-17,-6.659870546132339e-17,0.0
607,372.75140779879786,3.491921294459405,-10.606917716536602,2.32841669202592e-15,2.1812520782346085e-17,-6.625682357036274e-17,0.0
608,371.9942459930955,3.4861634908428116,-10.587399887266526,2.3160558738856184e-15,2.1705038497939425e-17,-6.59177123361599e-17,0.0
609,371.24257304403284,3.4804480964560818,-10.568024178384643,2.3037976366018236e-15,2.159840675918329e-17,-6.558135002158208e-17,0.0
610,370.49638341755923,3.4747751548752057,-10.548790582995645,2.2916411375922164e-15,2.1492619213561784e-17,-6.524771504879554e-17,0.0
611,369.7556714110743,3.469144707500914,-10.529699088412562,2.2795855409575368e-15,2.1387669550892506e-17,-6.491678599810687e-17,0.0
612,369.02043115493296,3.4635567935737877,-10.510749676202224,2.2676300174267244e-15,2.1283551503067465e-17,-6.458854160681279e-17,0.0
613,368.29065661394037,3.4580114501893084,-10.49194232223052,2.255773744302544e-15,2.1180258843795348e-17,-6.426296076805881e-17,0.0
614,367.566341588837,3.4525087123128304,-10.473276996707366,2.244015905407684e-15,2.107778538834494e-17,-6.394002252970573e-17,0.0
615,366.84747971777756,3.4470486127945286,-10.454753664231527,2.2323556910313436e-15,2.097612499329012e-17,-6.361970609320513e-17,0.0
616,366.13406447779846,3.4416311823842527,-10.43637228383513,2.2207922978762763e-15,2.0875271556255954e-17,-6.330199081248257e-17,0.0
617,365.4260891862772,3.4362564497463324,-10.418132809027995,2.209324929006306e-15,2.0775219015666197e-17,-6.298685619282927e-17,0.0
618,364.7235470023811,3.4309244414743074,-10.400035187841674,2.1979527937942912e-15,2.0675961350491972e-17,-6.267428188980163e-17,0.0
619,364.02643092850786,3.4256351821055953,-10.382079362873252,2.186675107870551e-15,2.0577492580001794e-17,-6.236424770812875e-17,0.0
620,363.3347338117151,3.420388694136081,-10.364265271328893,2.1754910930717265e-15,2.0479806763512775e-17,-6.205673360062782e-17,0.0
621,362.64844834514025,3.415184998034637,-10.346592845067123,2.164399977390093e-15,2.038289800014309e-17,-6.175171966712726e-17,0.0
622,361.9675670694104,3.4100241122575734,-10.329062010641834,2.153400994923302e-15,2.028676042856568e-17,-6.144918615339755e-17,0.0
623,361.29208237404106,3.4049060532629922,-10.311672689345002,2.14249338582455e-15,2.0191388226763095e-17,-6.114911345008951e-17,0.0
624,360.62198649882674,3.3998308355250964,-10.294424797249189,2.1316763962531862e-15,2.0096775611783656e-17,-6.085148209168046e-17,0.0
625,359.9572715352171,3.394798471548373,-10.27731824524966,2.1209492783257204e-15,2.0002916839498643e-17,-6.055627275542733e-17,0.0
626,359.2979294276867,3.3898089718817457,-10.260352939106316,2.110311290067267e-15,1.9909806204360847e-17,-6.026346626032749e-17,0.0
627,358.64395197508986,3.3848623451325928,-10.243528779485253,2.0997616953633802e-15,1.9817438039164076e-17,-5.997304356608658e-17,0.0
628,357.9953308320075,3.3799585979807154,-10.226845662000063,2.0892997639123106e-15,1.9725806714804003e-17,-5.968498577209377e-17,0.0
629,357.3520575100806,3.375097735192198,-10.210303477252829,2.0789247711776496e-15,1.963490664004002e-17,-5.939927411640386e-17,0.0
630,356.71412337933464,3.3702797596331977,-10.193902110874811,2.068635998341383e-15,1.954473226125836e-17,-5.911588997472675e-17,0.0
631,356.0815196694898,3.3655046722836137,-10.17764144356682,2.0584327322573216e-15,1.9455278062236167e-17,-5.88348148594235e-17,0.0
632,355.45423747126245,3.360772472250699,-10.161521351139271,2.0483142654049345e-15,1.9366538563906873e-17,-5.855603041850964e-17,0.0
633,354.83226773765267,3.3560831567825495,-10.145541704551936,2.0382798958435515e-15,1.9278508324126534e-17,-5.827951843466503e-17,0.0
634,354.21560128522174,3.351436721281515,-10.129702369953348,2.0283289271669553e-15,1.9191181937441345e-17,-5.800526082425058e-17,0.0
635,353.6042287953563,3.3468331593175025,-10.114003208719915,2.0184606684583397e-15,1.9104554034856214e-17,-5.773323963633178e-17,0.0
636,352.99814081552194,3.3422724626411955,-10.098444077494683,2.0086744342456474e-15,1.9018619283604462e-17,-5.746343705170869e-17,0.0
637,352.3973277605036,3.337754621197149,-10.083024828225753,1.9989695444572624e-15,1.8933372386918506e-17,-5.719583538195244e-17,0.0
638,351.8017799136338,3.3332796231368125,-10.067745308204387,1.989345324378075e-15,1.8848808083801708e-17,-5.69304170684485e-17,0.0
639,351.2114874280099,3.328847454831427,-10.052605360102774,1.979801104605901e-15,1.8764921148801232e-17,-5.66671646814461e-17,0.0
640,350.6264403276969,3.3244581008848297,-10.03760482201143,1.970336221008255e-15,1.868170639178197e-17,-5.640606091911421e-17,0.0
641,350.04662850892015,3.3201115441461604,-10.022743527476285,1.9609500146794768e-15,1.8599158657701527e-17,-5.614708860660375e-17,0.0
642,349.47204174124306,3.315807765722431,-10.008021305535376,1.9516418318982012e-15,1.8517272826386156e-17,-5.589023069511602e-17,0.0
643,348.9026696687347,3.3115467449910456,-9.993437980755274,1.94241102408518e-15,1.8436043812307948e-17,-5.563547026097761e-17,0.0
644,348.33850181112246,3.3073284596121377,-9.978993373267038,1.9332569477614296e-15,1.835546656436275e-17,-5.5382790504720994e-17,0.0
645,347.7795275649334,3.3031528855408645,-9.96468729880192,1.92417896450673e-15,1.8275536065649364e-17,-5.5132174750171626e-17,0.0
646,347.22573620462293,3.299019997039556,-9.950519568726653,1.915176440918449e-15,1.819624733324963e-17,-5.488360644354095e-17,0.0
647,346.67711688368865,3.294929766689752,-9.93648999007839,1.906248748570694e-15,1.8117595418009524e-17,-5.4637069152525204e-17,0.0
648,346.1336586357743,3.290882165404151,-9.922598365599304,1.8973952639738005e-15,1.8039575404321365e-17,-5.4392546565410624e-17,0.0
649,345.5953503757581,3.28687716243842,-9.908844493770802,1.8886153685341315e-15,1.796218240990691e-17,-5.415002249018407e-17,0.0
650,345.06218090082905,3.282914725402896,-9.895228168847341,1.879908448514203e-15,1.7885411585601443e-17,-5.390948085364967e-17,0.0
651,344.5341388915505,3.278994820274189,-9.881749180889944,1.8712738949931273e-15,1.7809258115138993e-17,-5.3670905700551356e-17,0.0
652,344.01121291291054,3.2751174114066544,-9.868407315799319,1.8627111038273697e-15,1.773371721493842e-17,-5.3434281192701125e-17,0.0
653,343.493391415358,3.271282461543745,-9.855202355348558,1.854219475611811e-15,1.7658784133890476e-17,-5.31995916081128e-17,0.0
654,342.9806627358274,3.267489931829262,-9.84213407721555,1.8457984156411246e-15,1.758445415314597e-17,-5.296682134014175e-17,0.0
655,342.4730150987483,3.2637397818184746,-9.829202255014929,1.837447333871453e-15,1.751072258590476e-17,-5.273595489662993e-17,0.0
656,341.97043661704356,3.260031969489131,-9.816406658329727,1.82916564488239e-15,1.7437584777205845e-17,-5.250697689905682e-17,0.0
657,341.47291529311315,3.256366451252344,-9.803747052742601,1.8209527678392615e-15,1.7365036103718354e-17,-5.227987208169562e-17,0.0
658,340.9804390198048,3.2527431819633543,-9.791223199866693,1.8128081264556995e-15,1.729307197353351e-17,-5.205462529077507e-17,0.0
659,340.49299558137136,3.24916211493219,-9.778834857376111,1.8047311489565136e-15,1.7221687825957625e-17,-5.183122148364669e-17,0.0
660,340.0105726544154,3.245623201934184,-9.766581779036047,1.796721268040851e-15,1.7150879131305944e-17,-5.160964572795745e-17,0.0
661,339.5331578088195,3.242126393220394,-9.754463714732495,1.7887779208456473e-15,1.708064139069757e-17,-5.1389883200827897e-17,0.0
662,339.06073850866443,3.2386716375278684,-9.742480410501583,1.780900548909359e-15,1.701097013585123e-17,-5.117191918803531e-17,0.0
663,338.593302113133,3.235258882089838,-9.730631608558562,1.773088598135986e-15,1.694186092888212e-17,-5.095573908320266e-17,0.0
664,338.13083587740124,3.2318880726457406,-9.71891704732637,1.7653415187593677e-15,1.6873309362099597e-17,-5.074132838699239e-17,0.0
665,337.6733269535154,3.228559153451143,-9.70733646146383,1.7576587653077592e-15,1.680531105780584e-17,-5.052867270630561e-17,0.0
666,337.2207623912578,3.2252720672875554,-9.695889581893493,1.7500397965686913e-15,1.6737861668095563e-17,-5.0317757753486616e-17,0.0
667,336.77312913899596,3.2220267554720894,-9.684576135829047,1.7424840755540887e-15,1.6670956874656496e-17,-5.0108569345532256e-17,0.0
668,336.330414044522,3.2188231578670288,-9.673395846802398,1.7349910694656761e-15,1.660459238857099e-17,-4.9901093403306745e-17,0.0
669,335.89260385587676,3.2156612128892488,-9.66234843469034,1.7275602496606413e-15,1.6538763950118444e-17,-4.9695315950761446e-17,0.0
670,335.45968522216106,3.212540857519533,-9.651433615740835,1.72019109161757e-15,1.6473467328578714e-17,-4.949122311415964e-17,0.0
671,335.03164469433403,3.209462027311759,-9.640651102598952,1.7128830749026445e-15,1.6408698322036483e-17,-4.928880112130653e-17,0.0
672,334.60846872599853,3.2064246564019627,-9.630000604332384,1.7056356831361061e-15,1.634445275718655e-17,-4.908803630078405e-17,0.0
673,334.1901436741732,3.2034286775172793,-9.619481826456635,1.698448403958976e-15,1.628072648914007e-17,-4.888891508119093e-17,0.0
674,333.77665580005066,3.2004740219847565,-9.60909447095975,1.6913207290000311e-15,1.6217515401231656e-17,-4.8691423990387234e-17,0.0
675,333.36799126974506,3.1975606197400657,-9.598838236326769,1.6842521538430457e-15,1.61548154048276e-17,-4.849554965474447e-17,0.0
676,332.9641361550232,3.194688399336061,-9.588712817563714,1.6772421779942752e-15,1.6092622439134795e-17,-4.830127879839999e-17,0.0
677,332.5650764340264,3.1918572879512412,-9.578717906221268,1.670290304850203e-15,1.6030932471010792e-17,-4.810859824251665e-17,0.0
678,332.17079799197705,3.1890672113980822,-9.568853190418041,1.6633960416655294e-15,1.5969741494774693e-17,-4.791749490454721e-17,0.0
679,331.78128662187277,3.186318094131238,-9.559118354863465,1.6565588995214115e-15,1.5909045532018957e-17,-4.7727955797503394e-17,0.0
680,331.3965280251688,3.1836098592556374,-9.549513080880345,1.649778393293952e-15,1.584884063142223e-17,-4.753996802923003e-17,0.0
681,331.01650781244666,3.1809424285344474,-9.54003704642702,1.6430540416229275e-15,1.5789122868563023e-17,-4.735351880168369e-17,0.0
682,330.6412115040714,3.1783157223969196,-9.530689926119152,1.6363853668807641e-15,1.5729888345734363e-17,-4.716859541021627e-17,0.0
683,330.2706245308345,3.1757296599461213,-9.521471391251163,1.629771895141751e-15,1.5671133191759372e-17,-4.698518524286318e-17,0.0
684,329.90473223458633,3.1731841589665435,9.5123811098173,1.6232131561514938e-15,1.561285356180779e-17,4.680327577963622e-17,0.0
685,329.54351986885524,3.170679135931588,9.503418746532347,1.6167086832966076e-15,1.5555045637213396e-17,4.662285459182128e-17,0.0
686,329.1869725994542,3.168214506010937,9.494583962851955,1.6102580135746402e-15,1.5497705625292383e-17,4.6443909341280456e-17,0.0
687,328.8350755050754,3.1657901830778057,9.48587641699264,1.6038606875642348e-15,1.544082975916268e-17,4.626642777975903e-17,0.0
688,328.48781357787317,3.1634060797160806,9.477295763951403,1.5975162493955216e-15,1.5384414297564163e-17,4.609039774819685e-17,0.0
689,328.1451717240345,3.161062107227336,9.468841655525017,1.591224246720742e-15,1.5328455524679864e-17,4.5915807176044494e-17,0.0
690,327.80713476433783,3.1587581756377383,9.460513740328942,1.584984230685101e-15,1.5272949749958036e-17,4.574264408058386e-17,0.0
691,327.4736874346996,3.1564941937048325,9.452311663815914,1.5787957558978475e-15,1.5217893307935224e-17,4.557089656625338e-17,0.0
692,327.1448143867099,3.1542700689242147,9.444235068294176,1.5726583804035798e-15,1.5163282558060212e-17,4.540055282397773e-17,0.0
693,326.82050018815454,3.15208570753609,9.436283592945331,1.5665716656537726e-15,1.5109113884518916e-17,4.523160113050192e-17,0.0
694,326.50072932352896,3.149941014531723,9.428456873841943,1.5605351764785356e-15,1.5055383696060253e-17,4.506402984773023e-17,0.0
695,326.18548619453765,3.1478358936597686,9.420754543964707,1.554548481058585e-15,1.5002088425822893e-17,4.489782742206923e-17,0.0
696,325.8747551205838,3.1457702474325,9.41317623321935,1.5486111508974383e-15,1.4949224531162987e-17,4.4732982383775497e-17,0.0
697,325.56852033924645,3.1437439771319045,9.405721568453124,1.542722760793823e-15,1.4896788493482733e-17,4.456948334630748e-17,0.0
698,325.2667660067492,3.1417569828157146,9.398390173471102,1.5368828888143148e-15,1.4844776818060073e-17,4.440731900568231e-17,0.0
699,324.969476198415,3.1398091633232785,9.391181669051992,1.5310911162661756e-15,1.4793186033879117e-17,4.424647813983641e-17,0.0
700,324.67663490911144,3.1379004162813535,9.38409567296373,1.5253470276704134e-15,1.474201269346159e-17,4.408694960799077e-17,0.0
701,324.388226053686,3.136030638109795,9.37713179997874,1.51965021073506e-15,1.469125337269929e-17,4.39287223500207e-17,0.0
702,324.1042334673894,3.1341997240271207,9.370289661888856,1.514000256328649e-15,1.4640904670687337e-17,4.377178538582971e-17,0.0
703,323.82464090628974,3.1324075680559895,9.363568867519943,1.5083967584539135e-15,1.4590963209558484e-17,4.3616127814727794e-17,0.0
704,323.54943204767466,3.1306540630285626,9.356969022746206,1.502839314221686e-15,1.454142563431829e-17,4.3461738814814066e-17,0.0
705,323.2785904904458,3.128939100591774,9.350489730504208,1.4973275238250123e-15,1.4492288612681278e-17,4.3308607642363656e-17,0.0
706,323.012099755501,3.1272625712124955,9.34413059080658,1.4918609905134658e-15,1.4443548834908026e-17,4.315672363121895e-17,0.0
707,322.74994328610694,3.1256243641825914,9.337891200755413,1.4864393205676675e-15,1.439520301364314e-17,4.3006076192184913e-17,0.0
708,322.49210444826423,3.124024367623903,9.331771154555403,1.4810621232740174e-15,1.4347247883754294e-17,4.2856654812428986e-17,0.0
709,322.23856653105946,3.122462468493101,9.325770043526669,1.4757290108996168e-15,1.4299680202172075e-17,4.2708449054884895e-17,0.0
710,321.9893127470099,3.1209385525864644,9.319887456117282,1.4704395986673983e-15,1.4252496747730855e-17,4.25614485576608e-17,0.0
711,321.7443262323996,3.119452504544563,9.314122977915568,1.4651935047314603e-15,1.4205694321010596e-17,4.241564303345184e-17,0.0
712,321.50359004760395,3.118004207856836,9.308476191662063,1.4599903501525886e-15,1.415926974417956e-17,4.227102226895651e-17,0.0
713,321.267087177407,3.116593544866088,9.30294667726124,1.4548297588739879e-15,1.4113219860838015e-17,4.2127576124297503e-17,0.0
714,321.03480053130966,3.1152203967728913,9.297534011792964,1.4497113576972014e-15,1.4067541535862847e-17,4.1985294532446605e-17,0.0
715,320.8067129438288,3.113884643639899,9.292237769523672,1.444634776258231e-15,1.402223165525315e-17,4.1844167498653767e-17,0.0
716,320.582807174788,3.1125861643960655,9.287057521917289,1.439599647003849e-15,1.3977287125976716e-17,4.1704185099880234e-17,0.0
717,320.3630659095998,3.111324836840793,9.28199283764593,1.4346056051681041e-15,1.3932704875817543e-17,4.156533748423596e-17,0.0
718,320.1474717595406,3.1101005376479818,9.277043282600289,1.4296522887490205e-15,1.3888481853224226e-17,4.142761487042098e-17,0.0
719,319.93600726201606,3.1089131423699983,9.27220841989984,1.4247393384854852e-15,1.3844615027159322e-17,4.129100754717094e-17,0.0
720,319.7286548808193,3.1077625254415633,9.267487809902752,1.419866397834327e-15,1.3801101386949658e-17,4.115550587270665e-17,0.0
721,319.5253970063824,3.1066485601835687,9.262881010215626,1.4150331129475873e-15,1.3757937942137622e-17,4.1021100274187896e-17,0.0
722,319.3262159560186,3.105571118806796,9.258387575702933,1.4102391326499727e-15,1.3715121722333351e-17,4.088778124717104e-17,0.0
723,319.1310939741582,3.104530072415573,9.254007058496272,1.4054841084164982e-15,1.3672649777067895e-17,4.0755539355070826e-17,0.0
724,318.94001323257714,3.103525291011349,9.249739008003388,1.4007676943503152e-15,1.3630519175647338e-17,4.062436522862617e-17,0.0
725,318.7529558306182,3.1025566434961993,9.245582970916988,1.396089547160725e-15,1.3588727007007869e-17,4.049424956536998e-17,0.0
726,318.56990379540616,3.1016239976762523,9.241538491223345,1.391449326141376e-15,1.3547270379571793e-17,4.036518312910306e-17,0.0
727,318.390839082055,3.1007272202650493,9.23760511021067,1.3868466931486395e-15,1.3506146421104505e-17,4.0237156749371746e-17,0.0
728,318.2157435738704,3.0998661768868403,9.233782366477326,1.3822813125801769e-15,1.346535227857243e-17,4.0110161320949905e-17,0.0
729,318.04459908254375,3.099040732079792,9.2300697959398,1.3777528513536727e-15,1.3424885118001848e-17,3.998418780332448e-17,0.0
730,317.87738734834244,3.098250749299163,9.226466931840529,1.3732609788857641e-15,1.3384742124338797e-17,3.9859227220185354e-17,0.0
731,317.7140900402919,3.097496090920383,9.22297330475551,1.368805367071135e-15,1.3344920501309805e-17,3.9735270658918955e-17,0.0
732,317.5546887563534,3.0967766182420884,9.219588442601736,1.3643856902617956e-15,1.3305417471283634e-17,3.9612309270105746e-17,0.0
733,317.39916502359625,3.0960921914890953,9.216311870644478,1.3600016252465373e-15,1.3266230275133995e-17,3.949033426702185e-17,0.0
734,317.24750029836395,3.0954426698153084,9.213143111504376,1.3556528512305634e-15,1.3227356172103182e-17,3.9369336925144376e-17,0.0
735,317.0996759664352,3.0948279113065738,9.210081685164365,1.3513390498152921e-15,1.318879243966667e-17,3.924930858166072e-17,0.0
736,316.9556733431804,3.094247772983482,9.207127108976456,1.3470599049783368e-15,1.3150536373398665e-17,3.913024063498167e-17,0.0
737,316.81547367371314,3.093702110804111,9.204278897668367,1.3428151030536576e-15,1.3112585286838625e-17,3.901212454425852e-17,0.0
738,316.67905813303713,3.093190779666726,9.201536563349991,1.338604332711887e-15,1.3074936511358725e-17,3.889495182890392e-17,0.0
739,316.5464078261882,3.092713633412421,9.198899615519734,1.3344272849408226e-15,1.3037587396032274e-17,3.877871406811659e-17,0.0
740,316.4175037883728,3.0922705248277147,9.196367561070716,1.330283653026094e-15,1.3000535307503077e-17,3.8663402900409864e-17,0.0
741,316.29232698510197,3.091861305647107,9.193939904296828,1.3261731325319974e-15,1.296377762985578e-17,3.854901002314407e-17,0.0
742,316.1708583123215,3.091485826555579,9.191616146898692,1.3220954212824977e-15,1.2927311764487134e-17,3.843552719206269e-17,0.0
743,316.0530785965393,3.091143937191071,9.189395787989488,1.3180502193424018e-15,1.2891135129978256e-17,3.832294622083239e-17,0.0
744,315.93896859494777,3.0908354861468985,9.187278324100664,1.3140372289986936e-15,1.2855245161967804e-17,3.8211258980586696e-17,0.0
745,315.82850899554353,3.0905603209741326,9.185263249187507,1.3100561547420361e-15,1.2819639313026093e-17,3.8100457399473455e-17,0.0
746,315.7216804172451,3.0903182881839655,9.1833500546347,1.306106703248442e-15,1.2784315052530238e-17,3.799053346220621e-17,0.0
747,315.6184634100062,3.0901092332500153,9.181538229261687,1.3021885833611024e-15,1.2749269866540159e-17,3.788147920961911e-17,0.0
748,315.5188384549276,3.089933000610617,9.179827259328023,1.2983015060723855e-15,1.2714501257675628e-17,3.7773286738225763e-17,0.0
749,315.4227859643655,3.0897894336710703,9.17821662853858,1.2944451845059907e-15,1.2680006744994178e-17,3.766594819978155e-17,0.0
750,315.3302862820382,3.089678374805861,9.176705818048706,1.2906193338992663e-15,1.2645783863870006e-17,3.755945580084984e-17,0.0
751,315.2413196831306,3.089599665360865,9.175294306469308,1.2868236715856907e-15,1.2611830165873854e-17,3.7453801802371854e-17,0.0
752,315.155866374397,3.0895531456555165,9.173981569871874,1.2830579169775102e-15,1.2578143218653786e-17,3.7348978519240157e-17,0.0
753,315.0739064942619,3.0895386549849606,9.172767081793417,1.2793217915485357e-15,1.254472060581696e-17,3.7244978319875883e-17,0.0
754,314.995420112919,3.089556031622178,9.171650313241358,1.2756150188170965e-15,1.2511559926812285e-17,3.71417936258095e-17,0.0
755,314.92038723243036,3.089605112820099,9.170630732698406,1.2719373243291553e-15,1.2478658796814115e-17,3.70394169112654e-17,0.0
756,314.84878778682224,3.0896857348136924,9.16970780612733,1.2682884356415731e-15,1.2446014846606797e-17,3.693784070274991e-17,0.0
757,314.7806016421827,3.0897977328220536,9.168880996975757,1.264668082305537e-15,1.2413625722470259e-17,3.683705757864313e-17,0.0
758,314.71580859675555,3.0899409410504544,9.168149766180859,1.2610759958501326e-15,1.238148908606642e-17,3.673706016879407e-17,0.0
759,314.65438838103677,3.0901151926924078,9.167513572174117,1.2575119097660805e-15,1.2349602614326666e-17,3.663784115411978e-17,0.0
760,314.5963206578684,3.0903203199317137,9.166971870885968,1.2539755594896186e-15,1.23179639993402e-17,3.6539393266207676e-17,0.0
761,314.5415850225335,3.090556153944494,9.166524115750494,1.250466682386539e-15,1.228657094824334e-17,3.644170928692167e-17,0.0
762,314.4901610028508,3.0908225249012244,9.166169757710085,1.2469850177363742e-15,1.2255421183109766e-17,3.634478204801172e-17,0.0
763,314.4420280592699,3.0911192619687706,9.165908245220109,1.2435303067167375e-15,1.2224512440841704e-17,3.6248604430727e-17,0.0
764,314.39716558496684,3.0914461933124175,9.165739024253567,1.2401022923878086e-15,1.2193842473062057e-17,3.6153169365432537e-17,0.0
765,314.35555290594,3.0918031460978885,9.165661538305772,1.2367007196769682e-15,1.2163409046007415e-17,3.6058469831229334e-17,0.0
766,314.31716928110757,3.0921899464933955,9.165675228399033,1.2333253353635837e-15,1.2133209940422094e-17,3.5964498855578056e-17,0.0
767,314.2819939024063,3.0926064196716694,9.16577953308739,1.2299758880639402e-15,1.2103242951453031e-17,3.5871249513926196e-17,0.0
768,314.25000589488957,3.093052389812,9.165973888461313,1.2266521282163125e-15,1.2073505888545607e-17,3.5778714929338563e-17,0.0
769,314.2211843168302,3.0935276801023024,9.166257728152504,1.2233538080661934e-15,1.204399657534047e-17,3.568688827213145e-17,0.0
770,314.1955081598215,3.094032112741174,9.166630483338693,1.2200806816516552e-15,1.2014712849571206e-17,3.5595762759510056e-17,0.0
771,314.17295634888364,3.0945655089399784,9.167091582748494,1.2168325047888628e-15,1.1985652562962987e-17,3.550533165520944e-17,0.0
772,314.1535077425684,3.0951276889249306,9.167640452666292,1.2136090350577239e-15,1.1956813581132093e-17,3.541558826913875e-17,0.0
773,314.1371411330693,3.0957184719392163,9.168276516937226,1.210410031787685e-15,1.1928193783486411e-17,3.5326525957029055e-17,0.0
774,314.1238352463326,3.0963376762451165,9.168999196972177,1.2072352560436678e-15,1.1899791063126816e-17,3.523813812008436e-17,0.0
775,314.113568742171,3.096985119126156,9.169807911752887,1.2040844706121442e-15,1.187160332674947e-17,3.515041820463611e-17,0.0
776,314.1063202143812,3.097660616889278,9.17070207783709,1.200957439987353e-15,1.1843628494549046e-17,3.506335970180099e-17,0.0
777,314.1020681908622,3.098363984867041,9.17168110936375,1.1978539303576524e-15,1.1815864500122871e-17,3.4976956147142026e-17,0.0
778,314.1007911337402,3.099095037419839,9.172744418058407,1.1947737095920148e-15,1.1788309290375947e-17,3.489120112033316e-17,0.0
779,314.10246743949386,3.0998535879381626,9.173891413238554,1.1917165472266554e-15,1.1760960825426932e-17,3.480608824482696e-17,0.0
780,314.1070754390841,3.100639448844869,9.175121501819158,1.1886822144517947e-15,1.1733817078514957e-17,3.472161118752567e-17,0.0
781,314.1145933980884,3.1014524315975085,9.176434088318263,1.1856704840985628e-15,1.1706876035907417e-17,3.4637763658455616e-17,0.0
782,314.1249995168386,3.1022923466906707,9.177828574862705,1.1826811306260346e-15,1.1680135696808618e-17,3.4554539410444794e-17,0.0
783,314.1382719305617,3.1031590036583614,9.179304361193923,1.1797139301083949e-15,1.1653594073269309e-17,3.447193223880369e-17,0.0
784,314.1543887095268,3.1040522110764357,9.180860844673894,1.176768660222244e-15,1.1627249190097153e-17,3.4389935981009366e-17,0.0
785,314.17332785919564,3.104971776565063,9.182497420291229,1.173845100234032e-15,1.160109908476808e-17,3.4308544516392847e-17,0.0
786,314.19506732037746,3.105917506791224,9.18421348066733,1.170943030987622e-15,1.1575141807338492e-17,3.422775176582954e-17,0.0
787,314.2195849693887,3.106889207471259,9.186008416062698,1.1680622348919841e-15,1.1549375420358364e-17,3.4147551691432826e-17,0.0
788,314.2468586182192,3.107886683373476,9.18788161438345,1.1652024959090267e-15,1.15237979987853e-17,3.406793829625116e-17,0.0
789,314.27686601470134,3.1089097383207753,9.189832461187867,1.1623635995415442e-15,1.1498407629899347e-17,3.3988905623967805e-17,0.0
790,314.3095848426862,3.109958175193349,9.19186033969318,1.1595453328213028e-15,1.1473202413218789e-17,3.391044775860413e-17,0.0
791,314.34499272222433,3.1110317959314204,9.19396463078247,1.1567474842972474e-15,1.1448180460416762e-17,3.3832558824225816e-17,0.0
792,314.3830672097529,3.1121304015380398,9.196144713011709,1.1539698440238382e-15,1.1423339895238756e-17,3.375523298465216e-17,0.0
793,314.4237857982878,3.1132537920819305,9.198399962617035,1.1512122035495106e-15,1.1398678853420974e-17,3.3678464443168594e-17,0.0
794,314.46712591762304,3.1144017667003947,9.200729753522122,1.1484743559052612e-15,1.1374195482609573e-17,3.3602247442242164e-17,0.0
795,314.51306493453524,3.1155741236022805,9.203133457345764,1.145756095593358e-15,1.1349887942280757e-17,3.3526576263240106e-17,0.0
796,314.56158015299457,3.1167706600709923,9.205610443409604,1.1430572185761688e-15,1.132575440366169e-17,3.3451445226151346e-17,0.0
797,314.6126488143828,3.1179911724675886,9.208160078746108,1.1403775222651199e-15,1.1301793049652341e-17,3.3376848689311266e-17,0.0
798,314.666248097718,3.1192354562339224,9.21078172810668,1.13771680550977e-15,1.1278002074748112e-17,3.330278104912926e-17,0.0
799,314.722355119885,3.1205033058958516,9.213474753969946,1.135074868587005e-15,1.125437968496333e-17,3.3229236739819256e-17,0.0
800,314.7809469358741,3.1217945150665196,9.216238516550325,1.1324515131903555e-15,1.1230924097755591e-17,3.3156210233133404e-17,0.0
801,314.84200053902595,3.1231088764496997,9.219072373806705,1.1298465424194291e-15,1.1207633541950933e-17,3.308369603809852e-17,0.0
802,314.90549286128504,3.1244461818432137,9.221975681451408,1.1272597607694665e-15,1.1184506257669859e-17,3.3011688700755583e-17,0.0
803,314.9714007734585,3.1258062221424137,9.22494779295929,1.1246909741210064e-15,1.1161540496254154e-17,3.294018280390202e-17,0.0
804,315.039701085485,3.127188787343751,9.227988059577141,1.122139989729676e-15,1.1138734520194583e-17,3.286917296683711e-17,0.0
805,315.1103705467084,3.1285936665483973,9.23109583033322,1.1196066162160871e-15,1.1116086603059348e-17,3.279865384510992e-17,0.0
806,315.18338584616276,3.130020647965969,9.2342704520471,1.1170906635558572e-15,1.109359502942343e-17,3.272862013027051e-17,0.0
807,315.2587236128626,3.1314695189183066,9.237511269339667,1.1145919430697363e-15,1.1071258094798692e-17,3.2659066549623644e-17,0.0
808,315.33636041610174,3.1329400658433446,9.240817624643404,1.1121102674138489e-15,1.1049074105564814e-17,3.2589987865985496e-17,0.0
809,315.4162727657625,3.1344320742990615,9.244188858212915,1.1096454505700526e-15,1.1027041378901059e-17,3.252137887744319e-17,0.0
810,315.4984371126292,3.135945328967494,9.24762430813561,1.1071973078363961e-15,1.100515824271874e-17,3.2453234417116876e-17,0.0
811,315.58282984871545,3.1374796136588783,9.251123310342779,1.1047656558177054e-15,1.098342303559466e-17,3.238554935292499e-17,0.0
812,315.6694273075957,3.139034711315822,9.254685198620802,1.1023503124162634e-15,1.0961834106705173e-17,3.231831858735193e-17,0.0
813,315.75820576474734,3.1406104040176013,9.258309304622617,1.0999510968226048e-15,1.0940389815761114e-17,3.2251537057218507e-17,0.0
814,315.84914143790235,3.142206472984525,9.261994957879539,1.0975678295064208e-15,1.0919088532943506e-17,3.218519973345529e-17,0.0
815,315.9422104874067,3.1438226985824067,9.265741485813232,1.0952003322075672e-15,1.0897928638840056e-17,3.211930162087847e-17,0.0
816,316.0373890165896,3.1454588603271025,9.269548213748024,1.0928484279271803e-15,1.0876908524382382e-17,3.205383775796847e-17,0.0
817,316.1346530721423,3.147114736889166,9.273414464923452,1.0905119409188988e-15,1.085602659078407e-17,3.198880321665122e-17,0.0
818,316.23397864450504,3.1487901060985686,9.27733956050707,1.088190696680186e-15,1.0835281249479412e-17,3.192419310208196e-17,0.0
819,316.33534166826536,3.150484744949546,9.281322819607604,1.0858845219437639e-15,1.0814670922063016e-17,3.1860002552431894e-17,0.0
820,316.4387180225646,3.152198429605518,9.285363559288298,1.0835932446691412e-15,1.0794194040230082e-17,3.1796226738677226e-17,0.0
821,316.5440835315144,3.153930935404103,9.289461094580588,1.0813166940342485e-15,1.0773849045717444e-17,3.173286086439082e-17,0.0
822,316.6514139646232,3.155682036862244,9.293614738498059,1.0790547004271721e-15,1.0753634390245376e-17,3.166990016553646e-17,0.0
823,316.76068503723326,3.1574515076814333,9.297823802050724,1.0768070954379915e-15,1.073354853546016e-17,3.1607339910265755e-17,0.0
824,316.8718724109661,3.1592391207530164,9.302087594259495,1.0745737118507108e-15,1.0713589952877303e-17,3.1545175398717236e-17,0.0
825,316.98495169418004,3.161044648163628,9.306405422171089,1.072354383635294e-15,1.0693757123825603e-17,3.1483401962818375e-17,0.0
826,317.0998984424368,3.162867861200707,9.310776590873125,1.0701489459397957e-15,1.0674048539391839e-17,3.142201496608978e-17,0.0
827,317.2166881589776,3.16470853035812,9.31520040350955,1.0679572350825849e-15,1.0654462700366216e-17,3.1361009803451894e-17,0.0
828,317.33529629521195,3.166566425341894,9.319676161296414,1.065779088544673e-15,1.0634998117188542e-17,3.1300381901034293e-17,0.0
829,317.4556982512158,3.168441315076065,9.324203163537913,1.0636143449621319e-15,1.0615653309895116e-17,3.1240126715987316e-17,0.0
830,317.5778693762383,3.170332967708594,9.328780707642718,1.0614628441186021e-15,1.0596426808066248e-17,3.1180239736295936e-17,0.0
831,317.70178496922284,3.1722411506174413,9.333408089140677,1.0593244269379039e-15,1.0577317150774579e-17,3.1120716480596265e-17,0.0
832,317.8274202793361,3.174165630416712,9.33808460169979,1.0571989354767328e-15,1.0558322886534019e-17,3.106155249799428e-17,0.0
833,317.95475050650947,3.1761061729629296,9.342809537143545,1.0550862129174532e-15,1.0539442573249419e-17,3.1002743367886985e-17,0.0
834,318.0837508019903,3.1780625433614116,9.347582185468502,1.0529861035609772e-15,1.0520674778166891e-17,3.094428469978572e-17,0.0
835,318.2143962689036,3.18003450597275,9.352401834862256,1.0508984528197333e-15,1.0502018077824794e-17,3.088617213314189e-17,0.0
836,318.3466619628275,3.182021824419428,9.357267771721734,1.048823107210733e-15,1.048347105800546e-17,3.082840133717503e-17,0.0
837,318.4805228923761,3.1840242615925147,9.362179280671764,1.0467599143487118e-15,1.046503231368748e-17,3.077096801070297e-17,0.0
838,318.6159540197972,3.1860415796585144,9.36713564458405,1.0447087229393736e-15,1.0446700448998784e-17,3.071386788197442e-17,0.0
839,318.752930261577,3.1880735400662754,9.372136144596363,1.0426693827727042e-15,1.0428474077170195e-17,3.065709670850352e-17,0.0
840,318.8914264890599,3.190119903554073,9.377180060132204,1.0406417447163846e-15,1.0410351820489805e-17,3.060065027690684e-17,0.0
841,319.0314175290781,3.192180430156768,9.3822666689207,1.0386256607092832e-15,1.03923323102579e-17,3.054452440274247e-17,0.0
842,319.17287816459185,3.19425487921309,9.387395247016869,1.036620983755032e-15,1.0374414186742522e-17,3.0488714930351145e-17,0.0
843,319.3157831353422,3.19634300937305,9.392565068822234,1.0346275679156866e-15,1.0356596099135698e-17,3.0433217732699683e-17,0.0
844,319.4601071385143,3.1984445786054523,9.397775407105753,1.0326452683054676e-15,1.0338876705510256e-17,3.037802871122639e-17,0.0
845,319.60582482941334,3.2005593442055367,9.403025533025101,1.030673941084586e-15,1.0321254672777277e-17,3.0323143795688623e-17,0.0
846,319.7529108221506,3.2026870628027337,9.408314716148308,1.028713443453145e-15,1.0303728676644169e-17,3.0268558944012455e-17,0.0
847,319.9013396903425,3.20482749036854,9.413642224475716,1.026763633645126e-15,1.0286297401573313e-17,3.021427014214428e-17,0.0
848,320.05108596781946,3.206980382224513,9.419007324462289,1.0248243709224483e-15,1.0268959540741347e-17,3.016027340390456e-17,0.0
849,320.20212414934895,3.2091454930503853,9.42440928104028,1.0228955155691132e-15,1.0251713795999017e-17,3.0106564770843457e-17,0.0
850,320.35442869136716,3.2113225768923033,9.429847357642235,1.0209769288854185e-15,1.0234558877831632e-17,3.0053140312098616e-17,0.0
851,320.50797401272473,3.2135113871711707,9.435320816224332,1.0190684731822535e-15,1.0217493505320075e-17,2.999999612425469e-17,0.0
852,320.66273449544326,3.215711676691139,9.4408289172901,1.0171700117754696e-15,1.0200516406102442e-17,2.994712833120503e-17,0.0
853,320.81868448548295,3.217923197648188,9.446370919914445,1.0152814089803205e-15,1.0183626316336158e-17,2.989453308401507e-17,0.0
854,320.97579829352316,3.2201457016388613,9.451946081768059,1.0134025301059837e-15,1.0166821980660772e-17,2.984220656078783e-17,0.0
855,321.1340501957542,3.2223789396690945,9.457553659142192,1.0115332414501489e-15,1.0150102152161219e-17,2.979014496653119e-17,0.0
856,321.2934144346797,3.2246226621631795,9.463192906973706,1.0096734102936796e-15,1.0133465592331656e-17,2.9738344533026896e-17,0.0
857,321.4538652199327,3.2268766189728475,9.468863078870546,1.0078229048953469e-15,1.0116911071039855e-17,2.968680151870164e-17,0.0
858,321.61537672910333,3.2291405593864857,9.47456342713757,1.0059815944866365e-15,1.0100437366492154e-17,2.963551220849986e-17,0.0
859,321.77792310857524,3.2314142321384467,9.480293202802642,1.0041493492666158e-15,1.0084043265198853e-17,2.958447291375814e-17,0.0
860,321.94147847437785,3.233697385418513,9.486051655643184,1.0023260403968808e-15,1.006772756194024e-17,2.953367997208171e-17,0.0
861,322.10601691304765,3.2359897668814677,9.491838034213009,1.0005115399965628e-15,1.0051489059733076e-17,2.9483129747222426e-17,0.0
862,322.27151248250243,3.238291123656789,9.497651585869527,9.98705721137406e-16,1.0035326569797596e-17,2.943281862895858e-17,0.0
863,322.4379392129265,3.2406012023584663,9.503491556801308,9.969084578389096e-16,1.001923891152503e-17,2.938274303297642e-17,0.0
864,322.60527110766844,3.242919749094953,9.509357192056006,9.951196250635364e-16,1.0003224912445637e-17,2.93328994007534e-17,0.0
865,322.77348214414894,3.245246509479208,9.515247735568568,9.933390987119819e-16,9.987283408197163e-18,2.928328419944286e-17,0.0
866,322.9425462747828,3.247581228638903,9.521162430189905,9.91566755618514e-16,9.971413242493889e-18,2.923389392176068e-17,0.0
867,323.11243742791027,3.249923651226718,9.527100517715798,9.898024735463684e-16,9.955613267096064e-18,2.918472508587325e-17,0.0
868,323.2831295087406,3.252273521430772,9.53306123891623,9.880461311832092e-16,9.939882341779873e-18,2.9135774235287237e-17,0.0
869,323.4545964003084,3.2546305829851843,9.539043833565051,9.862976081366517e-16,9.924219334307852e-18,2.908703793874086e-17,0.0
870,323.6268119644391,3.256994579180729,9.545047540469925,9.8455678492984e-16,9.908623120399724e-18,2.903851279009658e-17,0.0
871,323.7997500427289,3.25936525287565,9.55107159750276,9.828235429970932e-16,9.893092583703792e-18,2.899019540823565e-17,0.0
872,323.9733844575337,3.261742346506567,9.55711524163034,9.810977646796003e-16,9.877626615768659e-18,2.8942082436953795e-17,0.0
873,324.14768901297043,3.2641256020995097,9.563177708945378,9.793793332211787e-16,9.862224116015461e-18,2.889417054485863e-17,0.0
874,324.32263749592954,3.266514761281076,9.569258234697898,9.776681327640873e-16,9.846883991710506e-18,2.884645642526843e-17,0.0
875,324.49820367709935,3.268909565289713,9.575356053326956,9.759640483448973e-16,9.831605157938372e-18,2.8798936796112407e-17,0.0
876,324.67436131200157,3.2713097549871133,9.58147039849272,9.742669658904186e-16,9.8163865375754e-18,2.8751608399832396e-17,0.0
877,324.85108414203654,3.273715070869723,9.587600503108836,9.72576772213676e-16,9.801227061263578e-18,2.870446800328585e-17,0.0
878,325.02834589554186,3.2761252530803864,9.593745599375199,9.708933550099445e-16,9.786125667384898e-18,2.865751239765035e-17,0.0
879,325.2061202888606,3.278540041420085,9.599904918811,9.692166028528354e-16,9.771081302036044e-18,2.861073839832937e-17,0.0
880,325.3843810274207,3.280959175359825,9.606077692288155,9.67546405190433e-16,9.756092919003531e-18,2.8564142844859434e-17,0.0
881,325.5631018068274,3.2833823940526177,9.612263150065063,9.658826523414868e-16,9.741159479739225e-18,2.851772260081863e-17,0.0
882,325.74225631396155,3.2858094363455663,9.618460521820609,9.642252354916449e-16,9.726279953336157e-18,2.847147455373618e-17,0.0
883,325.9218182280953,3.288240040792117,9.624669036688644,9.625740466897496e-16,9.711453316504875e-18,2.842539561500366e-17,0.0
884,326.10176122201335,3.2906739456643694,9.630887923292665,9.609289788441713e-16,9.696678553550008e-18,2.837948271978714e-17,0.0
885,326.2820589631472,3.2931108889655367,9.63711640978087,9.592899257191949e-16,9.681954656347282e-18,2.83337328269407e-17,0.0
886,326.46268511471953,3.295550608442503,9.643353723861539,9.57656781931453e-16,9.667280624320858e-18,2.828814291892114e-17,0.0
887,326.643613336899,3.297992841598505,9.649599092838718,9.56029442946405e-16,9.652655464421035e-18,2.824271000170388e-17,0.0
888,326.82481728796637,3.300437325705923,9.655851743648244,9.544078050748626e-16,9.638078191102289e-18,2.819743110470002e-17,0.0
889,327.00627062548875,3.3028837978191667,9.662110902894035,9.527917654695572e-16,9.623547826301615e-18,2.8152303280674455e-17,0.0
890,327.1879470075065,3.3053319947877045,9.668375796884765,9.511812221217562e-16,9.609063399417277e-18,2.810732360566531e-17,0.0
891,327.3698200937289,3.3077816532691675,9.674645651670774,9.495760738579164e-16,9.594623947287782e-18,2.8062489178904243e-17,0.0
892,327.5518635467409,3.3102325097425966,9.680919693081355,9.479762203363886e-16,9.58022851417127e-18,2.801779712273808e-17,0.0
893,327.73405103321784,3.312684300521758,9.687197146762278,9.463815620441515e-16,9.565876151725108e-18,2.7973244582551236e-17,0.0
894,327.91635622515287,3.3151367617686067,9.69347723821366,9.44792000293599e-16,9.551565918985891e-18,2.792882872668938e-17,0.0
895,328.0987528010911,3.317589629506827,9.699759192828125,9.432074372193594e-16,9.537296882349663e-18,2.788454674638408e-17,0.0
896,328.2812144473761,3.32004263963549,9.706042235929248,9.416277757751569e-16,9.52306811555246e-18,2.784039585567835e-17,0.0
897,328.46371485940443,3.3224955279428143,9.712325592810295,9.400529197307123e-16,9.508878699651142e-18,2.7796373291353314e-17,0.0
898,328.6462277428891,3.3249480301200234,9.718608488773262,9.384827736686798e-16,9.49472772300448e-18,2.7752476312855693e-17,0.0
899,328.82872681513373,3.3273998817753156,9.724890149168171,9.369172429816208e-16,9.480614281254526e-18,2.77087022022263e-17,0.0
900,329.0111858063155,3.329850818447925,9.731169799432699,9.353562338690174e-16,9.466537477308256e-18,2.766504826402948e-17,0.0
901,329.1935784607764,3.3323005756222868,9.737446665132023,9.337996533343166e-16,9.45249642131946e-18,2.762151182528336e-17,0.0
902,329.37587853832383,3.334748888742304,9.743719971998996,9.32247409182013e-16,9.438490230670885e-18,2.7578090235391054e-17,0.0
903,329.5580598155406,3.337195493225694,9.749988945974545,9.306994100147632e-16,9.424518029956604e-18,2.7534780866072648e-17,0.0
904,329.7400960871028,3.339640124478458,9.75625281324839,9.291555652305358e-16,9.410578950964674e-18,2.7491581111298087e-17,0.0
905,329.9219611671066,3.3420825179094265,9.762510800299966,9.276157850197918e-16,9.39667213265997e-18,2.7448488387220837e-17,0.0
906,330.1036288904029,3.344522408944897,9.768762133939653,9.260799803626976e-16,9.382796721167279e-18,2.7405500132112336e-17,0.0
907,330.28507311394253,3.346959533043384,9.77500604135027,9.24548063026373e-16,9.368951869754623e-18,2.7362613806297327e-17,0.0
908,330.4662677181254,3.3493936257104266,9.781241750128743,9.230199455621598e-16,9.355136738816739e-18,2.73198268920897e-17,0.0
909,330.647186608162,3.351824422513517,9.787468488328125,9.214955413029323e-16,9.341350495858834e-18,2.7277136893729377e-17,0.0
910,330.82780371544,3.354251659097103,9.793685484499786,9.199747643604274e-16,9.327592315480503e-18,2.723454133731967e-17,0.0
911,331.00809299889966,3.3566750711976683,9.79989196773586,9.184575296226083e-16,9.313861379359846e-18,2.7192037770765444e-17,0.0
912,331.1880284464169,3.359094394658924,9.806087167711977,9.169437527510536e-16,9.300156876237793e-18,2.714962376371201e-17,0.0
913,331.3675840761931,3.3615093654470516,9.812270314730128,9.15433350178373e-16,9.286478001902579e-18,2.7107296907484498e-17,0.0
914,331.5467339381526,3.3639197196660473,9.81844063976184,9.139262391056504e-16,9.27282395917441e-18,2.7065054815028032e-17,0.0
915,331.72545211534793,3.3663251935731586,9.824597374491566,9.124223374999135e-16,9.259193957890337e-18,2.7022895120848522e-17,0.0
916,331.9037127253706,3.36872552359436,9.830739751360225,9.109215640916236e-16,9.245587214889212e-18,2.69808154809539e-17,0.0
917,332.08148992176973,3.371120446339947,9.836867003609036,9.09423838372195e-16,9.232002953996875e-18,2.69388135727961e-17,0.0
918,332.2587578954782,3.3735096986201945,9.842978365323543,9.079290805915365e-16,9.218440406011488e-18,2.6896887095213603e-17,0.0
919,332.4354908762425,3.3758930174610686,9.849073071477783,9.064372117556122e-16,9.20489880868895e-18,2.6855033768374377e-17,0.0
920,332.6116631340618,3.3782701401200392,9.855150357978728,9.049481536240282e-16,9.19137740672853e-18,2.6813251333719458e-17,0.0
921,332.7872489806315,3.38064080410195,9.861209461710883,9.034618287076391e-16,9.17787545175859e-18,2.6771537553907043e-17,0.0
922,332.96222277079346,3.383004747174958,9.867249620581086,9.01978160266177e-16,9.164392202322455e-18,2.6729890212757037e-17,0.0
923,333.1365589039924,3.385361707386546,9.873270073563491,9.004970723058983e-16,9.150926923864397e-18,2.66883071151961e-17,0.0
924,333.31023182573693,3.3877114230795984,9.87927006074473,8.990184895772522e-16,9.137478888715751e-18,2.6646786087203128e-17,0.0
925,333.4832160290663,3.39005363290853,9.885248823369215,8.975423375725647e-16,9.124047376081095e-18,2.6605324975755096e-17,0.0
926,333.655486056023,3.3923880758554956,9.891205603884664,8.96068542523744e-16,9.11063167202459e-18,2.6563921648773462e-17,0.0
927,333.82701649913184,3.3947144912466656,9.897139645987814,8.945970314000068e-16,9.097231069456443e-18,2.6522573995071e-17,0.0
928,333.9977820028797,3.3970326187685176,9.903050194670145,8.931277319056099e-16,9.083844868119339e-18,2.6481279924298712e-17,0.0
929,334.1677572652045,3.399342198484239,9.90893649626394,8.916605724776104e-16,9.0704723745751e-18,2.6440037366893463e-17,0.0
930,334.33691703898756,3.4016429708501557,9.91479779848839,8.901954822836375e-16,9.057112902191371e-18,2.6398844274025813e-17,0.0
931,334.5052361335478,3.403934676732207,9.920633350495832,8.887323912196741e-16,9.043765771128341e-18,2.6357698617548084e-17,0.0
932,334.6726894161449,3.4062170574225044,9.926442402918218,8.872712299078634e-16,9.030430308325641e-18,2.6316598389943004e-17,0.0
933,334.8392518134817,3.4084898546559006,9.93222420791358,8.858119296943186e-16,9.017105847489188e-18,2.6275541604272315e-17,0.0
934,335.0048983132135,3.4107528106266325,9.937978019212734,8.843544226469523e-16,9.00379172907817e-18,2.6234526294125922e-17,0.0
935,335.16960396546085,3.4130056680050083,9.943703092166075,8.828986415533194e-16,8.99048730029208e-18,2.6193550513571257e-17,0.0
936,335.33334388432377,3.415248169954125,9.949398683790447,8.814445199184664e-16,8.977191915057762e-18,2.6152612337102773e-17,0.0
937,335.4960932494022,3.417480060146645,9.955064052816164,8.79991991962799e-16,8.963904934016547e-18,2.6111709859591816e-17,0.0
938,335.6578273073164,3.4197010827815824,9.960698459734108,8.785409926199536e-16,8.950625724511373e-18,2.6070841196236575e-17,0.0
939,335.81852137323307,3.4219109826011787,9.966301166842964,8.770914575346865e-16,8.937353660574016e-18,2.603000448251239e-17,0.0
940,335.9781508323926,3.424109504907752,9.971871438296487,8.756433230607673e-16,8.924088122912271e-18,2.598919787412209e-17,0.0
941,336.1366911416393,3.426296395580641,9.977408540150927,8.741965262588852e-16,8.91082849889723e-18,2.5948419546946633e-17,0.0
942,336.2941178309531,3.4284714010931236,9.982911740412442,8.727510048945602e-16,8.897574182550502e-18,2.590766769699574e-17,0.0
943,336.45040650498555,3.430634268529417,9.988380309084695,8.713066974360679e-16,8.884324574531533e-18,2.5866940540358884e-17,0.0
944,336.605532844595,3.432784745601666,9.993813518216419,8.698635430523662e-16,8.871079082124864e-18,2.5826236313156184e-17,0.0
945,336.7594726083861,3.434922580666982,9.999210641949116,8.684214816110345e-16,8.85783711922744e-18,2.5785553271489574e-17,0.0
946,336.9122016342474,3.437047522744481,10.004570956564738,8.669804536762118e-16,8.844598106335861e-18,2.574488969139387e-17,0.0
947,337.06369584089543,3.4391593215323844,10.00989374053354,8.655404005065532e-16,8.831361470533736e-18,2.5704243868788244e-17,0.0
948,337.2139312294138,3.4412577274250835,10.015178274561812,8.641012640531775e-16,8.81812664547889e-18,2.566361411942734e-17,0.0
949,337.3628838847988,3.443342491530272,10.020423841639811,8.6266298695763205e-16,8.804893071390667e-18,2.562299877885283e-17,0.0
950,337.51052997750105,3.4454133656860555,10.025629727089576,8.612255125498528e-16,8.791660195037143e-18,2.558239620234467e-17,0.0
951,337.6568457649711,3.4474701024781043,10.030795218612905,8.597887848461358e-16,8.778427469722371e-18,2.554180476487268e-17,0.0
952,337.80180759320353,3.4495124552567913,10.035919606339261,8.583527485471078e-16,8.765194355273548e-18,2.550122286104792e-17,0.0
953,337.94539189828146,3.451540178154358,10.041002182873711,8.569173490357004e-16,8.75196031802818e-18,2.5460648905074112e-17,0.0
954,338.08757520792136,3.453553026102077,10.046042243344901,8.554825323751293e-16,8.738724830821209e-18,2.5420081330699127e-17,0.0
955,338.2283341430166,3.455550754847409,10.05103908545296,8.540482453068715e-16,8.725487372972058e-18,2.5379518591166258e-17,0.0
956,338.36764541918126,3.457533120971194,10.05599200951751,8.526144352486483e-16,8.712247430271709e-18,2.533895915916569e-17,0.0
957,338.505485848293,3.4594998819047977,10.06090031852554,8.511810502924062e-16,8.699004494969634e-18,2.5298401526785648e-17,0.0
958,338.641832340035,3.4614507959472958,10.065763318179357,8.49748039202301e-16,8.685758065760751e-18,2.5257844205463684e-17,0.0
959,338.7766619034363,3.4633856222826336,10.070580316944472,8.483153514126812e-16,8.67250764777229e-18,2.5217285725937793e-17,0.0
960,338.90995164841104,3.465304120996771,10.075350626097423,8.46882937026069e-16,8.659252752550576e-18,2.5176724638197366e-17,0.0
961,339.04167878729584,3.4672060530948388,10.080073559773627,8.454507468111452e-16,8.645992898047773e-18,2.5136159511434154e-17,0.0
962,339.1718206363866,3.469091180518273,10.084748435015154,8.440187322007301e-16,8.632727608608565e-18,2.5095588933993076e-17,0.0
963,339.3003546174708,3.4709592661619313,10.089374571818432,8.425868452897625e-16,8.619456414956727e-18,2.5055011513322805e-17,0.0
964,339.42725825936,3.472810073891203,10.093951293181922,8.411550388332782e-16,8.606178854181642e-18,2.501442587592632e-17,0.0
965,339.5525091994178,3.4746433685590854,10.098477925153702,8.397232662443852e-16,8.592894469724716e-18,2.49738306673112e-17,0.0
966,339.6760851850875,3.4764589160232613,10.102953796879032,8.382914815922378e-16,8.579602811365738e-18,2.4933224551939884e-17,0.0
967,339.79796407541426,3.478256483163139,10.107378240647773,8.368596396000056e-16,8.566303435209122e-18,2.489260621317959e-17,0.0
968,339.91812384256616,3.480035837896866,10.11175059194177,8.354276956428402e-16,8.552995903670059e-18,2.485197435325214e-17,0.0
969,340.03654257335035,3.4817967491983257,10.116070189482135,8.339956057458374e-16,8.539679785460578e-18,2.4811327693183575e-17,0.0
970,340.1531984707275,3.4835389871140947,10.120336375276443,8.325633265819958e-16,8.52635465557551e-18,2.477066497275354e-17,0.0
971,340.26806985532016,3.485262322780369,10.124548494665754,8.311308154701698e-16,8.513020095278317e-18,2.472998495044439e-17,0.0
972,340.3811351669197,3.4869665284398703,10.128705896371669,8.296980303730191e-16,8.499675692086874e-18,2.4689286403390212e-17,0.0
973,340.4923729659867,3.4886513774586847,10.132807932543102,8.282649298949502e-16,8.486321039759052e-18,2.464856812732539e-17,0.0
974,340.6017619351478,3.4903166443430997,10.136853958803066,8.268314732800543e-16,8.472955738278272e-18,2.4607828936533104e-17,0.0
975,340.70928088068985,3.4919621047563796,10.140843334295258,8.253976204100412e-16,8.459579393838903e-18,2.456706766379351e-17,0.0
976,340.81490873404493,3.493587535535485,10.144775421730504,8.239633318021593e-16,8.446191618831501e-18,2.4526283160331498e-17,0.0
977,340.9186245532751,3.4951927147077853,10.148649587433122,8.225285686071185e-16,8.43279203182801e-18,2.4485474295764453e-17,0.0
978,341.0204075245482,3.4967774215076775,10.152465201387058,8.210932926069983e-16,8.41938025756675e-18,2.4444639958049427e-17,0.0
979,341.1202369636097,3.4983414363931886,10.156221637281917,8.196574662131515e-16,8.405955926937317e-18,2.440377905343018e-17,0.0
980,341.2180923172499,3.499884541062516,10.159918272558842,8.182210524641025e-16,8.39251867696537e-18,2.436289050638393e-17,0.0
981,341.3139531647621,3.5014065184704948,10.163554488456167,8.167840150234315e-16,8.379068150797201e-18,2.4321973259567584e-17,0.0
982,341.4077992193983,3.5029071528450437,10.167129670054953,8.153463181776573e-16,8.365603997684267e-18,2.4281026273763914e-17,0.0
983,341.4996103298162,3.504386229703518,10.170643206324323,8.139079268341067e-16,8.352125872967513e-18,2.424004852782719e-17,0.0
984,341.58936648151985,3.5058435358690128,10.174094490166578,8.124688065187756e-16,8.338633438061546e-18,2.4199039018628506e-17,0.0
985,341.6770477982943,3.507278859486611,10.177482918462172,8.11028923374183e-16,8.325126360438715e-18,2.415799676100081e-17,0.0
986,341.7626345436334,3.5086919900395537,10.180807892114455,8.095882441572141e-16,8.311604313612991e-18,2.4116920787683553e-17,0.0
987,341.846107122159,3.5100827183653402,10.184068816094207,8.081467362369525e-16,8.298066977123704e-18,2.4075810149266908e-17,0.0
988,341.9274460810345,3.511450836671773,10.187265099483977,8.067043675925049e-16,8.28451403651915e-18,2.40346639141357e-17,0.0
989,342.0066321113695,3.5127961385529054,10.190396155522178,8.05261106810814e-16,8.270945183339999e-18,2.3993481168412876e-17,0.0
990,342.08364604961736,3.5141184190049435,10.193461401646976,8.038169230844604e-16,8.257360115102591e-18,2.3952261015902635e-17,0.0
991,342.1584688789644,3.515417474442037,10.196460259539935,8.023717862094552e-16,8.243758535282015e-18,2.3911002578033117e-17,0.0
992,342.23108173071097,3.516693102712015,10.199392155169418,8.009256665830197e-16,8.230140153295062e-18,2.3869704993798713e-17,0.0
993,342.3014658856434,3.517945103112033,10.202256518833755,7.994785352013549e-16,8.216504684483002e-18,2.382836741970195e-17,0.0
994,342.3696027753999,3.5191732764041386,10.205052785204177,7.980303636574025e-16,8.202851850094206e-18,2.378698902969501e-17,0.0
995,342.43547398382304,3.520377424830731,10.207780393367418,7.965811241385855e-16,8.189181377266534e-18,2.3745569015120675e-17,0.0
996,342.49906124830784,3.5215573521299586,10.210438786868156,7.951307894245483e-16,8.175492999009645e-18,2.3704106584653056e-17,0.0
997,342.56034646113744,3.5227128635510163,10.213027413751096,7.936793328848745e-16,8.161786454187056e-18,2.3662600964237678e-17,0.0
998,342.6193116708119,3.5238437658693385,10.215545726602839,7.9222672847680135e-16,8.148061487498062e-18,2.3621051397031305e-17,0.0
999,342.67593908336323,3.5249498674017032,10.217993182593393,7.907729507429112e-16,8.134317849459444e-18,2.3579457143341093e-17,0.0
1000,342.73021106366593,3.5260309780212546,10.220369243517498,7.893179748088215e-16,8.120555296387052e-18,2.353781748056357e-17,0.0
1001,342.7821101367338,3.5270869091724006,10.222673375835578,7.878617763808547e-16,8.106773590377152e-18,2.349613170312293e-17,0.0
1002,342.8316189890067,3.528117473885615,10.22490505071439,7.864043317436956e-16,8.092972499287593e-18,2.3454399122408927e-17,0.0
1003,342.8787204696286,3.5291224867921582,10.227063744067436,7.849456177580391e-16,8.079151796718843e-18,2.3412619066714386e-17,0.0
1004,342.9233975917133,3.5301017641386467,10.229148936594955,7.834856118582197e-16,8.06531126199475e-18,2.3370790881172062e-17,0.0
1005,342.96563353360096,3.5310551238015715,10.231160113823718,7.820242920498332e-16,8.051450680143214e-18,2.3328913927691267e-17,0.0
1006,343.0054116401016,3.5319823853016477,10.233096766146392,7.805616369073387e-16,8.037569841876574e-18,2.3286987584893764e-17,0.0
1007,343.0427154237288,3.532883369818098,10.234958388860635,7.790976255716499e-16,8.023668543571871e-18,2.3245011248049326e-17,0.0
1008,343.0775285659223,3.5337579002028003,10.236744482207842,7.77632237747715e-16,8.009746587250903e-18,2.3202984329010822e-17,0.0
1009,343.10983491825704,3.5346058009943055,10.238454551411506,7.761654537020749e-16,7.995803780560041e-18,2.3160906256148638e-17,0.0
1010,343.13961850364257,3.5354268984317727,10.240088106715312,7.746972542604145e-16,7.981839936749925e-18,2.311877647428482e-17,0.0
1011,343.1668635175096,3.5362210204687505,10.241644663420805,7.732276208050975e-16,7.967854874654913e-18,2.3076594444626593e-17,0.0
1012,343.1915543289841,3.5369879967868525,10.24312374192473,7.717565352726842e-16,7.953848418672342e-18,2.303435964469937e-17,0.0
1013,343.2136754820499,3.5377276588093034,10.244524867756002,7.702839801514386e-16,7.939820398741605e-18,2.299207156827932e-17,0.0
1014,343.23321169669674,3.5384398397143486,10.245847571612288,7.688099384788153e-16,7.925770650322992e-18,2.2949729725325327e-17,0.0
1015,343.2501478700597,3.5391243744485625,10.247091389396264,7.673343938389407e-16,7.911699014376407e-18,2.290733364191061e-17,0.0
1016,343.2644690775407,3.5397810997399892,10.248255862251414,7.658573303600679e-16,7.897605337339786e-18,2.2864882860153595e-17,0.0
1017,343.2761605739208,3.5404098541111795,10.2493405365975,7.643787327120269e-16,7.883489471107393e-18,2.2822376938148476e-17,0.0
1018,343.2852077944575,3.541010477892078,10.250344964165619,7.628985861036527e-16,7.869351273007871e-18,2.277981544989514e-17,0.0
1019,343.29159635596943,3.541582813232784,10.251268702032867,7.614168762802025e-16,7.855190605782119e-18,2.273719798522864e-17,0.0
1020,343.29531205790664,3.5421267041161593,10.252111312656586,7.599335895207552e-16,7.841007337560929e-18,2.2694524149748063e-17,0.0
1021,343.2963408834076,3.542641996370308,10.252872363908207,7.584487126355965e-16,7.826801341842456e-18,2.265179356474496e-17,0.0
1022,343.2946690003428,3.5431285376809107,10.253551429106695,7.5696223296359e-16,7.812572497469465e-18,2.2609005867131197e-17,0.0
1023,343.29028276234374,3.5435861776034154,10.25414808705157,7.55474138369531e-16,7.798320688606382e-18,2.2566160709366332e-17,0.0
1024,343.28316870981723,3.544014767575076,10.254661922055467,7.539844172414852e-16,7.784045804716129e-18,2.2523257759384352e-17,0.0
1025,343.2733135709462,3.5444141609268476,10.255092523976312,7.524930584881129e-16,7.76974774053675e-18,2.2480296700520025e-17,0.0
1026,343.260704262676,3.5447842128951415,10.255439488249072,7.510000515359786e-16,7.755426396057878e-18,2.243727723143465e-17,0.0
1027,343.24532789168495,3.5451247806334063,10.255702415917,7.495053863268416e-16,7.741081676496924e-18,2.239419906604125e-17,0.0
1028,343.2271717553407,3.5454357232235787,10.255880913662502,7.480090533149344e-16,7.726713492275114e-18,2.235106193342929e-17,0.0
1029,343.2062233426423,3.5457169016873666,10.255974593837529,7.465110434642252e-16,7.712321758993304e-18,2.2307865577788836e-17,0.0
1030,343.18247033514547,3.5459681789973776,10.255983074493512,7.450113482456631e-16,7.697906397407586e-18,2.2264609758334186e-17,0.0
1031,343.15590060787383,3.546189420088092,10.255905979410839,7.435099596344091e-16,7.683467333404692e-18,2.2221294249226968e-17,0.0
1032,343.1265022302146,3.546380491866674,10.255742938127893,7.42006870107052e-16,7.669004497977197e-18,2.2177918839498734e-17,0.0
1033,343.09426346679805,3.5465412632236233,10.255493585969596,7.405020726388081e-16,7.654517827198514e-18,2.2134483332972998e-17,0.0
1034,343.0591727783616,3.546671605043258,10.255157564075473,7.389955607007044e-16,7.640007262197676e-18,2.2090987548186724e-17,0.0
1035,343.0212188225976,3.546771390214036,10.254734519427267,7.374873282567474e-16,7.625472749133915e-18,2.2047431318311314e-17,0.0
1036,342.98039045498655,3.546840493638718,10.25422410487608,7.359773697610787e-16,7.610914239171069e-18,2.200381449107312e-17,0.0
1037,342.9366767296122,3.5468787922443465,10.253625979168993,7.344656801551102e-16,7.596331688451728e-18,2.1960136928673326e-17,0.0
1038,342.89006689996114,3.5468861649920638,10.252939806975204,7.32952254864647e-16,7.581725058071224e-18,2.1916398507707334e-17,0.0
1039,342.8405504197067,3.5468624928867665,10.252165258911711,7.314370897969954e-16,7.567094314051394e-18,2.1872599119083682e-17,0.0
1040,342.78811694347553,3.5468076589865736,10.251302011568455,7.299201813380548e-16,7.552439427314159e-18,2.1828738667942424e-17,0.0
1041,342.73275632759726,3.5467215484121266,10.250349747532985,7.284015263493929e-16,7.537760373654877e-18,2.17848170735729e-17,0.0
1042,342.67445863083844,3.5466040483557206,10.249308155414615,7.268811221653089e-16,7.523057133715523e-18,2.174083426933114e-17,0.0
1043,342.6132141151175,3.546455048090241,10.248176929868036,7.253589665898766e-16,7.508329692957634e-18,2.1696790202556553e-17,0.0
1044,342.54901324620613,3.546274438977947,10.246955771616493,7.23835057893979e-16,7.493578041635097e-18,2.1652684834488325e-17,0.0
1045,342.4818466944091,3.546062114479049,10.245644387474364,7.223093948123215e-16,7.4788021747667e-18,2.160851814018111e-17,0.0
1046,342.41170533523155,3.545817970160132,10.244242490369286,7.207819765404359e-16,7.464002092108524e-18,2.1564290108420387e-17,0.0
1047,342.33858025002417,3.545541903702368,10.242749799363684,7.192528027316631e-16,7.449177798126084e-18,2.1520000741637093e-17,0.0
1048,342.26246272661433,3.5452338149095697,10.241166039675846,7.177218734941269e-16,7.434329301966327e-18,2.1475650055821958e-17,0.0
1049,342.1833442599186,3.544893605716044,10.239490942700424,7.161891893876901e-16,7.419456617429411e-18,2.1431238080439225e-17,0.0
1050,342.1012165525374,3.544521180194274,10.237724246028433,7.146547514208979e-16,7.404559762940307e-18,2.1386764858339943e-17,0.0
1051,342.0160715153305,3.5441164445623876,10.235865693466637,7.131185610479019e-16,7.389638761520155e-18,2.1342230445674612e-17,0.0
1052,341.9279012679786,3.543679307191472,10.233915035056514,7.115806201653785e-16,7.374693640757518e-18,2.129763491180556e-17,0.0
1053,341.83669813952145,3.5432096786126657,10.231872027092571,7.100409311094227e-16,7.359724432779352e-18,2.125297833921863e-17,0.0
1054,341.7424546688826,3.542707471524093,10.229736432140175,7.084994966524368e-16,7.344731174221872e-18,2.1208260823434515e-17,0.0
1055,341.6451636053738,3.5421726007975733,10.227508019052811,7.069563199999992e-16,7.329713906201161e-18,2.116348247291954e-17,0.0
1056,341.54481790918055,3.5416049834851586,10.225186562988767,7.054114047877213e-16,7.314672674283627e-18,2.111864340899595e-17,0.0
1057,341.441410751831,3.5410045388254736,10.22277184542732,7.038647550780904e-16,7.29960752845628e-18,2.107374376575181e-17,0.0
1058,341.3349355166455,3.5403711882498605,10.220263654184333,7.0231637535730045e-16,7.284518523096814e-18,2.102878368995038e-17,0.0
1059,341.22538579916653,3.5397048553883126,10.217661783427232,7.007662705320642e-16,7.269405716943484e-18,2.098376334093895e-17,0.0
1060,341.11275540757305,3.539005466075246,10.214966033689556,6.992144459264196e-16,7.254269173064867e-18,2.093868289055739e-17,0.0
1061,340.99703836307265,3.538272948355033,10.212176211884799,6.97660907278516e-16,7.23910895882937e-18,2.0893542523046056e-17,0.0
1062,340.87822890027763,3.5375072324873695,10.209292131319797,6.961056607373911e-16,7.223925145874618e-18,2.0848342434953394e-17,0.0
1063,340.75632146756016,3.5367082509524135,10.206313611707444,6.945487128597327e-16,7.208717810076621e-18,2.080308283504294e-17,0.0
1064,340.6313107273905,3.5358759384557543,10.203240479178932,6.929900706066302e-16,7.193487031518812e-18,2.0757763944200067e-17,0.0
1065,340.5031915566556,3.5350102319331613,10.200072566295361,6.914297413403121e-16,7.178232894460887e-18,2.071238599533814e-17,0.0
1066,340.37195904695704,3.5341110705551197,10.196809712058743,6.898677328208677e-16,7.162955487307457e-18,2.0666949233304233e-17,0.0
1067,340.23760850489265,3.5331783957311944,10.19345176192252,6.883040532029635e-16,7.147654902576576e-18,2.0621453914784575e-17,0.0
1068,340.1001354523171,3.532212151114167,10.189998567801414,6.867387110325415e-16,7.132331236868072e-18,2.0575900308209393e-17,0.0
1069,339.9595356265842,3.5312122826039753,10.186449988080753,6.851717152435081e-16,7.116984590831727e-18,2.0530288693657457e-17,0.0
1070,339.8158049807685,3.5301787383514416,10.18280588762514,6.836030751544086e-16,7.101615069135266e-18,2.0484619362760104e-17,0.0
1071,339.66893968387046,3.529111468761813,10.179066137786636,6.820328004650956e-16,7.086222780432235e-18,2.0438892618604986e-17,0.0
1072,339.5189361209993,3.528010426498069,10.175230616412282,6.804609012533791e-16,7.070807837329674e-18,2.0393108775639327e-17,0.0
1073,339.3657908935379,3.5268755664840494,10.171299207851044,6.788873879716701e-16,7.05537035635566e-18,2.0347268159572768e-17,0.0
1074,339.20950081928873,3.5257068459073557,10.1672718029602,6.773122714436117e-16,7.039910457926688e-18,2.0301371107279933e-17,0.0
1075,339.0500629325991,3.5245042242220492,10.163148299111079,6.757355628606976e-16,7.024428266314893e-18,2.0255417966702457e-17,0.0
1076,338.8874744844679,3.523267663151146,10.158928600194276,6.741572737788835e-16,7.008923909615133e-18,2.0209409096750782e-17,0.0
1077,338.721732942632,3.521997126688902,10.154612616624208,6.725774161151846e-16,6.99339751971192e-18,2.0163344867205478e-17,0.0
1078,338.5528359916348,3.5206925811028755,10.150200265343136,6.709960021442647e-16,6.977849232246198e-18,2.0117225658618273e-17,0.0
1079,338.3807815328725,3.5193539949357997,10.145691469824515,6.6941304449501425e-16,6.962279186581988e-18,2.0071051862212627e-17,0.0
1080,338.20556768462285,3.51798133900723,10.141086160075817,6.678285561471183e-16,6.94668752577288e-18,2.0024823879784056e-17,0.0
1081,338.02719278205507,3.5165745864150004,10.136384272640772,6.662425504276189e-16,6.931074396528422e-18,1.9978542123600138e-17,0.0
1082,337.8456553772162,3.5151337125364255,10.131585750600868,6.646550410074584e-16,6.915439949180289e-18,1.993220701629994e-17,0.0
1083,337.6609542390028,3.5136586950293536,10.12669054357645,6.630660418980255e-16,6.8997843376484305e-18,1.9885818990793452e-17,0.0
1084,337.47308835310974,3.5121495138329597,10.121698607727081,6.614755674476838e-16,6.884107719407001e-18,1.9839378490160447e-17,0.0
1085,337.2820569219597,3.5106061511683384,10.116609905751336,6.598836323382932e-16,6.868410255450177e-18,1.979288596754909e-17,0.0
1086,337.0878593646147,3.509028591538906,10.11142440688603,6.582902515817266e-16,6.852692110257897e-18,1.9746341886074306e-17,0.0
1087,336.8904953166661,3.507416821730563,10.106142086904818,6.566954405163734e-16,6.836953451761407e-18,1.9699746718715762e-17,0.0
1088,336.6899646301053,3.5057708308116498,10.10076292811615,6.550992148036363e-16,6.821194451308721e-18,1.9653100948215513e-17,0.0
1089,336.486267373176,3.5040906101327134,10.095286919360738,6.535015904244227e-16,6.805415283629975e-18,1.960640506697551e-17,0.0
1090,336.2794038302058,3.502376153326036,10.089714056008331,6.519025836756262e-16,6.789616126802645e-18,1.9559659576954734e-17,0.0
1091,336.0693745014174,3.5006274563049526,10.084044339953866,6.503022111665994e-16,6.7737971622166296e-18,1.9512864989565938e-17,0.0
1092,335.8561801027223,3.498844517262979,10.07827777961316,6.487004898156233e-16,6.757958574539284e-18,1.9466021825572404e-17,0.0
1093,335.6398215654928,3.497027336672702,10.072414389917821,6.470974368463664e-16,6.742100551680281e-18,1.941913061498415e-17,0.0
1094,335.42030003631584,3.4951759172844694,10.066454192309696,6.454930697843397e-16,6.726223284756405e-18,1.937219189695407e-17,0.0
1095,335.1976168767258,3.493290264124867,10.060397214734639,6.438874064533422e-16,6.710326968056224e-18,1.9325206219673732e-17,0.0
1096,334.9717736629198,3.491370384494984,10.054243491635745,6.422804649719042e-16,6.694411799004677e-18,1.9278174140269022e-17,0.0
1097,334.7427721854515,3.489416287968463,10.04799306394592,6.406722637497213e-16,6.67847797812755e-18,1.9231096224695468e-17,0.0
1098,334.51061444890604,3.487427986389342,10.041645979079886,6.390628214840838e-16,6.6625257090158625e-18,1.9183973047633386e-17,0.0
1099,334.27530267155703,3.485405493869685,10.035202290925623,6.374521571563027e-16,6.646555198290176e-18,1.9136805192382877e-17,0.0
1100,334.03683928500044,3.4833488267869925,10.028662059835126,6.358402900281259e-16,6.630566655564772e-18,1.9089593250758445e-17,0.0
1101,333.7952269337737,3.4812580037814125,10.022025352614648,6.342272396381549e-16,6.614560293411796e-18,1.904233782298361e-17,0.0
1102,333.5504684749518,3.4791330457527487,10.015292242514347,6.326130257982543e-16,6.598536327325303e-18,1.8995039517585253e-17,0.0
1103,333.3025669777259,3.4769739758572236,10.008462809217244,6.309976685899548e-16,6.58249497568518e-18,1.894769895128769e-17,0.0
1104,333.0515257229616,3.4747808195040633,10.00153713882772,6.293811883608564e-16,6.566436459721046e-18,1.890031674890672e-17,0.0
1105,332.7973482027399,3.4725536043518703,9.994515323859346,6.27763605721025e-16,6.550361003476063e-18,1.8852893543243464e-17,0.0
1106,332.5400381198761,3.470292360304776,9.987397463222123,6.261449415393867e-16,6.534268833770661e-18,1.880542997497797e-17,0.0
1107,332.2795993874224,3.4679971195083845,9.980183662209171,6.245252169401174e-16,6.518160180166206e-18,1.8757926692562775e-17,0.0
1108,332.01603612814955,3.4656679163455135,9.972874032482789,6.229044532990306e-16,6.502035274928588e-18,1.871038435211624e-17,0.0
1109,331.74935267401014,3.463304787431729,9.965468692059968,6.212826722399623e-16,6.485894352991776e-18,1.8662803617315822e-17,0.0
1110,331.47955356558344,3.4609077716106667,9.957967765297312,6.196598956311531e-16,6.46973765192128e-18,1.861518515929119e-17,0.0
1111,331.2066435515008,3.458476909949153,9.950371382875355,6.180361455816287e-16,6.4535654118775924e-18,1.8567529656517235e-17,0.0
1112,330.9306275878519,3.4560122457321145,9.942679681782323,6.164114444375771e-16,6.43737787557953e-18,1.851983779470695e-17,0.0
1113,330.6515108375734,3.4535138244572803,9.934892805297322,6.147858147787261e-16,6.421175288267571e-18,1.8472110266704264e-17,0.0
1114,330.3692986698171,3.4509816938296884,9.927010902972892,6.131592794147168e-16,6.404957897667112e-18,1.842434777237669e-17,0.0
1115,330.0839966593032,3.448415903755989,9.91903413061714,6.115318613814814e-16,6.388725953951721e-18,1.8376551018508106e-17,0.0
1116,329.7956105856487,3.445816506338518,9.910962650275069,6.099035839376108e-16,6.372479709706277e-18,1.8328720718691114e-17,0.0
1117,329.50414643268465,3.443183555869204,9.902796630209554,6.08274470560732e-16,6.356219419890152e-18,1.8280857593219694e-17,0.0
1118,329.2096103877502,3.440517108823262,9.894536244881659,6.0664454494387955e-16,6.339945341800333e-18,1.8232962368981635e-17,0.0
1119,328.91200884096946,3.437817223852659,9.88618167493034,6.050138309918659e-16,6.323657735034457e-18,1.8185035779350832e-17,0.0
1120,328.61134838451136,3.4350839617794264,9.877733107151727,6.033823528176575e-16,6.307356861453915e-18,1.81370785640798e-17,0.0
1121,328.3076358118304,3.4323173855887323,9.869190734477701,6.017501347387464e-16,6.291042985146847e-18,1.8089091469191904e-17,0.0
1122,328.0008781168889,3.429517560421772,9.86055475595398,6.001172012735237e-16,6.27471637239115e-18,1.8041075246873685e-17,0.0
1123,327.6910824933632,3.42668455356847,9.851825376717695,5.984835771376577e-16,6.258377291617484e-18,1.799303065536724e-17,0.0
1124,327.37825633383056,3.4238184344599634,9.843002807974335,5.9684928724046955e-16,6.242026013372222e-18,1.7944958458862482e-17,0.0
1125,327.0624072289384,3.4209192746609074,9.834087266974178,5.952143566813114e-16,6.225662810280415e-18,1.7896859427389442e-17,0.0
1126,326.7435429665571,3.417987147861574,9.825078976988191,5.935788107459481e-16,6.209287957008734e-18,1.7848734336710617e-17,0.0
1127,326.42167153091333,3.4150221298697736,9.81597816728338,5.919426749029401e-16,6.192901730228429e-18,1.7800583968213357e-17,0.0
1128,326.09680110170905,3.412024298602559,9.806785073097583,5.903059748000292e-16,6.176504408578246e-18,1.7752409108802215e-17,0.0
1129,325.76894005322026,3.408993734077764,9.797499935613773,5.886687362605281e-16,6.160096272627387e-18,1.770421055079144e-17,0.0
1130,325.4380969533796,3.4059305184053303,9.78812300193376,5.870309852797104e-16,6.14367760483843e-18,1.765598909179739e-17,0.0
1131,325.1042805628432,3.4028347357784616,9.778654525051437,5.853927480212073e-16,6.1272486895303015e-18,1.760774553463115e-17,0.0
1132,324.76749983403886,3.3997064724645734,9.769094763825466,5.83754050813407e-16,6.110809812841218e-18,1.7559480687191147e-17,0.0
1133,324.4277639101976,3.396545816796066,9.759443982951408,5.821149201458558e-16,6.094361262691656e-18,1.751119536235579e-17,0.0
1134,324.08508212437073,3.39335285916092,9.749702452933434,5.804753826656685e-16,6.077903328747364e-18,1.7462890377876356e-17,0.0
1135,323.73946399842686,3.3901276919930776,9.739870450055399,5.78835465173938e-16,6.06143630238233e-18,1.7414566556269783e-17,0.0
1136,323.3909192420361,3.3868704097626807,9.729948256351516,5.771951946221541e-16,6.044960476641854e-18,1.7366224724711735e-17,0.0
1137,323.03945775163425,3.383581108966084,9.71993615957643,5.75554598108624e-16,6.0284761462055636e-18,1.731786571492966e-17,0.0
1138,322.6850896093752,3.3802598881157326,9.70983445317488,5.739137028749019e-16,6.0119836073505336e-18,1.7269490363096063e-17,0.0
1139,322.32782508206293,3.3769068477298148,-9.699643436250772,5.72272536302221e-16,5.995483157914376e-18,-1.722109950972184e-17,0.0
1140,321.96767462007074,3.3735220903217735,-9.689363413535832,5.70631125907934e-16,5.978975097258407e-18,-1.7172693999549808e-17,0.0
1141,321.6046488562432,3.3701057203896174,-9.678994695357702,5.689894993419579e-16,5.9624597262308256e-18,-1.7124274681448323e-17,0.0
1142,321.2387586047829,3.3666578444050685,-9.668537597607616,5.673476843832271e-16,5.9459373471299534e-18,-1.707584240830514e-17,0.0
1143,320.8700148601228,3.363178570802539,-9.657992441707563,5.657057089361543e-16,5.929408263667521e-18,-1.7027398036921405e-17,0.0
1144,320.49842879578006,3.3596680099679133,-9.647359554576934,5.640636010270936e-16,5.912872780931969e-18,-1.6978942427905758e-17,0.0
1145,320.1240117631994,3.3561262742271936,-9.63663926859877,5.624213888008184e-16,5.896331205351848e-18,-1.693047644556876e-17,0.0
1146,319.74677529057664,3.3525534778349373,-9.625831921585458,5.60779100517e-16,5.879783844659226e-18,-1.6882000957817337e-17,0.0
1147,319.36673108167173,3.348949736962573,-9.614937856744072,5.591367645467004e-16,5.863231007853214e-18,-1.6833516836049665e-17,0.0
1148,318.9838910146031,3.345315169686491,-9.603957422641104,5.574944093688678e-16,5.8466730051634636e-18,-1.678502495504998e-17,0.0
1149,318.5982671406306,3.3416498959760306,-9.592890973166888,5.558520635668455e-16,5.830110148013829e-18,-1.6736526192883878e-17,0.0
1150,318.2098716829219,3.337954037681255,-9.58173886749946,5.542097558248858e-16,5.813542748986012e-18,-1.6688021430793637e-17,0.0
1151,317.8187170353064,3.334227718520598,-9.570501470068061,5.525675149246769e-16,5.796971121783339e-18,-1.6639511553093942e-17,0.0
1152,317.4248157610133,3.3304710640683273,-9.559179150516119,5.509253697418752e-16,5.780395581194564e-18,-1.6590997447067733e-17,0.0
1153,317.028180591397,3.326684201741867,-9.547772283663843,5.492833492426507e-16,5.763816443057785e-18,-1.654248000286238e-17,0.0
1154,316.62882442464763,3.3228672607889442,-9.536281249470358,5.476414824802392e-16,5.747234024224401e-18,-1.6493960113386053e-17,0.0
1155,316.22676032448993,3.319020372274604,-9.524706432995442,5.459997985915087e-16,5.730648642523201e-18,-1.6445438674204484e-17,0.0
1156,315.82200151886656,3.315143669068056,-9.513048224360835,5.443583267935332e-16,5.714060616724503e-18,-1.6396916583437912e-17,0.0
1157,315.4145613986085,3.311237285829363,-9.501307018711065,5.427170963801767e-16,5.697470266504371e-18,-1.634839474165828e-17,0.0
1158,315.0044535160942,3.307301358996003,-9.489483216173992,5.410761367186927e-16,5.680877912408975e-18,-1.6299874051786907e-17,0.0
1159,314.5916915838937,3.303336026769259,-9.477577221820805,5.394354772463302e-16,5.6642838758189955e-18,-1.6251355418992267e-17,0.0
1160,314.1762894734002,3.2993414291004726,-9.465589445625705,5.377951474669529e-16,5.647688478914139e-18,-1.6202839750588184e-17,0.0
1161,313.75826121345085,3.295317707677161,-9.45352030242518,5.361551769476721e-16,5.631092044637781e-18,-1.615432795593238e-17,0.0
1162,313.3376209889334,3.291265005908978,-9.441370211876862,5.345155953154899e-16,5.614494896661676e-18,-1.6105820946325275e-17,0.0
1163,312.9143831393802,3.28718346891353,-9.42913959841799,5.328764322539532e-16,5.597897359350783e-18,-1.605731963490914e-17,0.0
1164,312.48856215755313,3.283073243502084,-9.41682889122357,5.312377174998255e-16,5.5812997577282356e-18,-1.6008824936567697e-17,0.0
1165,312.0601726880125,3.278934478165097,-9.40443852416404,5.295994808397653e-16,5.564702417440367e-18,-1.5960337767825912e-17,0.0
1166,311.62922952567845,3.2747673230576435,-9.391968935762682,5.279617521070237e-16,5.54810566472191e-18,-1.5911859046750334e-17,0.0
1167,311.19574761437667,3.2705719299846816,-9.379420569152563,5.263245611781491e-16,5.531509826361249e-18,-1.58633896928496e-17,0.0
1168,310.7597420453768,3.2663484523862194,-9.366793872033218,5.246879379697122e-16,5.51491522966587e-18,-1.5814930626975528e-17,0.0
1169,310.3212280559173,3.2620970453223235,-9.354089296626912,5.2305191243504e-16,5.498322202427876e-18,-1.5766482771224483e-17,0.0
1170,309.88022102771936,3.25781786545801,-9.341307299634556,5.214165145609654e-16,5.481731072889643e-18,-1.5718047048839105e-17,0.0
1171,309.4367364854918,3.2535110710480226,-9.328448342191335,5.197817743645932e-16,5.4651421697096355e-18,-1.5669624384110574e-17,0.0
1172,308.99079009542316,3.249176821921463,-9.315512889821937,5.18147721890077e-16,5.44855582192831e-18,-1.562121570228115e-17,0.0
1173,308.5423976636659,3.244815279466323,-9.302501412395495,5.165143872054149e-16,5.4319723589341916e-18,-1.5572821929447235e-17,0.0
1174,308.09157513480756,3.2404266066138754,-9.289414384080168,5.148818003992572e-16,5.415392110430062e-18,-1.552444399246276e-17,0.0
1175,307.6383385903352,3.2360109678229723,-9.276252283297453,5.132499915777325e-16,5.398815406399315e-18,-1.5476082818843154e-17,0.0
1176,307.18270424708646,3.231568529064201,-9.263015592676119,5.116189908612854e-16,5.382242577072425e-18,-1.5427739336669562e-17,0.0
1177,306.7246884556948,3.227099457803948,-9.249704799005897,5.099888283815353e-16,5.365673952893593e-18,-1.5379414474493695e-17,0.0
1178,306.2643076990226,3.2226039229883447,-9.236320393190839,5.083595342781471e-16,5.349109864487525e-18,-1.5331109161243052e-17,0.0
1179,305.80157859058613,3.218082095027095,-9.22286287020237,5.067311386957196e-16,5.332550642626366e-18,-1.5282824326126587e-17,0.0
1180,305.33651787297055,3.2135341457772046,-9.209332729032063,5.051036717806902e-16,5.315996618196772e-18,-1.5234560898540858e-17,0.0
1181,304.86914241623873,3.2089602485266133,-9.195730472644161,5.034771636782581e-16,5.2994481221671884e-18,-1.5186319807976745e-17,0.0
1182,304.3994692163282,3.2043605779777034,-9.182056607927754,5.018516445293224e-16,5.282905485555228e-18,-1.513810198392651e-17,0.0
1183,303.92751539344226,3.1997353102307264,-9.168311645648775,5.002271444674384e-16,5.266369039395256e-18,-1.5089908355791476e-17,0.0
1184,303.45329819043104,3.1950846227671215,-9.15449610040163,4.986036936157912e-16,5.249839114706116e-18,-1.5041739852790116e-17,0.0
1185,302.97683497116554,3.1904086944327323,-9.140610490560645,4.969813220841863e-16,5.233316042459028e-18,-1.4993597403866684e-17,0.0
1186,302.49814321890494,3.1857077054209535,-9.126655338231258,4.9536005996606105e-16,5.216800153545679e-18,-1.4945481937600413e-17,0.0
1187,302.0172405346536,3.180981837255749,-9.112631169200894,4.937399373355093e-16,5.200291778746445e-18,-1.4897394382115116e-17,0.0
1188,301.5341446355136,3.176231272774614,-9.098538512889704,4.9212098424432935e-16,5.183791248698828e-18,-1.4849335664989445e-17,0.0
1189,301.0488733530279,3.171456196111426,-9.084377902300972,4.905032307190866e-16,5.167298893866044e-18,-1.4801306713167574e-17,0.0
1190,300.5614446315178,3.166656792679217,-9.07014987397135,4.8888670675819755e-16,5.150815044505799e-18,-1.4753308452870476e-17,0.0
1191,300.07187652641414,3.161833249152877,-9.055854967920887,4.872714423290319e-16,5.134340030639268e-18,-1.4705341809507797e-17,0.0
1192,299.58018720257957,3.1569857534517474,-9.041493727602774,4.856574673650324e-16,5.117874182020213e-18,-1.4657407707590148e-17,0.0
1193,299.08639493262746,3.152114494722158,-9.027066699852952,4.840448117628568e-16,5.101417828104335e-18,-1.4609507070642094e-17,0.0
1194,298.5905180952333,3.147219663319889,-9.012574434839493,4.824335053795379e-16,5.084971298018796e-18,-1.4561640821115665e-17,0.0
1195,298.09257517343906,3.1423014507925284,-8.998017486011744,4.808235780296619e-16,5.068534920531915e-18,-1.451380988030436e-17,0.0
1196,297.5925847529545,3.1373600498618,-8.983396410049359,4.792150594825694e-16,5.052109024023096e-18,-1.4466015168257865e-17,0.0
1197,297.09056552045064,3.1323956544057885,-8.968711766811087,4.776079794595752e-16,5.035693936452921e-18,-1.441825760369727e-17,0.0
1198,296.5865362618493,3.1274084594411096,-8.95396411928341,4.760023676312081e-16,5.0192899853334536e-18,-1.4370538103930898e-17,0.0
1199,296.0805158606069,3.1223986611050174,-8.939154033529004,4.743982536144717e-16,5.002897497698749e-18,-1.4322857584770717e-17,0.0
1200,295.57252329599396,3.117366456637436,-8.924282078635033,4.72795666970126e-16,4.986516800075547e-18,-1.427521696044938e-17,0.0
1201,295.06257764136916,3.112312044362945,-8.909348826661287,4.711946371999889e-16,4.970148218454195e-18,-1.422761714353785e-17,0.0
1202,294.55069806245046,3.1072356236726986,-8.894354852588195,4.69595193744261e-16,4.953792078259764e-18,-1.4180059044863682e-17,0.0
1203,294.03690381558,3.1021373950062845,-8.879300734264643,4.679973659788683e-16,4.937448704323365e-18,-1.4132543573429845e-17,0.0
1204,293.5212142459861,3.097017559833532,-8.86418705235567,4.664011832128283e-16,4.9211184208536934e-18,-1.4085071636334214e-17,0.0
1205,293.00364878604313,3.091876320636286,-8.849014390290115,4.648066746856395e-16,4.904801551408796e-18,-1.403764413868979e-17,0.0
1206,292.48422695352355,3.086713880890086,-8.833783334207968,4.63213869564687e-16,4.888498418867999e-18,-1.3990261983545297e-17,0.0
1207,291.96296834985145,3.081530445045852,-8.81849447290779,4.616227969426769e-16,4.872209345404135e-18,-1.3942926071806745e-17,0.0
1208,291.43989265834847,3.0763262185114786,-8.803148397793867,4.600334858350855e-16,4.855934652455901e-18,-1.3895637302159338e-17,0.0
1209,290.9150196424811,3.0711014076334266,-8.787745702823376,4.584459651776382e-16,4.839674660700518e-18,-1.384839657099028e-17,0.0
1210,290.38836914410183,3.0658562196782366,-8.772286984453372,4.568602638238045e-16,4.823429690026553e-18,-1.3801204772312059e-17,0.0
1211,289.85996108168956,3.0605908628140397,-8.756772841587726,4.55276410542319e-16,4.807200059507001e-18,-1.3754062797686495e-17,0.0
1212,289.3298154485871,3.055305546091997,-8.741203875523942,4.536944340147232e-16,4.7909860873725676e-18,-1.3706971536149391e-17,0.0
1213,288.79795231123603,3.050000479427731,-8.725580689899926,4.521143628329302e-16,4.774788090985195e-18,-1.3659931874135873e-17,0.0
1214,288.26439180741215,3.044675873582724,-8.709903890640696,4.505362254968152e-16,4.758606386811829e-18,-1.3612944695406475e-17,0.0
1215,287.7291541444559,3.0393319401456704,-8.694174085904953,4.489600504118245e-16,4.7424412903983826e-18,-1.3566010880973762e-17,0.0
1216,287.19225959750366,3.0339688915138203,-8.67839188603167,4.473858658866107e-16,4.726293116343966e-18,-1.3519131309029765e-17,0.0
1217,286.65372850771683,3.028586940874284,-8.662557903486592,4.458137001306901e-16,4.710162178275329e-18,-1.3472306854874023e-17,0.0
1218,286.11358128051074,3.023186302185335,-8.646672752808692,4.442435812521246e-16,4.6940487888215626e-18,-1.3425538390842386e-17,0.0
1219,285.57183838378097,3.0177671901576564,-8.630737050556567,4.426755372552247e-16,4.6779532595889966e-18,-1.3378826786236403e-17,0.0
1220,285.02852034613187,3.0123298202356166,-8.614751415254862,4.411095960382799e-16,4.661875901136396e-18,-1.3332172907253568e-17,0.0
1221,284.48364775510146,3.0068744085784886,-8.598716467340568,4.3954578539130857e-16,4.6458170229503385e-18,-1.3285577616918098e-17,0.0
1222,283.93724125538944,3.0014011720416867,-8.582632829109427,4.3798413299383656e-16,4.6297769334208856e-18,-1.3239041775012597e-17,0.0
1223,283.38932154708175,2.995910328157962,-8.566501124662164,4.364246664126943e-16,4.613755939817444e-18,-1.3192566238010231e-17,0.0
1224,282.8399093838784,2.990402095118617,-8.550321979850859,4.348674130998429e-16,4.5977543482649216e-18,-1.3146151859007795e-17,0.0
1225,282.2890255713207,2.984876691754705,-8.53409602222523,4.333124003902224e-16,4.5817724637201045e-18,-1.309979948765942e-17,0.0
1226,281.7366909650178,2.9793343375182166,-8.51782388097895,4.317596554996238e-16,4.565810589948284e-18,-1.3053509970110996e-17,0.0
1227,281.1829264688762,2.973775252463269,-8.501506186895954,4.302092055225862e-16,4.549869029500127e-18,-1.3007284148935323e-17,0.0
1228,280.6277530333288,2.9681996572273044,-8.485143572296783,4.286610774303187e-16,4.533948083688814e-18,-1.2961122863068013e-17,0.0
1229,280.0711916535664,2.962607773012279,-8.468736670984953,4.2711529806864687e-16,4.518048052567411e-18,-1.2915026947744122e-17,0.0
1230,279.51326336776924,2.9569998215658626,-8.452286118193323,4.2557189415598306e-16,4.5021692349064984e-18,-1.2868997234435468e-17,0.0
1231,278.9539892553419,2.9513760251626477,-8.43579255053056,4.240308922813234e-16,4.486311928172067e-18,-1.2823034550788788e-17,0.0
1232,278.3933904351484,2.9457366065853554,-8.419256605927535,4.2249231890226634e-16,4.470476428503634e-18,-1.2777139720564475e-17,0.0
1233,277.8314880637507,2.9400817891060793,-8.40267892358392,4.2095620034306065e-16,4.454663030692673e-18,-1.2731313563576263e-17,0.0
1234,277.26830333364904,2.9344117964675056,-8.386060143914701,4.194225627926743e-16,4.438872028161226e-18,-1.2685556895631461e-17,0.0
1235,276.7038574715239,2.92872685286418,-8.369400908496818,4.1789143230289064e-16,4.423103712940836e-18,-1.263987052847206e-17,0.0
1236,276.1381717364829,2.9230271829237857,-8.352701860015873,4.1636283478643007e-16,4.407358375651718e-18,-1.2594255269716561e-17,0.0
1237,275.57126741830706,2.9173130116884236,-8.33596364221288,4.148367960150943e-16,4.391636305482162e-18,-1.2548711922802505e-17,0.0
1238,275.0031658357043,2.9115845645959446,-8.319186899831129,4.1331334161793996e-16,4.37593779016825e-18,-1.2503241286929852e-17,0.0
1239,274.433888334563,2.905842067461285,-8.302372278563116,4.117924970794744e-16,4.360263115973791e-18,-1.2457844157005046e-17,0.0
1240,273.8634562862101,2.9000857464578287,-8.28552042499754,4.102742877378774e-16,4.344612567670525e-18,-1.2412521323585837e-17,0.0
1241,273.2918910856733,2.894315828098811,-8.26863198656645,4.087587387832496e-16,4.3289864285186135e-18,-1.2367273572826912e-17,0.0
1242,272.71921414994677,2.8885325392187498,-8.25170761149247,4.0724587525588603e-16,4.3133849802473714e-18,-1.2322101686426278e-17,0.0
1243,272.1454469162605,2.8827361069548965,-8.234747948736098,4.057357220445739e-16,4.297808503036265e-18,-1.2277006441572345e-17,0.0
1244,271.57061084035473,2.8769267587287386,-8.217753647943185,4.042283038849179e-16,4.282257275496187e-18,-1.2231988610891884e-17,0.0
1245,270.9947273947577,2.8711047222275328,-8.20072535939247,4.0272364535768935e-16,4.266731574650981e-18,-1.2187048962398633e-17,0.0
1246,270.41781806706973,2.8652702253858764,-8.183663733943302,4.0122177088720323e-16,4.251231675919256e-18,-1.2142188259442802e-17,0.0
1247,269.8399043582501,2.8594234963673246,-8.166569422983445,3.997227047397188e-16,4.235757853096442e-18,-1.2097407260661233e-17,0.0
1248,269.2610077809107,2.853564763546048,-8.149443078377052,3.9822647102186735e-16,4.2203103783371304e-18,-1.2052706719928405e-17,0.0
1249,268.68114985761315,2.8476942554885296,-8.13228535241275,3.967330936791046e-16,4.204889522137671e-18,-1.2008087386308164e-17,0.0
1250,268.10035211917307,2.841812200935324,-8.11509689775192,3.9524259649419023e-16,4.18949555331905e-18,-1.1963550004006278e-17,0.0
1251,267.5186361029687,2.8359188287828565,-8.097878367377094,3.937550030856925e-16,4.174128739010028e-18,-1.1919095312323724e-17,0.0
1252,266.93602335125576,2.8300143680652736,-8.080630414540535,3.9227033690651884e-16,4.158789344630549e-18,-1.1874724045610785e-17,0.0
1253,266.35253540948787,2.824099047936352,-8.063353692712962,3.9078862124247243e-16,4.1434776338754285e-18,-1.1830436933221891e-17,0.0
1254,265.7681938246434,2.8181730976514565,-8.046048855532467,3.8930987921083394e-16,4.128193868698285e-18,-1.1786234699471252e-17,0.0
1255,265.1830201435583,2.812236746549563,-8.028716556753603,3.8783413375897056e-16,4.112938309295779e-18,-1.174211806358929e-17,0.0
1256,264.5970359112657,2.8062902240353353,-8.011357450196646,3.863614076629696e-16,4.097711214092096e-18,-1.1698087739679806e-17,0.0
1257,264.0102626693422,2.8003337595612687,-7.993972189697059,3.8489172352629923e-16,4.0825128397237066e-18,-1.1654144436677976e-17,0.0
1258,263.42272195426017,2.794367582609891,-7.976561429055148,3.834251037784937e-16,4.067343441024406e-18,-1.1610288858309092e-17,0.0
1259,262.83443529574765,2.7883919226760288,-7.959125821985884,3.8196157067386526e-16,4.0522032710106094e-18,-1.1566521703048064e-17,0.0
1260,262.24542421515616,2.7824070092491557,-7.941666022069001,3.80501146290243e-16,4.03709258086694e-18,-1.1522843664079789e-17,0.0
1261,261.655710223834,2.776413071795785,-7.924182682699223,3.7904385252773516e-16,4.022011619932066e-18,-1.147925542926019e-17,0.0
1262,261.0653148215081,2.7704103397419555,-7.906676457036762,3.775897111075194e-16,4.006960635684827e-18,-1.143575768107811e-17,0.0
1263,260.4742594946738,2.7643990424557727,-7.889147997957996,3.761387435706578e-16,3.991939873730616e-18,-1.1392351096617932e-17,0.0
1264,259.88256571499187,2.7583794092300407,-7.8715979580064115,3.746909712769386e-16,3.9769495777880506e-18,-1.1349036347523045e-17,0.0
1265,259.29025493769353,2.7523516692649617,-7.854026989343751,3.73246415403743e-16,3.9619899896759066e-18,-1.1305814099960033e-17,0.0
1266,258.69734859999386,2.7463160516509104,-7.8364357437013945,3.718050969449379e-16,3.947061349300316e-18,-1.1262685014583652e-17,0.0
1267,258.1038681195133,2.740272785351299,-7.818824872331996,3.7036703670979486e-16,3.932163894642255e-18,-1.1219649746502611e-17,0.0
1268,257.50983489270766,2.734222099185514,-7.801195025961336,3.6893225532193394e-16,3.917297861745281e-18,-1.1176708945246088e-17,0.0
1269,256.91527029330643,2.7281642218119404,-7.783546854740469,3.675007732182943e-16,3.9024634847035625e-18,-1.1133863254731069e-17,0.0
1270,256.32019567076037,2.7220993817110744,-7.765881008198069,3.6607261064812943e-16,3.88766099565016e-18,-1.1091113313230412e-17,0.0
1271,255.7246323486978,2.7160278071687194,-7.748198135193095,3.6464778767202904e-16,3.8728906247455944e-18,-1.1048459753341749e-17,0.0
1272,255.1286016233896,2.709949726259268,-7.730498883867665,3.632263241609654e-16,3.858152600166675e-18,-1.1005903201957087e-17,0.0
1273,254.53212476222404,2.703865366829086,-7.7127839016002415,3.6180823979536665e-16,3.8434471480956065e-18,-1.0963444280233259e-17,0.0
1274,253.93522300219,2.697774956479969,-7.6950538349590465,3.603935540642137e-16,3.8287744927093484e-18,-1.0921083603563066e-17,0.0
1275,253.33791754837125,2.6916787225527172,-7.677309329655817,3.5898228626416493e-16,3.814134856169278e-18,-1.0878821781547274e-17,0.0
1276,252.74022957244776,2.685576892110774,-7.659551030499747,3.5757445549870317e-16,3.7995284586110664e-18,-1.0836659417967278e-17,0.0
1277,252.1421802112105,2.679469691924004,-7.641779581351841,3.561700806773123e-16,3.7849555181348996e-18,-1.0794597110758664e-17,0.0
1278,251.54379056508222,2.6733573484525226,-7.623995625079438,3.5476918051467425e-16,3.7704162507958895e-18,-1.07526354519854e-17,0.0
1279,250.945081696651,2.6672400878306584,-7.606199803511092,3.5337177352989493e-16,3.7559108705948036e-18,-1.0710775027814873e-17,0.0
1280,250.3460746292128,2.6611181358510096,-7.588392757391761,3.5197787804575364e-16,3.741439589469049e-18,-1.0669016418493688e-17,0.0
1281,249.74679034532514,2.6549917179485965,-7.570575126338273,3.5058751218797834e-16,3.7270026172839196e-18,-1.0627360198324193e-17,0.0
1282,249.14724978536944,2.6488610591851156,-7.552747548795081,3.492006938845442e-16,3.712600161824096e-18,-1.0585806935641756e-17,0.0
1283,248.54747384612648,2.642726384233324,-7.534910661990397,3.4781744086499966e-16,3.6982324287854504e-18,-1.0544357192792864e-17,0.0
1284,247.94748337936056,2.6365879173614974,-7.517065101892562,3.464377706598153e-16,3.6838996217670674e-18,-1.050301152611389e-17,0.0
1285,247.34729919041564,2.630445882418028,-7.49921150316681,3.4506170059975903e-16,3.669601942263573e-18,-1.0461770485910703e-17,0.0
1286,246.74694203682142,2.6243005028161033,-7.481350499132287,3.436892478152939e-16,3.655339589657688e-18,-1.0420634616438921e-17,0.0
1287,246.14643262691135,2.6181520015185265,-7.463482721719443,3.4232042923600274e-16,3.641112761213077e-18,-1.0379604455885017e-17,0.0
1288,245.54579161845123,2.612000601022622,-7.445608801427732,3.4095526159003557e-16,3.626921652067431e-18,-1.0338680536348082e-17,0.0
1289,244.94503961727992,2.6058465233452788,-7.427729367283669,3.3959376140358296e-16,3.612766455225838e-18,-1.029786338382241e-17,0.0
1290,244.34419717596055,2.5996899900080934,-7.409845046799201,3.382359450003727e-16,3.598647361554394e-18,-1.0257153518180765e-17,0.0
1291,243.74328479244392,2.593531222022643,-7.391956465930438,3.36881828501191e-16,3.584564559774085e-18,-1.0216551453158413e-17,0.0
1292,243.14232290874259,2.5873704398758557,-7.374064249036708,3.355314278234272e-16,3.5705182364549135e-18,-1.017605769633786e-17,0.0
1293,242.54133190961818,2.5812078635155253,-7.356169018839982,3.341847586806439e-16,3.556508576010294e-18,-1.0135672749134357e-17,0.0
1294,241.94033212127974,2.5750437123359413,-7.338271396384656,3.3284183658217066e-16,3.542535760691721e-18,-1.0095397106782147e-17,0.0
1295,241.33934381009342,2.568878205163617,-7.320372000997654,3.3150267683271974e-16,3.528599970583644e-18,-1.0055231258321352e-17,0.0
1296,240.73838718130528,2.562711560243175,-7.302471450248912,3.3016729453202783e-16,3.51470138359865e-18,-1.0015175686585675e-17,0.0
1297,240.13748237777588,2.556543995223338,-7.284570359912241,3.288357045745208e-16,3.500840175472872e-18,-9.975230868190792e-18,0.0
1298,239.53664947872716,2.550375727143042,-7.26666934392653,3.275079216490012e-16,3.4870165197616525e-18,-9.935397273523454e-18,0.0
1299,238.9359084985013,2.544206972417694,-7.248769014357314,3.2618396023835983e-16,3.473230587835466e-18,-9.895675366731288e-18,0.0
1300,238.33527938533265,2.538037946825533,-7.230869981358729,3.248638346193104e-16,3.4594825488760838e-18,-9.856065605713346e-18,0.0
1301,237.73478202013146,2.531868865494144,-7.212972853135833,3.23547558862147e-16,3.4457725698729923e-18,-9.816568442111313e-18,0.0
1302,237.134436215281,2.5256999428870834,-7.195078235907309,3.2223514683052547e-16,3.432100815620061e-18,-9.777184321301476e-18,0.0
1303,236.53426171344745,2.5195313927906513,-7.177186733868549,3.2092661218126754e-16,3.4184674487124606e-18,-9.73791368238735e-18,0.0
1304,235.93427818640114,2.5133634283007753,-7.159298949155094,3.1962196836418597e-16,3.4048726295438103e-18,-9.698756958192993e-18,0.0
1305,235.33450523385255,2.5071962618100483,-7.141415481806501,3.18321228621935e-16,3.3913165163035877e-18,-9.659714575257055e-18,0.0
1306,234.73496238230013,2.5010301049948893,-7.123536929730562,3.170244059898815e-16,3.3777992649747792e-18,-9.620786953827474e-18,0.0
1307,234.1356690838913,2.494865168802834,-7.105663888667935,3.1573151329599914e-16,3.3643210293317582e-18,-9.581974507856882e-18,0.0
1308,233.5366447152973,2.4887016634399783,-7.087796952157156,3.144425631607853e-16,3.3508819609384294e-18,-9.54327764499869e-18,0.0
1309,232.9379085766001,2.4825397983585393,-7.069936711500052,3.131575679971988e-16,3.3374822091465846e-18,-9.504696766603831e-18,0.0
1310,232.33947989019316,2.4763797822445657,-7.052083755727539,3.1187654001062057e-16,3.3241219210945145e-18,-9.466232267718189e-18,0.0
1311,231.74137779969587,2.470221823005783,-7.034238671565847,3.105994911988366e-16,3.3108012417058555e-18,-9.427884537080715e-18,0.0
1312,231.1436213688804,2.4640661277595743,-7.016402043403098,3.093264333520409e-16,3.2975203136886606e-18,-9.389653957122152e-18,0.0
1313,230.5462295806133,2.4579129028211115,-6.998574453256353,3.080573780528622e-16,3.2842792775347242e-18,-9.351540903964502e-18,0.0
1314,229.94922133580917,2.4517623536916124,-6.980756480738993,3.0679233667641e-16,3.271078271519113e-18,-9.313545747421054e-18,0.0
1315,229.3526154523991,2.4456146850467486,-6.962948703028569,3.055313203903432e-16,3.25791743169995e-18,-9.27566885099715e-18,0.0
1316,228.7564306643121,2.4394701007251967,-6.945151694835018,3.042743401549592e-16,3.2447968919184187e-18,-9.237910571891536e-18,0.0
1317,228.1606856204705,2.4333288037173277,-6.9273660283693275,3.0302140672330484e-16,3.231716783798998e-18,-9.200271260998406e-18,0.0
1318,227.5653988837989,2.427190996154042,-6.909592273312571,3.017725306413065e-16,3.2186772367499182e-18,-9.162751262910026e-18,0.0
1319,226.9705889302476,2.4210568792957483,-6.891830996785404,3.0052772224792324e-16,3.2056783779638527e-18,-9.125350915920068e-18,0.0
1320,226.37627414782796,2.414926653521482,-6.874082763317926,2.992869916753171e-16,3.1927203324188112e-18,-9.08807055202747e-18,0.0
1321,225.7824728356641,2.4088005183181798,-6.856348134820005,2.98050348849047e-16,3.179803222879282e-18,-9.050910496941029e-18,0.0
1322,225.18920320305742,2.402678672270094,-6.838627670552001,2.968178034882817e-16,3.1669271698975833e-18,-9.013871070084546e-18,0.0
1323,224.5964833685642,2.3965613130483487,-6.820921927095909,2.955893651060311e-16,3.1540922918154165e-18,-8.976952584602593e-18,0.0
1324,224.004331359089,2.390448637400653,-6.803231458326926,2.9436504300940017e-16,3.1412987047656655e-18,-8.940155347366915e-18,0.0
1325,223.41276510899056,2.3843408411411495,-6.785556815385446,2.931448462998603e-16,3.1285465226743865e-18,-8.90347965898341e-18,0.0
1326,222.82180245920287,2.378238119140429,-6.767898546649481,2.919287838735415e-16,3.115835857263031e-18,-8.866925813799738e-18,0.0
1327,222.2314611563694,2.3721406653156656,-6.750257197707479,2.907168644215428e-16,3.1031668180508536e-18,-8.830494099913467e-18,0.0
1328,221.6417588519929,2.366048672620939,-6.732633311331645,2.8950909643026375e-16,3.0905395123575733e-18,-8.79418479918092e-18,0.0
1329,221.05271310159716,2.359962333037659,-6.715027427451564,2.883054881817518e-16,3.077954045306184e-18,-8.757998187226448e-18,0.0
1330,220.46434136390528,2.353881837565185,-6.6974400831283845,2.8710604775407175e-16,3.0654105198260303e-18,-8.721934533452438e-18,0.0
1331,219.87666100003088,2.3478073762115668,-6.679871812529354,2.8591078302169186e-16,3.052909036656049e-18,-8.685994101049804e-18,0.0
1332,219.2896892726835,2.3417391379844408,-6.6623231469027955,2.847197016558886e-16,3.040449694348225e-18,-8.650177147009062e-18,0.0
1333,218.7034433453891,2.335677310882089,-6.644794614553533,2.8353281112517093e-16,3.028032589271258e-18,-8.614483922131995e-18,0.0
1334,218.11794028172392,2.3296220818846303,-6.627286740818738,2.823501186957207e-16,3.0156578156144078e-18,-8.578914671043844e-18,0.0
1335,217.53319704456325,2.3235736369453788,-6.609800048044194,2.8117163143185294e-16,3.003325465391557e-18,-8.543469632206074e-18,0.0
1336,216.94923049534432,2.317532160982345,-6.592335055561036,2.799973561964927e-16,2.99103562844546e-18,-8.508149037929684e-18,0.0
1337,216.36605739334306,2.3114978378698874,-6.574892279662866,2.788272996516692e-16,2.97878839245218e-18,-8.472953114389043e-18,0.0
1338,215.78369439496646,2.3054708504305257,-6.557472233583365,2.7766146825902904e-16,2.9665838429257353e-18,-8.437882081636303e-18,0.0
1339,215.20215805305747,2.299451380426891,-6.540075427474257,2.7649986828036426e-16,2.954422063222911e-18,-8.402936153616269e-18,0.0
1340,214.62146481621573,2.2934396085538404,-6.522702368383808,2.753425057781594e-16,2.9423031345482822e-18,-8.36811553818189e-18,0.0
1341,214.0416310281321,2.287435714430722,-6.505353560235677,2.741893866161544e-16,2.9302271359594116e-18,-8.333420437110199e-18,0.0
1342,213.46267292693716,2.281439876593782,-6.488029503808231,2.7304051645992397e-16,2.9181941443722248e-18,-8.298851046118781e-18,0.0
1343,212.88460664456443,2.275452272488736,-6.470730696714302,2.7189590077747374e-16,2.906204234566583e-18,-8.264407554882772e-18,0.0
1344,212.30744820612833,2.269473078463489,-6.453457633381375,2.707555448398532e-16,2.8942574791920276e-18,-8.230090147052351e-18,0.0
1345,211.73121352931574,2.2635024697610073,-6.436210805032208,2.696194537217838e-16,2.882353948773703e-18,-8.195899000270724e-18,0.0
1346,211.15591842379135,2.2575406205123296,-6.41899069966584,2.684876323023021e-16,2.870493711718442e-18,-8.161834286192559e-18,0.0
1347,210.58157859061976,2.2515877037297676,-6.401797802039166,2.673600852654221e-16,2.858676834321071e-18,-8.127896170503039e-18,0.0
1348,210.00820962169846,2.245643891300207,-6.384632593648758,2.66236817100808e-16,2.846903380770818e-18,-8.094084812937203e-18,0.0
1349,209.4358269992078,2.239709353978605,-6.367495552713295,2.651178321044666e-16,2.8351734131579564e-18,-8.06040036729994e-18,0.0
1350,208.86444609507396,2.2337842613816163,-6.350387154156299,2.6400313437945236e-16,2.823486991480573e-18,-8.026842981486325e-18,0.0
1351,208.29408217044636,2.2278687819813787,-6.333307869589377,2.6289272783658804e-16,2.8118441736515243e-18,-7.99341279750249e-18,0.0
1352,207.72475037518922,2.2219630830994457,-6.316258167295864,2.617866161951999e-16,2.800245015505547e-18,-7.960109951486915e-18,0.0
1353,207.15646574738804,2.216067330900883,-6.299238512214922,2.606848029838682e-16,2.7886895708065403e-18,-7.926934573732206e-18,0.0
1354,206.58924321286835,2.2101816903884908,-6.282249365926005,2.5958729154118985e-16,2.7771778912549847e-18,-7.893886788707242e-18,0.0
1355,206.02309758473103,2.2043063253972095,-6.265291186633854,2.5849408501655764e-16,2.7657100264955517e-18,-7.86096671507986e-18,0.0
1356,205.4580435628999,2.198441398588653,-6.2483644291538285,2.574051863709519e-16,2.7542860241248436e-18,-7.828174465739895e-18,0.0
1357,204.89409573368408,2.1925870714458,-6.231469544897727,2.5632059837774604e-16,2.7429059296992957e-18,-7.79551014782268e-18,0.0
1358,204.33126856935462,2.1867435042678385,-6.214606981860005,2.5524032362352595e-16,2.7315697867432327e-18,-7.762973862732973e-18,0.0
1359,203.76957642773425,2.180910856165154,-6.197777184604421,2.541643645089219e-16,2.720277636757065e-18,-7.730565706169255e-18,0.0
1360,203.20903355180215,2.1750892850544754,-6.1809805942511185,2.530927232494547e-16,2.709029519225645e-18,-7.698285768148493e-18,0.0
1361,202.6496540693119,2.169278947654162,-6.164217648464131,2.520254018763936e-16,2.6978254716267562e-18,-7.666134133031266e-18,0.0
1362,202.09145199242343,2.163479999479647,-6.147488781439297,2.5096240223762733e-16,2.6866655294397544e-18,-7.634110879547298e-18,0.0
1363,201.53444121734935,2.157692594839026,-6.130794423892617,2.4990372599854797e-16,2.6755497261543443e-18,-7.602216080821389e-18,0.0
1364,200.978635524014,2.1519168868287877,-6.114135003049001,2.4884937464294603e-16,2.6644780932794932e-18,-7.570449804399701e-18,0.0
1365,200.42404857572723,2.1461530273297083,-6.09751094263147,2.477993494739187e-16,2.6534506603524897e-18,-7.538812112276465e-18,0.0
1366,199.87069391887144,2.140401167002873,-6.080922662850745,2.4675365161478925e-16,2.642467454948122e-18,-7.507303060921008e-18,0.0
1367,199.3185849826018,2.134661455285863,-6.064370580395272,2.4571228201003803e-16,2.6315285026880063e-18,-7.475922701305194e-18,0.0
1368,198.7677350785618,2.128934040389082,-6.047855108421665,2.446752414262462e-16,2.620633827250035e-18,-7.444671078931198e-18,0.0
1369,198.2181574006094,2.1232190692922144,-6.031376656545517,2.436425304530481e-16,2.6097834503779433e-18,-7.413548233859613e-18,0.0
1370,197.6698650245599,2.11751668774086,-6.014935630832716,2.426141495040976e-16,2.5989773918910295e-18,-7.382554200737968e-18,0.0
1371,197.12287090793936,2.1118270402432793,-5.99853243379104,2.4159009881804283e-16,2.5882156696939624e-18,-7.351689008829492e-18,0.0
1372,196.5771878897534,2.1061502700673085,-5.982167464362298,2.4057037845951313e-16,2.5774982997867416e-18,-7.320952682042304e-18,0.0
1373,196.03282869026816,2.100486519237403,-5.965841117914759,2.3955498832011543e-16,2.5668252962747557e-18,-7.290345238958861e-18,0.0
1374,195.48980591080496,2.0948359285318316,-5.949553786236072,2.385439281194414e-16,2.5561966713789698e-18,-7.259866692865775e-18,0.0
1375,194.94813203354815,2.0891986374800124,-5.9333058575265385,2.3753719740608445e-16,2.545612435446223e-18,-7.229517051783915e-18,0.0
1376,194.4078194213655,2.0835747843599846,-5.917097716392796,2.3653479555866616e-16,2.5350725969596354e-18,-7.199296318498822e-18,0.0
1377,193.8688803176425,2.0779645061960292,-5.9009297438419255,2.3553672178687307e-16,2.5245771625491322e-18,-7.169204490591455e-18,0.0
1378,193.33132684612843,2.072367938756421,-5.884802317275905,2.345429751325016e-16,2.5141261370020666e-18,-7.139241560469176e-18,0.0
1379,192.79517101079674,2.066785216551334,-5.868715810486511,2.335535544705136e-16,2.503719523273964e-18,-7.109407515397092e-18,0.0
1380,192.26042469571686,2.061216472830868,-5.852670593650574,2.3256845851009994e-16,2.493357322499349e-18,-7.079702337529627e-18,0.0
1381,191.72709966493977,2.0556618395832293,-5.8366670333256465,2.3158768579575284e-16,2.4830395340026943e-18,-7.050126003942402e-18,0.0
1382,191.19520756239513,2.0501214475330345,-5.820705492446031,2.3061123470834677e-16,2.472766155309451e-18,-7.020678486664362e-18,0.0
1383,190.66475991180235,2.0445954261397654,-5.804786330319233,2.296391034662285e-16,2.4625371821571915e-18,-6.991359752710197e-18,0.0
1384,190.13576811659308,2.0390839035963504,-5.788909902622772,2.2867129012631447e-16,2.4523526085068413e-18,-6.96216976411301e-18,0.0
1385,189.60824345984634,2.033587006827879,-5.773076561401361,2.277077925851957e-16,2.4422124265539933e-18,-6.933108477957213e-18,0.0
1386,189.0821971042363,2.028104861490461,-5.757286655064498,2.267486085802519e-16,2.4321166267403367e-18,-6.904175846411717e-18,0.0
1387,188.55764009199166,2.022637591970206,-5.741540528384396,2.2579373569077136e-16,2.4220651977651457e-18,-6.875371816763306e-18,0.0
1388,188.03458334486828,2.017185321382347,-5.725838522494331,2.2484317133907984e-16,2.41205812659688e-18,-6.8466963314503074e-18,0.0
1389,187.51303766413227,2.0117481715704857,-5.710180974887302,2.2389691279167497e-16,2.4020953984848505e-18,-6.818149328096428e-18,0.0
1390,186.99301373055656,2.0063262631059744,-5.694568219415109,2.229549571603687e-16,2.3921769969709755e-18,-6.789730739544853e-18,0.0
1391,186.47452210442847,2.000919715287428,-5.679000586287776,2.2201730140343623e-16,2.38230290390162e-18,-6.761440493892551e-18,0.0
1392,185.95757322556955,1.995528646140363,-5.6634784020733395,2.2108394232677116e-16,2.372473099439505e-18,-6.733278514524782e-18,0.0
1393,185.44217741336647,1.9901531724169579,-5.648001989697983,2.2015487658504692e-16,2.362687562075693e-18,-6.705244720149806e-18,0.0
1394,184.9283448668141,1.9847934095959552,-5.632571668446549,2.1923010068288461e-16,2.352946268641653e-18,-6.677339024833796e-18,0.0
1395,184.41608566457023,1.9794494718826745,-5.6171877539634,2.1830961097602694e-16,2.3432491943213898e-18,-6.6495613380359515e-18,0.0
1396,183.90540976502103,1.9741214722091636,-5.601850558253617,2.173934036725172e-16,2.3335963126636498e-18,-6.6219115646437715e-18,0.0
1397,183.39632700635792,1.9688095222344575,-5.586560389684558,2.164814748338839e-16,2.3239875955941796e-18,-6.5943896050085205e-18,0.0
1398,182.8888471066664,1.963513732344978,-5.57131755298776,2.1557382037633144e-16,2.31442301342807e-18,-6.566995354980875e-18,0.0
1399,182.38297966402493,1.95823421165504,-5.556122349261176,2.1467043607193483e-16,2.3049025348821403e-18,-6.539728705946713e-18,0.0
1400,181.87873415661602,1.9529710680074912,-5.5409750759717715,2.1377131754984048e-16,2.2954261270874033e-18,-6.512589544863102e-18,0.0
1401,181.37611994284654,1.9477244079744604,-5.525876026958423,2.1287646029747015e-16,2.2859937556015707e-18,-6.485577754294391e-18,0.0
1402,180.87514626148084,1.9424943368582326,-5.510825492435183,2.1198585966173134e-16,2.2766053844216306e-18,-6.458693212448502e-18,0.0
1403,180.37582223178262,1.937280958692238,-5.495823758994851,2.110995108502303e-16,2.267260975996466e-18,-6.431935793213327e-18,0.0
1404,179.87815685366886,1.9320843762421538,-5.4808711096128775,2.1021740893249002e-16,2.257960491239532e-18,-6.4053053661932736e-18,0.0
1405,179.38215900787358,1.9269046910071363,-5.465967823651612,2.093395488411725e-16,2.2487038895415873e-18,-6.378801796745962e-18,0.0
1406,178.8878374561217,1.921742003221144,-5.451114176864828,2.0846592537330366e-16,2.23949112878346e-18,-6.3524249460190066e-18,0.0
1407,178.3952008413136,1.9165964118543932,-5.436310441402602,2.0759653319150252e-16,2.2303221653488708e-18,-6.326174670986945e-18,0.0
1408,177.90425768771965,1.911468014614917,-5.421556885816488,2.0673136682521396e-16,2.2211969541372972e-18,-6.3000508244882756e-18,0.0
1409,177.41501640118528,1.9063569079502378,-5.4068537750650165,2.0587042067194433e-16,2.2121154485768798e-18,-6.2740532552626056e-18,0.0
1410,176.9274852693445,1.9012631870491445,-5.392201370519473,2.0501368899849957e-16,2.2030776006373604e-18,-6.248181807987883e-18,0.0
1411,176.44167246184495,1.8961869458435863,-5.377599929970009,2.041611659422271e-16,2.1940833608430717e-18,-6.222436323317744e-18,0.0
1412,175.95758603058164,1.8911282770106659,-5.363049707632038,2.033128455122597e-16,2.1851326782859507e-18,-6.196816637918943e-18,0.0
1413,175.47523390994067,1.8860872719747463,-5.34855095415293,2.0246872159076207e-16,2.1762255006385932e-18,-6.1713225845088756e-18,0.0
1414,174.99462391705174,1.8810640209096496,-5.334103916618995,2.016287879341791e-16,2.16736177416733e-18,-6.145953991893153e-18,0.0
1415,174.51576375205116,1.8760586127409797,-5.3197088385627636,2.0079303817448717e-16,2.1585414437453504e-18,-6.120710685003292e-18,0.0
1416,174.0386609983526,1.8710711351485219,-5.305365959970542,1.9996146582044616e-16,2.1497644528658266e-18,-6.0955924849344245e-18,0.0
1417,173.56332312292838,1.8661016745687689,-5.291075517290268,1.9913406425885433e-16,2.141030743655095e-18,-6.070599208983122e-18,0.0
1418,173.08975747659895,1.861150316197531,-5.276837743439624,1.9831082675580394e-16,2.1323402568858372e-18,-6.045730670685231e-18,0.0
1419,172.61797129433103,1.8562171439926431,-5.262652867814434,1.9749174645793817e-16,2.123692931990288e-18,-6.020986679853781e-18,0.0
1420,172.147971695545,1.8513022406767838,-5.248521116297335,1.9667681639370966e-16,2.1150887070734726e-18,-5.996367042616934e-18,0.0
1421,171.67976568443078,1.846405687740373,-5.234442711266705,1.9586602947463958e-16,2.106527518926449e-18,-5.9718715614559706e-18,0.0
1422,171.2133601502722,1.8415275654445806,-5.220417871605883,1.9505937849657836e-16,2.0980093030395784e-18,-5.947500035243336e-18,0.0
1423,170.7487618677793,1.836667952824414,-5.206446812712605,1.9425685614096544e-16,2.0895339936157975e-18,-5.923252259280668e-18,0.0
1424,170.28597749742968,1.8318269276919068,-5.192529746508726,1.934584549760913e-16,2.08110152358391e-18,-5.8991280253368825e-18,0.0
1425,169.82501358581703,1.8270045666393957,-5.178666881450196,1.926641674583582e-16,2.072711824611889e-18,-5.8751271216862785e-18,0.0
1426,169.36587656600844,1.8222009450428862,-5.164858422537267,1.918739859335423e-16,2.064364827120183e-18,-5.851249333146639e-18,0.0
1427,168.90857275790952,1.8174161370655124,-5.1511045713249635,1.910879026380552e-16,2.0560604602950354e-18,-5.827494441117364e-18,0.0
1428,168.45310836863638,1.8126502156610689,-5.137405525933782,1.9030590970020456e-16,2.047798652101798e-18,-5.803862223617574e-18,0.0
1429,167.99948949289617,1.807903252577646,-5.123761481060623,1.8952799914145567e-16,2.0395793292982584e-18,-5.78035245532424e-18,0.0
1430,167.54772211337527,1.8031753183613406,-5.1101726279899875,1.8875416287769186e-16,2.0314024174479648e-18,-5.756964907610306e-18,0.0
1431,167.09781210113343,1.7984664823600458,-5.096639154605357,1.8798439272047348e-16,2.0232678409335444e-18,-5.733699348582772e-18,0.0
1432,166.6497652160067,1.7937768127273273,-5.0831612454008255,1.8721868037829714e-16,2.015175522970024e-18,-5.7105555431207815e-18,0.0
1433,166.20358710701683,1.7891063764263846,-5.069739081492972,1.8645701745785343e-16,2.007125385618152e-18,-5.6875332529137004e-18,0.0
1434,165.75928331278726,1.7844552392340796,-5.056372840632908,1.8569939546528315e-16,1.9991173497977023e-18,-5.664632236499132e-18,0.0
1435,165.31685926196673,1.77982346574505,-5.043062697218561,1.8494580580743256e-16,1.9911513353007763e-18,-5.641852249300923e-18,0.0
1436,164.87632027365913,1.775211119375899,-5.0298088223071895,1.8419623979310728e-16,1.9832272608051008e-18,-5.619193043667144e-18,0.0
1437,164.43767155785986,1.7706182623694582,-5.016611383628059,1.8345068863432385e-16,1.9753450438873052e-18,-5.5966543689080026e-18,0.0
1438,164.00091821589896,1.766044955799119,-5.003470545595358,1.8270914344755997e-16,1.9675046010361887e-18,-5.574235971333719e-18,0.0
1439,163.56606524089042,1.7614912595732448,-4.990386469321292,1.8197159525500287e-16,1.9597058476659774e-18,-5.551937594292364e-18,0.0
1440,163.13311751818773,1.75695723243965,-4.977359312629387,1.8123803498579522e-16,1.9519486981295614e-18,-5.5297589782076285e-18,0.0
1441,162.70207982584517,1.7524429319901436,-4.964389230067967,1.8050845347727861e-16,1.9442330657317114e-18,-5.5076998606165276e-18,0.0
1442,162.27295683508586,1.747948414665147,-4.95147637292383,1.7978284147623536e-16,1.9365588627422802e-18,-5.485759976207059e-18,0.0
1443,161.84575311077435,1.7434737357583723,-4.9386208892360965,1.7906118964012669e-16,1.9289260004093805e-18,-5.463939056855767e-18,0.0
1444,161.42047311189648,1.739018949421577,-4.925822923810264,1.7834348853832953e-16,1.9213343889725458e-18,-5.442236831665271e-18,0.0
1445,160.99712119204295,1.7345841086693619,-4.913082618232379,1.7762972865336874e-16,1.913783937675852e-18,-5.420653027001656e-18,0.0
1446,160.57570159990013,1.7301692653840555,-4.90040011088346,1.7691990038214823e-16,1.9062745547810336e-18,-5.399187366531856e-18,0.0
1447,160.15621847974504,1.7257744703206408,-4.887775536954011,1.762139940371776e-16,1.8988061475805573e-18,-5.377839571260884e-18,0.0
1448,159.73867587194528,1.7213997731117459,-4.875209028458736,1.7551199984779558e-16,1.8913786224106677e-18,-5.356609359569002e-18,0.0
1449,159.32307771346498,1.717045222272698,-4.862700714251415,1.7481390796139083e-16,1.8839918846644105e-18,-5.335496447248796e-18,0.0
1450,158.90942783837502,1.7127108652066312,-4.850250720039923,1.741197084446188e-16,1.876645838804619e-18,-5.314500547542149e-18,0.0
1451,158.4977299783679,1.7083967482096456,-4.8378591684014,1.7342939128461445e-16,1.869340388376864e-18,-5.2936213711771025e-18,0.0
1452,158.08798776327743,1.7041029164760246,-4.8255261787975705,1.7274294639020194e-16,1.862075436022375e-18,-5.272858626404616e-18,0.0
1453,157.68020472160313,1.6998294141035049,-4.813251867590212,1.7206036359309972e-16,1.8548508834909205e-18,-5.252212019035221e-18,0.0
1454,157.2743842810387,1.6955762840985937,-4.8010363480567495,1.7138163264912216e-16,1.8476666316536513e-18,-5.231681252475546e-18,0.0
1455,156.87052976900466,1.6913435683819351,-4.788879730405998,1.7070674323937624e-16,1.840522580515904e-18,-5.211266027764731e-18,0.0
1456,156.46864441318561,1.6871313077937373,-4.776782121794029,1.7003568497145488e-16,1.8334186292299713e-18,-5.1909660436107245e-18,0.0
1457,156.06873134207066,1.6829395420992237,-4.764743626340162,1.6936844738062467e-16,1.826354676107814e-18,-5.170780996426427e-18,0.0
1458,155.67079358549861,1.6787683099941515,-4.752764345143085,1.687050199310102e-16,1.819330618633748e-18,-5.1507105803657395e-18,0.0
1459,155.27483407520614,1.6746176491103633,-4.740844376297096,1.6804539201677283e-16,1.8123463534770737e-18,-5.130754487359453e-18,0.0
1460,154.88085564537997,1.6704875960213792,-4.728983814908444,1.673895529632851e-16,1.8054017765046644e-18,-5.110912407150998e-18,0.0
1461,154.48886103321223,1.6663781862480387,-4.717182753111804,1.6673749202830004e-16,1.7984967827935073e-18,-5.0911840273320694e-18,0.0
1462,154.09885287945966,1.6622894542641764,-4.705441280086843,1.6608919840311572e-16,1.7916312666431955e-18,-5.0715690333780944e-18,0.0
1463,153.7108337290052,1.658221433502337,-4.693759482074892,1.6544466121373407e-16,1.7848051215883687e-18,-5.052067108683544e-18,0.0
1464,153.32480603142366,1.6541741563595314,-4.682137442395728,1.6480386952201545e-16,1.778018240411107e-18,-5.0326779345971156e-18,0.0
1465,152.94077214154944,1.6501476542030198,-4.6705752414644435,1.6416681232682666e-16,1.7712705151532647e-18,-5.013401190456735e-18,0.0
1466,152.55873432004753,1.6461419573761407,-4.659072956808398,1.6353347856518424e-16,1.7645618371287606e-18,-4.994236553624407e-18,0.0
1467,152.17869473398707,1.6421570952041626,-4.647630663084273,1.6290385711339208e-16,1.757892096935802e-18,-4.975183699520903e-18,0.0
1468,151.80065545741792,1.6381930960001734,-4.636248432095217,1.622779367881733e-16,1.7512611844690643e-18,-4.9562423016602994e-18,0.0
1469,151.42461847194892,1.6342499870709999,-4.624926332808043,1.6165570634779635e-16,1.744668988931806e-18,-4.9374120316843155e-18,0.0
1470,151.050585667329,1.630327794723153,-4.613664431370534,1.6103715449319512e-16,1.738115398847927e-18,-4.918692559396508e-18,0.0
1471,150.6785588420304,1.6264265442688022,-4.602462791128797,1.6042226986908322e-16,1.7316003020739696e-18,-4.900083552796268e-18,0.0
1472,150.30853970383393,1.6225462600317786,-4.591321472644699,1.5981104106506212e-16,1.7251235858110565e-18,-4.881584678112656e-18,0.0
1473,149.94052987041613,1.6186869653535987,-4.58024053371337,1.5920345661672324e-16,1.7186851366167702e-18,-4.863195599838052e-18,0.0
1474,149.5745308699384,1.614848682599515,-4.569220029380751,1.5859950500674352e-16,1.7122848404169656e-18,-4.8449159807616094e-18,0.0
1475,149.21054414163774,1.6110314331645892,-4.558260011961229,1.57999174665975e-16,1.7059225825175263e-18,-4.826745482002547e-18,0.0
1476,148.84857103641897,1.6072352374797825,-4.547360531055288,1.5740245397452747e-16,1.6995982476160457e-18,-4.808683763043217e-18,0.0
1477,148.48861281744865,1.6034601150180667,-4.53652163356724,1.5680933126284497e-16,1.6933117198134499e-18,-4.7907304817620066e-18,0.0
1478,148.1306706607507,1.5997060843005635,-4.525743363723005,1.5621979481277616e-16,1.6870628826255602e-18,-4.772885294466054e-18,0.0
1479,147.77474565580184,1.595973162902682,-4.5150257630879,1.5563383285863633e-16,1.6808516189945693e-18,-4.75514785592372e-18,0.0
1480,147.42083880612984,1.5922613674602901,-4.504368870584503,1.5505143358826455e-16,1.6746778113004669e-18,-4.737517819396907e-18,0.0
1481,147.068951029912,1.5885707136758886,-4.49377272251054,1.5447258514407297e-16,1.6685413413723886e-18,-4.719994836673158e-18,0.0
1482,146.71908316057426,1.584901216324806,-4.4832373525568014,1.538972756240892e-16,1.6624420904998943e-18,-4.7025785580975384e-18,0.0
1483,146.37123594739143,1.581252889261399,-4.472762791825085,1.5332549308299184e-16,1.6563799394441766e-18,-4.685268632604329e-18,0.0
1484,146.0254100560883,1.5776257454252691,-4.462349068846175,1.5275722553313912e-16,1.6503547684491963e-18,-4.668064707748498e-18,0.0
1485,145.68160606944036,1.5740197968474843,-4.451996209597829,1.5219246094558976e-16,1.6443664572527466e-18,-4.65096642973696e-18,0.0
1486,145.33982448787623,1.570435054656813,-4.441704237522799,1.516311872511175e-16,1.6384148850974426e-18,-4.633973443459628e-18,0.0
1487,145.00006573007937,1.566871529085965,-4.431473173546855,1.5107339234121767e-16,1.6324999307416386e-18,-4.6170853925202455e-18,0.0
1488,144.66233013359033,1.5633292294778294,-4.421303036096812,1.5051906406910627e-16,1.6266214724702628e-18,-4.600301919266987e-18,0.0
1489,144.32661795540912,1.559808164291731,-4.411193841118593,1.4996819025071233e-16,1.6207793881055857e-18,-4.583622664822863e-18,0.0
1490,143.99292937259767,1.5563083411096796,-4.401145602095268,1.494207586656621e-16,1.6149735550179064e-18,-4.567047269115875e-18,0.0
1491,143.66126448288188,1.5528297666426263,-4.391158330065106,1.488767570582562e-16,1.6092038501361619e-18,-4.550575370908963e-18,0.0
1492,143.3316233052536,1.5493724467367191,-4.381232033639632,1.4833617313843872e-16,1.6034701499584593e-18,-4.534206607829729e-18,0.0
1493,143.00400578057224,1.5459363863795579,-4.371366719021657,1.4779899458275886e-16,1.5977723305625276e-18,-4.517940616399906e-18,0.0
1494,142.67841177216582,1.542521589706449,-4.361562390023324,1.4726520903532478e-16,1.5921102676160906e-18,-4.501777032064628e-18,0.0
1495,142.35484106643153,1.539128060006657,-4.351819048084116,1.4673480410874975e-16,1.5864838363871607e-18,-4.485715489221442e-18,0.0
1496,142.03329337343598,1.5357557997296554,-4.342136692288887,1.4620776738509065e-16,1.5808929117542531e-18,-4.469755621249117e-18,0.0
1497,141.71376832751372,1.5324048104913646,-4.332515319385819,1.456840864167778e-16,1.575337368216512e-18,-4.453897060536171e-18,0.0
1498,141.39626548786617,1.5290750930803956,-4.32295492380442,1.4516374872753811e-16,1.5698170799037641e-18,-4.438139438509216e-18,0.0
1499,141.08078433915844,1.5257666474642764,-4.313455497673443,1.4464674181330895e-16,1.5643319205864832e-18,-4.422482385661015e-18,0.0
1500,140.76732429211572,1.5224794727956754,-4.304017030838809,1.4413305314314487e-16,1.558881763685672e-18,-4.406925531578326e-18,0.0
1501,140.45588468411836,1.519213567418615,-4.294639510881488,1.4362267016011603e-16,1.5534664822826642e-18,-4.391468504969502e-18,0.0
1502,140.14646477979568,1.5159689288746736,-4.2853229231353565,1.431155802821983e-16,1.5480859491288396e-18,-4.376110933691844e-18,0.0
1503,139.83906377161833,1.5127455539091779,-4.276067250704994,1.4261177090315553e-16,1.5427400366552538e-18,-4.360852444778703e-18,0.0
1504,139.53368078048896,1.5095434384773803,-4.266872474483465,1.4211122939341315e-16,1.5374286169821839e-18,-4.34569266446635e-18,0.0
1505,139.23031485633243,1.5063625777506287,-4.257738573170058,1.4161394310092453e-16,1.5321515619285928e-18,-4.330631218220596e-18,0.0
1506,138.92896497868261,1.5032029661225097,-4.248665523287943,1.4111989935202756e-16,1.5269087430214973e-18,-4.315667730763148e-18,0.0
1507,138.62963005726908,1.5000645972149944,-4.239653299201839,1.406290854522946e-16,1.5217000315052631e-18,-4.300801826097748e-18,0.0
1508,138.33230893260102,1.4969474638845486,-4.230701873135572,1.4014148868737275e-16,1.5165252983508e-18,-4.286033127536025e-18,0.0
1509,138.03700037654943,1.4938515582282388,-4.22181121518962,1.3965709632381657e-16,1.5113844142646803e-18,-4.271361257723126e-18,0.0
1510,137.74370309292746,1.490776871589813,-4.212981293358576,1.39175895609912e-16,1.5062772496981623e-18,-4.256785838663078e-18,0.0
1511,137.45241571806866,1.4877233945657684,-4.204212073548572,1.3869787377649234e-16,1.5012036748561334e-18,-4.2423064917439074e-18,0.0
1512,137.16313682140273,1.4846911170113868,-4.195503519594618,1.3822301803774514e-16,1.4961635597059552e-18,-4.227922837762493e-18,0.0
1513,136.87586490602948,1.4816800280467657,-4.186855593277906,1.3775131559201135e-16,1.4911567739862323e-18,-4.2136344969491904e-18,0.0
1514,136.5905984092898,1.47869011606281,-4.178268254343005,1.372827536225753e-16,1.4861831872154801e-18,-4.1994410889921585e-18,0.0
1515,136.3073357033352,1.475721368727214,-4.169741460515036,1.3681731929844695e-16,1.4812426687007142e-18,-4.1853422330614825e-18,0.0
1516,136.02607509569344,1.472773772990409,-4.161275167516723,1.3635499977513475e-16,1.4763350875459425e-18,-4.1713375478329936e-18,0.0
1517,135.74681482983297,1.4698473150914921,-4.152869329085417,1.3589578219541084e-16,1.4714603126605723e-18,-4.157426651511866e-18,0.0
1518,135.46955308572353,1.4669419805641286,-4.144523896989999,1.3543965369006696e-16,1.4666182127677267e-18,-4.14360916185593e-18,0.0
1519,135.19428798039505,1.464057754242425,-4.136238821047745,1.3498660137866252e-16,1.461808656412472e-18,-4.1298846961987564e-18,0.0
1520,134.92101756849286,1.4611946202667776,-4.128014049141069,1.3453661237026355e-16,1.4570315119699541e-18,-4.1162528714724535e-18,0.0
1521,134.64973984283031,1.4583525620896864,-4.11984952723421,1.3408967376417305e-16,1.4522866476534408e-18,-4.1027133042302204e-18,0.0
1522,134.38045273493887,1.4555315624815524,-4.11174519938983,1.3364577265065368e-16,1.4475739315222865e-18,-4.089265610668653e-18,0.0
1523,134.113154115614,1.452731603536426,-4.103701007785485,1.332048961116402e-16,1.4428932314897868e-18,-4.07590940664975e-18,0.0
1524,133.84784179545971,1.4499526666777494,-4.095716892730087,1.3276703122144538e-16,1.4382444153309668e-18,-4.062644307722729e-18,0.0
1525,133.58451352542772,1.4471947326640366,-4.087792792680162,1.323321650474552e-16,1.433627350690252e-18,-4.049469929145493e-18,0.0
1526,133.32316699735537,1.444457781594551,-4.0799286442561105,1.3190028465081714e-16,1.429041905089071e-18,-4.036385885905921e-18,0.0
1527,133.06379984449916,1.4417417929149303,-4.072124382258322,1.3147137708711907e-16,1.4244879459333572e-18,-4.0233917927428546e-18,0.0
1528,132.80640964206495,1.4390467454227878,-4.0643799396831986,1.3104542940705974e-16,1.4199653405209613e-18,-4.0104872641668295e-18,0.0
1529,132.55099390773492,1.4363726172732676,-4.056695247739064,1.3062242865711034e-16,1.4154739560489685e-18,-3.997671914480551e-18,0.0
1530,132.29755010219128,1.433719385984582,-4.0490702358620085,1.3020236188016844e-16,1.411013659620939e-18,-3.984945357799124e-18,0.0
1531,132.0460756296357,1.4310870284434944,-4.0415048317315785,1.2978521611620195e-16,1.4065843182540373e-18,-3.972307208069993e-18,0.0
1532,131.79656783830552,1.428475520910777,-4.033998961286388,1.293709784028857e-16,1.4021857988860889e-18,-3.959757079092648e-18,0.0
1533,131.5490240209869,1.4258848390266337,-4.026552548739637,1.2895963577622934e-16,1.3978179683825415e-18,-3.94729458453808e-18,0.0
1534,131.3034414155226,1.4233149578160684,-4.01916551659446,1.2855117527119546e-16,1.3934806935433234e-18,-3.93491933796793e-18,0.0
1535,131.05981720531773,1.4207658516942354,-4.0118377856592256,1.2814558392231101e-16,1.3891738411096308e-18,-3.922630952853436e-18,0.0
1536,130.8181485198404,1.418237494471737,-4.00456927506269,1.2774284876426885e-16,1.3848972777706127e-18,-3.9104290425940894e-18,0.0
1537,130.57843243511928,1.415729859359887,-3.9973599022690407,1.2734295683252137e-16,1.3806508701699668e-18,-3.8983132205360455e-18,0.0
1538,130.3406659742365,1.4132429189759297,-3.990209583092812,1.2694589516386541e-16,1.3764344849124472e-18,-3.886283099990264e-18,0.0
1539,130.10484610781688,1.4107766453482222,-3.9831182317137017,1.2655165079701884e-16,1.3722479885702827e-18,-3.874338294250412e-18,0.0
1540,129.87096975451365,1.4083310099213746,-3.976085760691257,1.2616021077318883e-16,1.3680912476895045e-18,-3.862478416610498e-18,0.0
1541,129.63903378148873,1.4059059835613443,-3.969112080979424,1.2577156213663113e-16,1.363964128796182e-18,-3.850703080382247e-18,0.0
1542,129.40903500489028,1.4035015365604926,-3.9621971019410065,1.2538569193520174e-16,1.3598664984025736e-18,-3.839011898912239e-18,0.0
1543,129.18097019032504,1.4011176386425956,-3.955340731361967,1.2500258722089952e-16,1.3557982230131846e-18,-3.827404485598768e-18,0.0
1544,128.95483605332694,1.3987542589678101,-3.9485428754656167,1.2462223505040082e-16,1.3517591691307373e-18,-3.8158804539084706e-18,0.0
1545,128.7306292598213,1.3964113661375999,-3.9418034389266805,1.2424462248558554e-16,1.3477492032620529e-18,-3.804439417392685e-18,0.0
1546,128.50834642658495,1.3940889281996138,-3.9351223248852274,1.238697365940554e-16,1.343768191923845e-18,-3.793080989703569e-18,0.0
1547,128.28798412170144,1.3917869126525213,-3.928499434960471,1.234975644496431e-16,1.3398160016484241e-18,-3.7818047846099616e-18,0.0
1548,128.0695388650123,1.3895052864507986,-3.9219346692644383,1.2312809313291404e-16,1.335892498989314e-18,-3.7706104160129924e-18,0.0
1549,127.85300712856389,1.3872440160094752,-3.9154279264155125,1.2276130973165926e-16,1.3319975505267802e-18,-3.7594974979614474e-18,0.0
1550,127.63838533704941,1.3850030672088278,-3.9089791035518293,1.223972013413806e-16,1.3281310228732744e-18,-3.748465644666881e-18,0.0
1551,127.42566986824716,1.3827824053990352,-3.902588096344564,1.2203575506576764e-16,1.3242927826787884e-18,-3.7375144705184886e-18,0.0
1552,127.21485705345324,1.3805819954047769,-3.8962547990110425,1.2167695801716618e-16,1.3204826966361206e-18,-3.726643590097718e-18,0.0
1553,127.00594317791042,1.3784018015297905,-3.8899791043277574,1.2132079731703904e-16,1.3167006314860592e-18,-3.715852618192646e-18,0.0
1554,126.7989244812326,1.3762417875613844,-3.8837609036432257,1.2096726009641892e-16,1.3129464540224793e-18,-3.705141169812122e-18,0.0
1555,126.59379715782387,1.3741019167748936,-3.877600086890704,1.206163334963527e-16,1.309220031097352e-18,-3.694508860199633e-18,0.0
1556,126.39055735729367,1.3719821519380946,-3.871496542600781,1.2026800466833844e-16,1.3055212296256699e-18,-3.683955304846967e-18,0.0
1557,126.18920118486696,1.3698824553155702,-3.8654501579138216,1.1992226077475407e-16,1.3018499165902886e-18,-3.6734801195076164e-18,0.0
1558,125.98972470178963,1.3678027886730213,-3.8594608185922596,1.195790889892782e-16,1.298205959046681e-18,-3.663082920209927e-18,0.0
1559,125.79212392572957,1.3657431132815379,-3.8535284090327733,1.1923847649730343e-16,1.2945892241276119e-18,-3.652763323270046e-18,0.0
1560,125.59639483117284,1.3637033899218127,-3.847652812278303,1.1890041049634164e-16,1.290999579047726e-18,-3.6425209453046e-18,0.0
1561,125.40253334981487,1.36168357888831,-3.8418339100299224,1.1856487819642143e-16,1.2874368911080537e-18,-3.632355403243149e-18,0.0
1562,125.21053537094714,1.3596836399933823,-3.8360715826585827,1.182318668204781e-16,1.2839010277004332e-18,-3.62226631434041e-18,0.0
1563,125.02039674183929,1.3577035325713407,-3.8303657092167054,1.1790136360473608e-16,1.2803918563118554e-18,-3.612253296188248e-18,0.0
1564,124.83211326811599,1.3557432154824687,-3.8247161674496177,1.1757335579908325e-16,1.276909244528719e-18,-3.60231596672742e-18,0.0
1565,124.64568071412934,1.353802647116993,-3.819122833806872,1.1724783066743835e-16,1.2734530600410122e-18,-3.5924539442591085e-18,0.0
1566,124.46109480332649,1.3518817853990006,-3.8135855834533996,1.169247754881106e-16,1.2700231706464112e-18,-3.582666847456225e-18,0.0
1567,124.2783512186123,1.3499805877903044,-3.808104290280522,1.166041775541519e-16,1.2666194442542965e-18,-3.572954295374469e-18,0.0
1568,124.0974456027071,1.3480990112942586,-3.8026788269168255,1.1628602417370142e-16,1.263241748889692e-18,-3.563315907463178e-18,0.0
1569,123.91837355849984,1.3462370124595249,-3.7973090647388803,1.1597030267032339e-16,1.259889952697125e-18,-3.553751303575953e-18,0.0
1570,123.74113064939644,1.34439454738379,-3.7919948738818245,1.156570003833372e-16,1.2565639239444096e-18,-3.544260103981053e-18,0.0
1571,123.56571239966298,1.3425715717174214,-3.786736123249787,1.1534610466814034e-16,1.2532635310263445e-18,-3.5348419293715754e-18,0.0
1572,123.39211429476455,1.3407680406670917,-3.781532680526188,1.1503760289652441e-16,1.249988642468348e-18,-3.525496400875422e-18,0.0
1573,123.22033178169858,1.3389839089993267,-3.7763844121838614,1.1473148245698349e-16,1.246739126929997e-18,-3.516223140065027e-18,0.0
1574,123.050360269324,1.3372191310440285,-3.7712911834950678,1.1442773075501617e-16,1.2435148532085104e-18,-3.507021768966907e-18,0.0
1575,122.88219512868544,1.335473660697929,-3.766252858541331,1.1412633521342017e-16,1.2403156902421427e-18,-3.497891910070959e-18,0.0
1576,122.71583169333204,1.333747451427998,-3.761269300223142,1.138272832725799e-16,1.2371415071135065e-18,-3.488833186339569e-18,0.0
1577,122.55126525963213,1.3320404562748043,-3.756340370269517,1.135305623907475e-16,1.2339921730528231e-18,-3.479845221216503e-18,0.0
1578,122.38849108708268,1.3303526278558198,-3.751465929247407,1.1323616004431682e-16,1.230867557441098e-18,-3.470927638635592e-18,0.0
1579,122.22750439861431,1.3286839183686792,-3.7466458365709716,1.129440637280911e-16,1.2277675298132257e-18,-3.46208006302922e-18,0.0
1580,122.06830038089089,1.3270342795943795,-3.741879950510682,1.1265426095554304e-16,1.2246919598610143e-18,-3.4533021193365806e-18,0.0
1581,121.91087418460489,1.325403662900439,-3.7371681282023124,1.1236673925906926e-16,1.2216407174361503e-18,-3.444593433011762e-18,0.0
1582,121.75522092476781,1.323792019244,-3.7325102256557607,1.1208148619023776e-16,1.2186136725530836e-18,-3.435953630031616e-18,0.0
1583,121.60133568099566,1.3221992991748803,-3.727906097763734,1.117984893200287e-16,1.215610695391845e-18,-3.427382336903425e-18,0.0
1584,121.44921349778988,1.3206254528385781,-3.7233555983102997,1.115177362390692e-16,1.2126316563007956e-18,-3.418879180672387e-18,0.0
1585,121.29884938481338,1.3190704299792242,-3.718858579979272,1.1123921455786131e-16,1.2096764257993048e-18,-3.4104437889288896e-18,0.0
1586,121.15023831716213,1.3175341799424825,-3.7144148943624757,1.1096291190700428e-16,1.2067448745803622e-18,-3.402075789815604e-18,0.0
1587,121.00337523563132,1.3160166516784026,-3.7100243919678486,1.1068881593740981e-16,1.2038368735131181e-18,-3.3937748120343776e-18,0.0
1588,120.85825504697802,1.3145177937442272,-3.705686922227425,1.1041691432051206e-16,1.2009522936453659e-18,-3.3855404848529516e-18,0.0
1589,120.71487262417801,1.3130375543071384,-3.701402333505157,1.1014719474847086e-16,1.1980910062059477e-18,-3.3773724381114813e-18,0.0
1590,120.57322280667859,1.3115758811469647,-3.6971704731045993,1.0987964493436919e-16,1.1952528826071013e-18,-3.369270302228872e-18,0.0
1591,120.43330040064659,1.3101327216588357,-3.6929911872764625,1.0961425261240473e-16,1.1924377944467422e-18,-3.361233708208941e-18,0.0
1592,120.2951001792118,1.3087080228557857,-3.688864321226018,1.0935100553807547e-16,1.1896456135106778e-18,-3.353262287646389e-18,0.0
1593,120.15861688270589,1.307301731371314,-3.684789719120371,1.0908989148835961e-16,1.186876211774765e-18,-3.345355672732609e-18,0.0
1594,120.02384521889671,1.3059137934618885,-3.680767224095589,1.088308982618896e-16,1.1841294614069986e-18,-3.3375134962612982e-18,0.0
1595,119.89077986321789,1.3045441550094097,3.676796678263694,1.0857401367912058e-16,1.1814052347695421e-18,3.329735391633916e-18,0.0
1596,119.7594154589943,1.3031927615236198,3.6728779227195227,1.0831922558249316e-16,1.1787034044206967e-18,3.322020992864954e-18,0.0
1597,119.62974661766302,1.3018595581444727,3.66901079754745,1.0806652183659112e-16,1.1760238431168124e-18,3.314369934587058e-18,0.0
1598,119.50176791898926,1.3005444896444458,3.6651951418279722,1.078158903282928e-16,1.1733664238141347e-18,3.3067818520559553e-18,0.0
1599,119.37547391127879,1.2992475004308126,3.6614307936441657,1.0756731896691803e-16,1.1707310196705971e-18,3.299256381155243e-18,0.0
1600,119.2508591115853,1.2979685345478673,3.6577175900880006,1.0732079568436916e-16,1.1681175040475555e-18,3.2917931584009953e-18,0.0
1601,119.12791800591384,1.2967075356791025,3.654055367266541,1.0707630843526725e-16,1.165525750511464e-18,3.284391820946225e-18,0.0
1602,119.00664504941969,1.2954644471493406,3.650443960307995,1.0683384519708287e-16,1.1629556328354965e-18,3.277052006585175e-18,0.0
1603,118.887034666603,1.2942392119268182,3.646883203367643,1.065933939702618e-16,1.1604070250011087e-18,3.269773353757457e-18,0.0
1604,118.76908125149963,1.2930317726252318,3.6433729296336512,1.0635494277834626e-16,1.1578798011995548e-18,3.262555501552051e-18,0.0
1605,118.65277916786688,1.2918420715057286,3.6399129713327243,1.0611847966809023e-16,1.155373835833337e-18,3.255398089711123e-18,0.0
1606,118.53812274936625,1.290670050478863,3.636503159735675,1.058839927095711e-16,1.1528890035176157e-18,3.248300758633729e-18,0.0
1607,118.42510629974103,1.2895156511065013,3.6331433251628313,1.0565146999629559e-16,1.1504251790815578e-18,3.241263149379346e-18,0.0
1608,118.3137240929905,1.2883788146036905,3.629833296989341,1.0542089964530156e-16,1.1479822375696398e-18,3.2342849036712737e-18,0.0
1609,118.20397037353978,1.2872594818404741,3.626572903650348,1.0519226979725491e-16,1.1455600542428947e-18,3.227365663899885e-18,0.0
1610,118.0958393564059,1.286157593343677,3.623361972646047,1.0496556861654224e-16,1.143158504580116e-18,3.220505073125747e-18,0.0
1611,117.98932522735974,1.285073089298638,3.6202003305466177,1.0474078429135863e-16,1.1407774642790065e-18,3.213702775082592e-18,0.0
1612,117.88442214308444,1.284005909550908,3.617087802997052,1.0451790503379161e-16,1.1384168092572852e-18,3.2069584141801705e-18,0.0
1613,117.78112423132907,1.2829559936078998,3.614024214721833,1.0429691907990005e-16,1.1360764156537376e-18,3.2002716355069466e-18,0.0
1614,117.67942559105997,1.2819232806405085,3.6110093895295456,1.0407781468978984e-16,1.1337561598292345e-18,3.1936420848326977e-18,0.0
1615,117.57932029260684,1.2809077094846768,3.6080431503173247,1.0386058014768433e-16,1.1314559183676884e-18,3.1870694086109503e-18,0.0
1616,117.48080237780624,1.279909218642935,3.6051253190752357,1.0364520376199178e-16,1.1291755680769791e-18,3.180553253981323e-18,0.0
1617,117.38386586014069,1.2789277462858908,3.6022557168904994,1.0343167386536778e-16,1.1269149859898262e-18,3.174093268771717e-18,0.0
1618,117.28850472487473,1.2779632302536883,3.599434163951643,1.032199788147747e-16,1.1246740493646244e-18,3.167689101500409e-18,0.0
1619,117.19471292918688,1.2770156080574229,3.5966604795525283,1.0301010699153645e-16,1.1224526356862317e-18,3.1613404013780134e-18,0.0
1620,117.10248440229891,1.2760848168805257,3.59393448209627,1.0280204680139044e-16,1.1202506226667227e-18,3.1550468183093344e-18,0.0
1621,117.0118130456006,1.2751707935801018,3.5912559890990585,1.0259578667453483e-16,1.1180678882460939e-18,3.1488080028951007e-18,0.0
1622,116.92269273277202,1.2742734746882407,3.588624817193871,1.0239131506567289e-16,1.1159043105929338e-18,3.1426236064335893e-18,0.0
1623,116.83511730990223,1.2733927964132876,3.586040782134092,1.0218862045405387e-16,1.1137597681050563e-18,3.136493280922147e-18,0.0
1624,116.74908059560418,1.2725286946410774,3.583503698797015,1.0198769134350971e-16,1.1116341394100885e-18,3.1304166790585937e-18,0.0
1625,116.66457638112749,1.271681104936138,3.581013381187275,1.0178851626248946e-16,1.1095273033660305e-18,3.1243934542425382e-18,0.0
1626,116.58159843046667,1.2708499625428569,3.578569642440151,1.0159108376408925e-16,1.1074391390617705e-18,3.1184232605765707e-18,0.0
1627,116.50014048046755,1.2700352023866148,3.5761722948248,1.013953824260801e-16,1.1053695258175712e-18,3.112505752867379e-18,0.0
1628,116.42019624092987,1.2692367590748892,3.573821149747389,1.0120140085093197e-16,1.1033183431855182e-18,3.106640586626753e-18,0.0
1629,116.34175939470708,1.2684545668983223,3.5715160177541354,1.0100912766583492e-16,1.1012854709499347e-18,3.100827418072502e-18,0.0
1630,116.26482359780323,1.267688559831757,3.5692567085342515,1.0081855152271725e-16,1.0992707891277623e-18,3.0950659041292668e-18,0.0
1631,116.18938247946714,1.2669386715352484,3.5670430309228194,1.0062966109826103e-16,1.0972741779689145e-18,3.0893557024292688e-18,0.0
1632,116.1154296422834,1.2662048353550353,3.564874792903561,1.0044244509391434e-16,1.0952955179565915e-18,3.0836964713129393e-18,0.0
1633,116.04295866226107,1.265486984324492,3.5627518016115403,1.0025689223590115e-16,1.0933346898075721e-18,3.0780878698294907e-18,0.0
1634,115.97196308891938,1.2647850511650456,3.5606738633357717,1.0007299127522843e-16,1.0913915744724705e-18,3.072529557737392e-18,0.0
1635,115.90243644537081,1.264098968287063,3.55864078352175,9.989073098769052e-17,1.0894660531359647e-18,3.067021195504758e-18,0.0
1636,115.8343722284021,1.2634286677907207,3.5566523667739234,9.97101001738714e-17,1.087558007217004e-18,3.061562444309685e-18,0.0
1637,115.76776390855186,1.262774081466833,3.5547084168580447,9.953108765914384e-17,1.0856673183689757e-18,3.056152966040477e-18,0.0
1638,115.70260493018678,1.2621351407976682,3.5528087367035064,9.935368229366706e-17,1.0837938684798619e-18,3.0507924232958323e-18,0.0
1639,115.63888871157467,1.2615117769577302,3.5509531284055558,9.917787295238129e-17,1.0819375396723567e-18,3.045480479384931e-18,0.0
1640,115.57660864495563,1.2609039208145187,3.54914139322746,9.90036485350007e-17,1.0800982143039666e-18,3.0402167983274715e-18,0.0
1641,115.51575809661094,1.260311502929265,3.547373331602613,9.883099796600393e-17,1.0782757749670857e-18,3.0350010448536395e-18,0.0
1642,115.4563304069298,1.2597344535576467,3.545648743136557,9.865991019462272e-17,1.0764701044890463e-18,3.029832884404003e-18,0.0
1643,115.39831889047353,1.2591727026504738,3.543967426608944,9.849037419482827e-17,1.074681085932148e-18,3.0247119831293514e-18,0.0
1644,115.34171683603873,1.2586261798543608,3.542329179975451,9.83223789653161e-17,1.0729086025936655e-18,3.019638007890479e-18,0.0
1645,115.28651750671739,1.2580948145123725,3.5407338003696185,9.815591352948885e-17,1.0711525380058376e-18,3.014610626257909e-18,0.0
1646,115.23271413995592,1.2575785356646512,3.5391810841046394,9.799096693543734e-17,1.0694127759358326e-18,3.0096295065115584e-18,0.0
1647,115.18029994761164,1.2570772720490195,3.5376708266750803,9.782752825591976e-17,1.067689200385695e-18,3.0046943176403468e-18,0.0
1648,115.12926811600853,1.2565909521015788,3.536202822758579,9.76655865883399e-17,1.065981695592282e-18,2.9998047293417782e-18,0.0
1649,115.07961180599011,1.2561195039572686,3.5347768662174532,9.7505131054723e-17,1.0642901460271689e-18,2.9949604120214427e-18,0.0
1650,115.03132415297159,1.255662855450427,3.5333927501002838,9.734615080169071e-17,1.0626144363965506e-18,2.990161036792493e-18,0.0
1651,114.98439826699007,1.255220934115321,3.532050266643444,9.718863500043442e-17,1.0609544516411173e-18,2.985406275475069e-18,0.0
1652,114.93882723275343,1.2547936671866735,3.5307492072725917,9.703257284668743e-17,1.0593100769359246e-18,2.98069580059569e-18,0.0
1653,114.89460410968766,1.2543809816001625,3.5294893626040973,9.687795356069565e-17,1.0576811976902396e-18,2.976029285386591e-18,0.0
1654,114.85172193198315,1.253982803992917,3.528270522446462,9.67247663871874e-17,1.0560676995473826e-18,2.971406403785042e-18,0.0
1655,114.81017370863916,1.2535990607039886,3.527092475801665,9.657300059534168e-17,1.0544694683845456e-18,2.96682683043261e-18,0.0
1656,114.76995242350795,1.2532296777748242,3.525955010866504,9.642264547875605e-17,1.0528863903126125e-18,2.9622902406744136e-18,0.0
1657,114.73105103533688,1.2528745809497113,3.5248579150338806,9.62736903554128e-17,1.0513183516759536e-18,2.9577963105583207e-18,0.0
1658,114.69346247781004,1.252533695676222,3.5238009748940637,9.612612456764477e-17,1.0497652390522194e-18,2.953344716834139e-18,0.0
1659,114.65717965958895,1.2522069471056474,3.5227839762359214,9.597993748210016e-17,1.0482269392521217e-18,2.9489351369527674e-18,0.0
1660,114.62219546435176,1.2518942600934115,3.521806704048122,9.583511848970637e-17,1.0467033393192027e-18,2.944567249065323e-18,0.0
1661,114.58850275083248,1.2515955591994918,3.5208689425203175,9.569165700563358e-17,1.045194326529603e-18,2.940240732022257e-18,0.0
1662,114.55609435285852,1.2513107686888159,3.5199704750442917,9.554954246925723e-17,1.0436997883918124e-18,2.9359552653724322e-18,0.0
1663,114.52496307938837,1.251039812531665,3.5191110842151034,9.540876434412026e-17,1.0422196126464228e-18,2.9317105293622024e-18,0.0
1664,114.49510171454834,1.250782614404062,3.518290551832203,9.526931211789485e-17,1.0407536872658707e-18,2.9275062049344623e-18,0.0
1665,114.46650301766823,1.2505390976881516,3.517508658900514,9.513117530234325e-17,1.039301900454171e-18,2.923341973727675e-18,0.0
1666,114.43915972331772,1.2503091854725883,3.516765185631546,9.499434343327906e-17,1.0378641406466555e-18,2.9192175180749166e-18,0.0
1667,114.41306454134109,1.2500928005529062,3.516059911444445,9.485880607052741e-17,1.0364402965096966e-18,2.915132521002876e-18,0.0
1668,114.38821015689264,1.2498898654318915,3.5153926149670727,9.472455279788545e-17,1.0350302569404356e-18,2.911086666230873e-18,0.0
1669,114.36458923047098,1.2497003023199533,3.514763074037047,9.459157322308216e-17,1.0336339110665028e-18,2.907079638169846e-18,0.0
1670,114.342194397954,1.249524033135493,3.5141710657028105,9.445985697773868e-17,1.032251148245742e-18,2.903111121921364e-18,0.0
1671,114.32101827063289,1.2493609795052654,3.51361636622466,9.432939371732785e-17,1.0308818580659247e-18,2.899180803276604e-18,0.0
1672,114.301053435247,1.2492110627647526,3.5130987510758116,9.420017312113456e-17,1.0295259303444747e-18,2.8952883687153563e-18,0.0
1673,114.28229245401769,1.2490742039585225,3.512617994943428,9.407218489221511e-17,1.02818325512818e-18,2.891433505405003e-18,0.0
1674,114.2647278646834,1.248950323840605,3.512173871729689,9.394541875735789e-17,1.0268537226929184e-18,2.8876159011995283e-18,0.0
1675,114.24835218053414,1.2488393428748574,3.511766154552836,9.38198644670434e-17,1.025537223543375e-18,2.8838352446385093e-18,0.0
1676,114.23315789044638,1.2487411812353395,3.511394615748243,9.369551179540464e-17,1.0242336484127646e-18,2.8800912249461253e-18,0.0
1677,114.21913745891842,1.248655758806689,3.511059026869489,9.357235054018809e-17,1.0229428882625574e-18,2.8763835320301716e-18,0.0
1678,114.20628332610603,1.2485829951845044,3.510759158689441,9.345037052271471e-17,1.0216648342822065e-18,2.8727118564810815e-18,0.0
1679,114.19458790785865,1.2485228096757304,3.510494781201367,9.33295615878416e-17,1.0203993778888811e-18,2.8690758895709666e-18,0.0
1680,114.18404359575604,1.248475121299052,3.5102656636200438,9.320991360392401e-17,1.0191464107272024e-18,2.865475323252663e-18,0.0
1681,114.17464275714565,1.2484398487852928,3.510071574382902,9.309141646277787e-17,1.017905824668985e-18,2.861909850158799e-18,0.0
1682,114.16637773518032,1.248416910577822,3.5099122811511787,9.297406007964273e-17,1.016677511812984e-18,2.858379163600868e-18,0.0
1683,114.15924084885721,1.248406224832969,3.5097875508110987,9.285783439314566e-17,1.0154613644846472e-18,2.8548829575683343e-18,0.0
1684,114.15322439305717,1.248407709420448,3.5096971494750804,9.274272936526549e-17,1.0142572752358752e-18,2.8514209267277436e-18,0.0
1685,114.1483206385854,1.248421281923794,3.509640842482982,9.262873498129815e-17,1.0130651368447913e-18,2.8479927664218756e-18,0.0
1686,114.14452183221239,1.248446859640804,3.5096183944033448,9.25158412498222e-17,1.0118848423155114e-18,2.844598172668891e-18,0.0
1687,114.14182019671665,1.2484843595839956,3.5096295690347015,9.240403820266588e-17,1.0107162848779321e-18,2.84123684216153e-18,0.0
1688,114.14020793092799,1.2485336984810742,3.5096741294069043,9.229331589487448e-17,1.0095593579875205e-18,2.8379084722663205e-18,0.0
1689,114.13967720977229,1.2485947927754153,3.509751837782488,9.218366440467898e-17,1.0084139553251168e-18,2.8346127610228207e-18,0.0
1690,114.14022018431714,1.2486675586265563,3.5098624556580686,9.207507383346541e-17,1.0072799707967464e-18,2.831349407142887e-18,0.0
1691,114.14182898181923,1.2487519119107093,3.5100057437657965,9.196753430574544e-17,1.006157298533442e-18,2.8281181100099755e-18,0.0
1692,114.14449570577266,1.248847768221282,3.5101814620748284,9.186103596912786e-17,1.005045832891077e-18,2.824918569678471e-18,0.0
1693,114.1482124359588,1.2489550428694167,3.5103893697928634,9.175556899429116e-17,1.003945468450209e-18,2.821750486873052e-18,0.0
1694,114.1529712284982,1.249073650884552,3.510629225367722,9.165112357495767e-17,1.0028561000159407e-18,2.8186135629880967e-18,0.0
1695,114.15876411590291,1.24920350701499,3.5109007864889614,9.154768992786809e-17,1.001777622617785e-18,2.8155075000871082e-18,0.0
1696,114.16558310713157,1.249344525728493,3.5112038100895533,9.144525829275814e-17,1.00070993150955e-18,2.8124320009021937e-18,0.0
1697,114.17342018764546,1.2494966212128897,3.5115380523476114,9.134381893233582e-17,9.99652922169234e-19,2.809386768833575e-18,0.0
1698,114.18226731946665,1.2496597073767075,3.5119032686881644,9.124336213226033e-17,9.98606490298935e-19,2.8063715079491356e-18,0.0
1699,114.19211644123793,1.2498336978498212,3.5122992137850035,9.11438782011224e-17,9.975705318247764e-19,2.8033859229840186e-18,0.0
1700,114.20295946828438,1.2500185059841251,3.5127256415625667,9.104535747042568e-17,9.965449428968447e-19,2.8004297193402563e-18,0.0
1701,114.21478829267704,1.2502140448542214,3.5131823051978954,9.094779029456982e-17,9.955296198891422e-19,2.797502603086447e-18,0.0
1702,114.22759478329888,1.2504202272581382,3.5136689571226536,9.085116705083507e-17,9.945244593995596e-19,2.7946042809574823e-18,0.0
1703,114.24137078591228,1.250636965718065,3.514185349025206,9.075547813936834e-17,9.935293582498607e-19,2.791734460354311e-18,0.0
1704,114.25610812322884,1.2508641724811123,3.5147312318527617,9.066071398317049e-17,9.925442134856834e-19,2.788892849343754e-18,0.0
1705,114.27179859498175,1.2511017595200975,3.5153063558135926,9.056686502808583e-17,9.9156892237656e-19,2.7860791566583703e-18,0.0
1706,114.28843397799993,1.2513496385343545,3.515910470379312,9.047392174279275e-17,9.906033824159541e-19,2.783293091696367e-18,0.0
1707,114.3060060262845,1.2516077209505687,3.516543324287231,9.038187461879605e-17,9.896474913213133e-19,2.7805343645215613e-18,0.0
1708,114.32450647108801,1.2518759179236376,3.517204665542781,9.029071417042122e-17,9.887011470341416e-19,2.7778026858633934e-18,0.0
1709,114.34392702099561,1.2521541403375582,3.5178942414220193,9.02004309348101e-17,9.877642477200885e-19,2.7750977671169908e-18,0.0
1710,114.36425936200901,1.252442298806344,3.5186117984742125,9.01110154719186e-17,9.868366917690603e-19,2.7724193203432926e-18,0.0
1711,114.38549515763289,1.2527403036749676,3.519357082524479,9.002245836451589e-17,9.859183777953453e-19,2.769767058269212e-18,0.0
1712,114.40762604896383,1.2530480650203322,3.520129838676541,8.993475021818569e-17,9.850092046377628e-19,2.7671406942878713e-18,0.0
1713,114.43064365478202,1.2533654926522737,3.5209298113155336,8.984788166132915e-17,9.841090713598287e-19,2.7645399424588835e-18,0.0
1714,114.45453957164533,1.2536924961145897,3.521756744110906,8.976184334516973e-17,9.83217877249942e-19,2.7619645175086854e-18,0.0
1715,114.47930537398675,1.2540289846861055,3.5226103800194157,8.967662594375993e-17,9.823355218215946e-19,2.7594141348309448e-18,0.0
1716,114.50493261421407,1.2543748673817632,3.5234904612882,8.959222015399e-17,9.814619048135955e-19,2.7568885104870107e-18,0.0
1717,114.53141282281264,1.2547300529537464,3.5243967294579326,8.950861669559845e-17,9.805969261903214e-19,2.754387361206427e-18,0.0
1718,114.55873750845079,1.255094449892636,3.525328925366076,8.942580631118447e-17,9.797404861419837e-19,2.7519104043875044e-18,0.0
1719,114.58689815808886,1.255467966428602,3.5262867891502334,8.934377976622278e-17,9.78892485084923e-19,2.749457358097963e-18,0.0
1720,114.6158862370902,1.2558505105326208,3.527270060251572,8.926252784907973e-17,9.780528236619165e-19,2.747027941075617e-18,0.0
1721,114.64569318933647,1.2562419899177395,3.5282784774183655,8.918204137103236e-17,9.772214027425192e-19,2.744621872729146e-18,0.0
1722,114.67631043734498,1.2566423120403598,3.529311778709617,8.910231116628866e-17,9.763981234234145e-19,2.742238873138904e-18,0.0
1723,114.70772938238939,1.2570513841015631,3.530369701498774,8.902332809201018e-17,9.75582887028793e-19,2.7398786630578038e-18,0.0
1724,114.73994140462449,1.2574691130484779,3.531451982477566,8.894508302833727e-17,9.747755951107592e-19,2.7375409639122724e-18,0.0
1725,114.77293786321272,1.2578954055756688,3.532558357659918,8.886756687841535e-17,9.739761494497481e-19,2.735225497803253e-18,0.0
1726,114.80671009645536,1.2583301681265762,3.533688562385975,8.879077056842434e-17,9.731844520549784e-19,2.7329319875072845e-18,0.0
1727,114.84124942192621,1.2587733068949833,3.534842331326239,8.871468504760964e-17,9.724004051649187e-19,2.730660156477647e-18,0.0
1728,114.87654713660893,1.2592247278265236,3.5360193984857915,8.863930128831536e-17,9.716239112477817e-19,2.728409728845563e-18,0.0
1729,114.91259451703762,1.2596843366202246,3.537219497208628,8.856461028601973e-17,9.7085487300204e-19,2.726180429421469e-18,0.0
1730,114.94938281944133,1.260152038730097,3.538442360182118,8.849060305937297e-17,9.700931933569697e-19,2.7239719836963668e-18,0.0
1731,114.98690327989146,1.2606277393667529,3.539687719441549,8.841727065023692e-17,9.693387754732108e-19,2.7217841178432223e-18,0.0
1732,115.02514711445295,1.2611113434990673,3.540955306374782,8.834460412372704e-17,9.685915227433569e-19,2.7196165587184387e-18,0.0
1733,115.06410551933908,1.261602755855879,3.5422448517270344,8.827259456825671e-17,9.678513387925659e-19,2.717469033863404e-18,0.0
1734,115.10376967106981,1.2621018809277367,3.5435560856057595,8.820123309558368e-17,9.671181274791977e-19,2.7153412715060978e-18,0.0
1735,115.14413072663402,1.2626086229686746,3.5448887374856515,8.813051084085894e-17,9.663917928954747e-19,2.7132330005627783e-18,0.0
1736,115.1851798236548,1.2631228859980397,3.546242536213743,8.806041896267736e-17,9.65672239368165e-19,2.7111439506397173e-18,0.0
1737,115.22690808055911,1.2636445738023505,3.5476172100146406,8.799094864313104e-17,9.649593714592913e-19,2.709073852035026e-18,0.0
1738,115.2693065967508,1.2641735899372093,3.549012486495867,8.792209108786483e-17,9.642530939668673e-19,2.7070224357405386e-18,0.0
1739,115.31236645278759,1.2647098377292423,3.5504280926533167,8.785383752613388e-17,9.635533119256526e-19,2.7049894334437665e-18,0.0
1740,115.3560787105619,1.2652532202780968,3.551863754876841,8.778617921086382e-17,9.628599306079388e-19,2.702974577529927e-18,0.0
1741,115.40043441348523,1.265803640458467,3.5533191989559336,8.771910741871286e-17,9.621728555243544e-19,2.7009776010840297e-18,0.0
1742,115.44542458667665,1.2663610009221735,3.5547941500855518,8.765261345013636e-17,9.61491992424699e-19,2.698998237893047e-18,0.0
1743,115.49104023715515,1.2669252041002823,3.556288332872063,8.758668862945359e-17,9.608172472988002e-19,2.6970362224481485e-18,0.0
1744,115.53727235403602,1.2674961522052652,3.557801471339291,8.752132430491703e-17,9.601485263773956e-19,2.695091289947002e-18,0.0
1745,115.58411190873089,1.2680737472332066,3.5593332889346985,8.745651184878342e-17,9.594857361330382e-19,2.693163176296145e-18,0.0
1746,115.63154985515186,1.268657890966056,3.5608835085356993,8.739224265738757e-17,9.588287832810307e-19,2.6912516181134323e-18,0.0
1747,115.67957712992003,1.269248484973923,3.562451852456087,8.732850815121837e-17,9.58177574780381e-19,2.689356352730553e-18,0.0
1748,115.72818465257726,1.269845430617414,3.5640380424525784,8.726529977499679e-17,9.575320178347818e-19,2.6874771181956036e-18,0.0
1749,115.77736332580281,1.2704486290500234,3.565641799731505,8.720260899775652e-17,9.568920198936204e-19,2.685613653275752e-18,0.0
1750,115.82710403563341,1.2710579812205582,3.567262844955611,8.714042731292661e-17,9.562574886530063e-19,2.683765697459953e-18,0.0
1751,115.87739765168787,1.2716733878756188,3.5689008982509907,8.70787462384166e-17,9.5562833205683e-19,2.6819329909617483e-18,0.0
1752,115.92823502739535,1.2722947495621155,3.5705556792141446,8.701755731670359e-17,9.550044582978405e-19,2.6801152747221215e-18,0.0
1753,115.9796070002284,1.2729219666298432,3.5722269069191697,8.695685211492213e-17,9.543857758187537e-19,2.6783122904124363e-18,0.0
1754,116.03150439193914,1.273554939234088,3.5739142999250717,8.68966222249555e-17,9.537721933133784e-19,2.6765237804374303e-18,0.0
1755,116.08391800880088,1.274193567338293,3.5756175762832165,8.683685926353021e-17,9.531636197277746e-19,2.6747494879382904e-18,0.0
1756,116.13683864185276,1.2748377507167616,3.577336453544901,8.677755487231204e-17,9.525599642614293e-19,2.6729891567957907e-18,0.0
1757,116.1902570671491,1.2754873889574123,3.5790706487690573,8.671870071800438e-17,9.519611363684595e-19,2.6712425316334923e-18,0.0
1758,116.24416404601341,1.2761423814645836,3.5808198785301,8.666028849244947e-17,9.513670457588449e-19,2.6695093578210356e-18,0.0
1759,116.2985503252953,1.2768026274618718,3.5825838589258736,8.660230991273059e-17,9.507776023996708e-19,2.6677893814774603e-18,0.0
1760,116.35340663763296,1.2774680259950328,3.584362305585763,8.654475672127769e-17,9.5019271651641e-19,2.6660823494746327e-18,0.0
1761,116.40872370171918,1.2781384759349224,3.586154933678916,8.648762068597445e-17,9.496122985942202e-19,2.6643880094407163e-18,0.0
1762,116.4644922225719,1.2788138759804863,3.587961457922613,8.643089360026793e-17,9.490362593792693e-19,2.662706109763721e-18,0.0
1763,116.52070289180837,1.2794941246617915,3.589781592590742,8.637456728327982e-17,9.484645098800772e-19,2.6610363995951035e-18,0.0
1764,116.57734638792473,1.2801791203431185,3.5916150515224494,8.631863357992067e-17,9.478969613688936e-19,2.659378628853461e-18,0.0
1765,116.63441337657854,1.2808687612260847,3.5934615481308656,8.626308436100533e-17,9.473335253830845e-19,2.657732548228254e-18,0.0
1766,116.69189451087679,1.2815629453528314,3.5953207954120225,8.62079115233714e-17,9.46774113726556e-19,2.6560979091836327e-18,0.0
1767,116.74978043166722,1.282261570609246,3.5971925059538616,8.615310698999896e-17,9.462186384711895e-19,2.6544744639622952e-18,0.0
1768,116.80806176783423,1.2829645347282377,3.599076391945392,8.609866271013295e-17,9.456670119583074e-19,2.652861965589432e-18,0.0
1769,116.86672913659926,1.2836717352930602,3.600972165185968,8.604457065940727e-17,9.451191468001565e-19,2.651260167876716e-18,0.0
1770,116.92577314382545,1.2843830697406837,3.602879537094737,8.599082283997138e-17,9.44574955881419e-19,2.649668825426382e-18,0.0
1771,116.98518438432576,1.2850984353652077,3.604798218720153,8.593741128061802e-17,9.440343523607385e-19,2.6480876936353298e-18,0.0
1772,117.04495344217689,1.2858177293213349,3.6067279207496994,8.588432803691429e-17,9.434972496722786e-19,2.6465165286993327e-18,0.0
1773,117.10507089103582,1.2865408486278793,3.608668353519684,8.583156519133341e-17,9.429635615272926e-19,2.6449550876172725e-18,0.0
1774,117.16552729446158,1.2872676901713258,3.610619227025197,8.577911485338909e-17,9.424332019157193e-19,2.6434031281954513e-18,0.0
1775,117.22631320624122,1.2879981507094442,3.612580250930192,8.572696915977197e-17,9.419060851078033e-19,2.641860409051962e-18,0.0
1776,117.28741917071963,1.2887321268749434,3.6145511345777086,8.567512027448758e-17,9.413821256557325e-19,2.6403266896211184e-18,0.0
1777,117.3488357231337,1.2894695151791729,3.616531587000203,8.562356038899628e-17,9.408612383952956e-19,2.6388017301579347e-18,0.0
1778,117.41055338995119,1.2902102120158778,3.6185213169300448,8.557228172235556e-17,9.403433384475652e-19,2.6372852917426797e-18,0.0
1779,117.47256268921308,1.2909541136649965,3.6205200328101186,8.55212765213634e-17,9.398283412205974e-19,2.6357771362854742e-18,0.0
1780,117.53485413088032,1.291701116296501,3.6225274428045497,8.547053706070389e-17,9.393161624111488e-19,2.63427702653094e-18,0.0
1781,117.59741821718565,1.2924511159743002,3.6245432548096055,8.542005564309503e-17,9.388067180064246e-19,2.632784726062933e-18,0.0
1782,117.66024544298813,1.2932040086601708,3.6265671764646723,8.53698245994375e-17,9.382999242858326e-19,2.6312999993092972e-18,0.0
1783,117.72332629613294,1.2939596902177481,3.6285989151633973,8.531983628896575e-17,9.377956978227655e-19,2.629822611546693e-18,0.0
1784,117.78665125781487,1.2947180564165581,3.6306381780649457,8.527008309940064e-17,9.372939554863994e-19,2.6283523289054723e-18,0.0
1785,117.85021080294604,1.2954790029360952,3.6326846721053885,8.522055744710365e-17,9.367946144435088e-19,2.6268889183746056e-18,0.0
1786,117.91399540052782,1.2962424253699545,3.6347381040092284,8.517125177723318e-17,9.362975921603075e-19,2.625432147806667e-18,0.0
1787,117.97799551402663,1.2970082192299948,3.636798180301032,8.512215856390192e-17,9.358028064042968e-19,2.623981785922857e-18,0.0
1788,118.0422016017539,1.297776279950562,3.6388646073172084,8.507327031033612e-17,9.353101752461398e-19,2.622537602318087e-18,0.0
1789,118.10660411725037,1.298546502892754,3.6409370912179098,8.502457954903663e-17,9.348196170615518e-19,2.6210993674661102e-18,0.0
1790,118.1711935096741,1.2993187833487267,3.6430153379990617,8.497607884194126e-17,9.343310505332062e-19,2.619666852724701e-18,0.0
1791,118.23596022419227,1.300093016546046,3.6450990535044934,8.49277607805884e-17,9.338443946526544e-19,2.6182398303408682e-18,0.0
1792,118.30089470237765,1.3008690976520931,3.6471879434382317,8.487961798628275e-17,9.333595687222711e-19,2.6168180734561378e-18,0.0
1793,118.3659873826085,1.3016469217785032,3.649281713376889,8.4831643110262e-17,9.328764923572058e-19,2.6154013561118606e-18,0.0
1794,118.4312287004725,1.3024263839856556,3.6513800687821876,8.478382883386515e-17,9.323950854873567e-19,2.6139894532545755e-18,0.0
1795,118.49660908917483,1.3032073792872056,3.6534827150136007,8.473616786870224e-17,9.31915268359357e-19,2.6125821407414108e-18,0.0
1796,118.5621189799496,1.3039898026546612,3.6555893573411167,8.468865295682522e-17,9.314369615385777e-19,2.611179195345528e-18,0.0
1797,118.62774880247578,1.3047735490219996,3.6576997009581214,8.464127687090042e-17,9.309600859111438e-19,2.6097803947616073e-18,0.0
1798,118.69348898529644,1.3055585132903338,3.6598134509944056,8.459403241438213e-17,9.304845626859658e-19,2.608385517611375e-18,0.0
1799,118.7593299562422,1.3063445903326183,3.6619303125292864,8.454691242168761e-17,9.300103133967873e-19,2.606994343449168e-18,0.0
1800,118.82526214285804,1.3071316749983932,3.664049990604846,8.44999097583731e-17,9.295372599042402e-19,2.605606652767536e-18,0.0
1801,118.89127597283394,1.3079196621185758,3.666172190239282,8.445301732131111e-17,9.290653243979187e-19,2.6042222270028768e-18,0.0
1802,118.9573618744395,1.3087084465102947,3.6682966164403923,8.440622803886894e-17,9.285944293984649e-19,2.602840848541119e-18,0.0
1803,119.02351027696194,1.3094979229817632,3.670422974219147,8.435953487108828e-17,9.28124497759666e-19,2.6014623007234264e-18,0.0
1804,119.08971161114751,1.3102879863371883,3.6725509686033972,8.431293080986574e-17,9.276554526705615e-19,2.6000863678519407e-18,0.0
1805,119.15595630964708,1.3110785313817321,3.6746803046516754,8.42664088791346e-17,9.271872176575675e-19,2.598712835195558e-18,0.0
1806,119.22223480746467,1.3118694529265025,3.6768106874671296,8.421996213504747e-17,9.267197165866062e-19,2.5973414889957353e-18,0.0
1807,119.2885375424102,1.3126606457935937,3.6789418222115526,8.417358366616015e-17,9.26252873665253e-19,2.5959721164723318e-18,0.0
1808,119.35485495555444,1.3134520048211504,3.6810734141195103,8.412726659361579e-17,9.257866134448838e-19,2.5946045058294627e-18,0.0
1809,119.42117749168916,1.3142434248684929,3.6832051685126093,8.408100407133089e-17,9.25320860822845e-19,2.5932384462614064e-18,0.0
1810,119.48749559978893,1.3150348008212598,3.685336790813833,8.403478928618111e-17,9.248555410446224e-19,2.591873727958514e-18,0.0
1811,119.55379973347732,1.3158260275966007,3.687467986562007,8.398861545818877e-17,9.243905797060239e-19,2.5905101421131553e-18,0.0
1812,119.62008035149636,1.3166170001484054,3.6895984614263666,8.394247584071071e-17,9.23925902755373e-19,2.5891474809256968e-18,0.0
1813,119.68632791817846,1.3174076134725643,3.6917279212212093,8.389636372062675e-17,9.234614364957051e-19,2.5877855376104813e-18,0.0
1814,119.75253290392237,1.3181977626122687,3.693856071920662,8.385027241852907e-17,9.229971075869735e-19,2.586424106401847e-18,0.0
1815,119.81868578567224,1.3189873426633547,3.695982619673557,8.380419528891254e-17,9.2253284304827e-19,2.5850629825601668e-18,0.0
1816,119.88477704739891,1.3197762487796652,3.698107270818376,8.375812572036478e-17,9.220685702600387e-19,2.5837019623778916e-18,0.0
1817,119.95079718058551,1.320564376178465,3.700229731898316,8.371205713575775e-17,9.21604216966308e-19,2.582340843185627e-18,0.0
1818,120.01673668471513,1.3213516201458773,3.702349709676441,8.366598299243925e-17,9.211397112769233e-19,2.580979423358221e-18,0.0
1819,120.08258606776191,1.3221378760423637,3.70446691115093,8.361989678242525e-17,9.206749816697876e-19,2.5796175023208662e-18,0.0
1820,120.14833584668506,1.3229230393082312,3.7065810435704143,8.357379203259247e-17,9.202099569931058e-19,2.5782548805552196e-18,0.0
1821,120.21397654792509,1.3237070054691713,3.7086918144493906,8.352766230487127e-17,9.197445664676311e-19,2.5768913596055223e-18,0.0
1822,120.27949870790421,1.3244896701418405,3.710798931583769,8.348150119643952e-17,9.192787396889248e-19,2.575526742084762e-18,0.0
1823,120.34489287352763,1.3252709290394575,3.712902103066428,8.343530233991561e-17,9.188124066296054e-19,2.574160831680794e-18,0.0
1824,120.41014960268959,1.3260506779774488,3.7150010373029585,8.33890594035533e-17,9.183454976416176e-19,2.5727934331625376e-18,0.0
1825,120.47525946478041,1.3268288128791097,3.7170954430273917,8.334276609143544e-17,9.178779434584899e-19,2.5714243523861176e-18,0.0
1826,120.54021304119676,1.3276052297813041,3.7191850293180684,8.329641614366849e-17,9.174096751976023e-19,2.5700533963010488e-18,0.0
1827,120.60500092585482,1.3283798248401903,3.7212695056135794,8.32500033365773e-17,9.16940624362455e-19,2.568680372956417e-18,0.0
1828,120.66961372570512,1.3291524943369748,3.7233485817287595,8.320352148289962e-17,9.164707228449353e-19,2.5673050915070573e-18,0.0
1829,120.73404206125073,1.3299231346836995,3.7254219678708,8.315696443198118e-17,9.159999029275907e-19,2.56592736221975e-18,0.0
1830,120.79827656706708,1.3306916424290485,3.7274893746553937,8.311032606997027e-17,9.155280972858972e-19,2.564546996479396e-18,0.0
1831,120.86230789232388,1.3314579142641823,3.7295505131229665,8.306360032001232e-17,9.150552389905285e-19,2.563163806795204e-18,0.0
1832,120.92612670131072,1.33222184702861,3.7316050947550092,8.301678114244523e-17,9.145812615096312e-19,2.5617776068068873e-18,0.0
1833,120.98972367396308,1.3329833377160696,3.7336528314904367,8.296986253499348e-17,9.14106098711089e-19,2.5603882112908344e-18,0.0
1834,121.0530895063915,1.3337422834804438,3.735693435742026,8.292283853296273e-17,9.136296848647912e-19,2.5589954361662856e-18,0.0
1835,121.11621491141278,1.3344985816417,3.7377266204129462,8.287570320943428e-17,9.131519546449014e-19,2.557599098501516e-18,0.0
1836,121.17909061908259,1.3352521296918478,3.739752098913317,8.28284506754589e-17,9.12672843132118e-19,2.5561990165199892e-18,0.0
1837,121.24170737723057,1.336002825300923,3.7417695851768413,8.278107508025058e-17,9.121922858159344e-19,2.554795009606516e-18,0.0
1838,121.30405595199743,1.3367505663229957,3.743778793677517,8.273357061138027e-17,9.117102185968996e-19,2.553386898313409e-18,0.0
1839,121.36612712837291,1.3374952508021916,3.7457794394463657,8.26859314949685e-17,9.11226577788866e-19,2.5519745043666037e-18,0.0
1840,121.42791171073672,1.338236776978744,3.7477712380882586,8.26381519958784e-17,9.107413001212433e-19,2.5505576506717963e-18,0.0
1841,121.48940052340009,1.3389750432950587,3.7497539057987654,8.259022641790767e-17,9.102543227412385e-19,2.5491361613205397e-18,0.0
1842,121.55058441114991,1.3397099484017996,3.751727159381078,8.254214910398049e-17,9.09765583216098e-19,2.547709861596349e-18,0.0
1843,121.6114542397936,1.3404413911639974,3.7536907162629705,8.249391443633857e-17,9.092750195353398e-19,2.546278577980776e-18,0.0
1844,121.6720008967057,1.3411692706671632,3.755644294513798,8.24455168367316e-17,9.08782570112977e-19,2.5448421381594604e-18,0.0
1845,121.73221529137605,1.3418934862234349,3.757587612861564,8.239695076660739e-17,9.082881737897409e-19,2.54340037102818e-18,0.0
1846,121.7920883559592,1.342613937377729,3.7595203907100134,8.234821072730096e-17,9.077917698352924e-19,2.5419531066988646e-18,0.0
1847,121.85161104582522,1.3433305239139142,3.7614423481557813,8.229929126022336e-17,9.072932979504288e-19,2.5405001765056035e-18,0.0
1848,121.91077434011126,1.3440431458609898,3.763353206005551,8.225018694704904e-17,9.067926982692759e-19,2.539041413010603e-18,0.0
1849,121.96956924227472,1.3447517034992889,3.7652526857932846,8.220089240990307e-17,9.062899113614788e-19,2.537576650010149e-18,0.0
1850,122.02798678064745,1.3454560973666922,3.767140509797479,8.215140231154736e-17,9.057848782343822e-19,2.536105722540531e-18,0.0
1851,122.08601800899052,1.3461562282648463,3.769016401058423,8.210171135556556e-17,9.052775403351947e-19,2.5346284668839273e-18,0.0
1852,122.14365400705051,1.3468519972654045,3.7708800833955394,8.205181428654772e-17,9.047678395531524e-19,2.533144720574287e-18,0.0
1853,122.20088588111616,1.3475433057162705,3.7727312814247065,8.200170589027334e-17,9.04255718221664e-19,2.5316543224031586e-18,0.0
1854,122.2577047645759,1.3482300552478523,3.7745697205756263,8.195138099389371e-17,9.037411191204475e-19,2.530157112425495e-18,0.0
1855,122.31410181847637,1.3489121477793327,3.7763951271092195,8.190083446611322e-17,9.032239854776587e-19,2.528652931965433e-18,0.0
1856,122.37006823208108,1.3495894855249368,3.7782072281350327,8.18500612173693e-17,9.027042609720004e-19,2.527141623622027e-18,0.0
1857,122.42559522343008,1.350261971000215,3.780005751628666,8.17990562000115e-17,9.02181889734825e-19,2.5256230312749543e-18,0.0
1858,122.4806740399,1.3509295070283343,3.7817904264492324,8.174781440847931e-17,9.016568163522243e-19,2.5240970000901877e-18,0.0
1859,122.535295958764,1.3515919967463628,3.783560982356794,8.169633087947836e-17,9.011289858670978e-19,2.5225633765256115e-18,0.0
1860,122.58945228775316,1.3522493436115766,3.785317150029865,8.164460069215611e-17,9.0059834378122e-19,2.5210220083366277e-18,0.0
1861,122.64313436561679,1.352901451407757,3.787058661082867,8.159261896827537e-17,9.0006483605728e-19,2.5194727445816894e-18,0.0
1862,122.69633356268389,1.3535482242514965,3.788785248083637,8.1540380872387e-17,8.995284091209146e-19,2.517915435627816e-18,0.0
1863,122.74904128142448,1.3541895665985106,3.7904966445709234,8.148788161200118e-17,8.989890098627255e-19,2.5163499331560616e-18,0.0
1864,122.80124895701053,1.3548253832499404,3.792192585071862,8.143511643775676e-17,8.984465856402737e-19,2.5147760901669148e-18,0.0
1865,122.85294805787764,1.3554555793586713,3.793872805119505,8.138208064358983e-17,8.979010842800677e-19,2.5131937609856964e-18,0.0
1866,122.90413008628578,1.3560800604356367,3.7955370412702925,8.132876956690009e-17,8.97352454079526e-19,2.511602801267864e-18,0.0
1867,122.95478657888054,1.3566987323561326,3.7971850311215634,8.127517858871616e-17,8.968006438089288e-19,2.5100030680043057e-18,0.0
1868,123.00490910725335,1.3573115013661199,3.7988165133290215,8.122130313385884e-17,8.962456027133465e-19,2.5083944195265527e-18,0.0
1869,123.05448927850233,1.357918274088537,3.8004312276242334,8.116713867110315e-17,8.95687280514556e-19,2.5067767155119694e-18,0.0
1870,123.10351873579164,1.358518957529593,3.8020289148320763,8.111268071333831e-17,8.951256274129317e-19,2.5051498169888696e-18,0.0
1871,123.1519891589112,1.3591134590850729,3.8036093168881977,8.10579248177262e-17,8.945605940893244e-19,2.5035135863415904e-18,0.0
1872,123.19989226483519,1.3597016865466238,3.805172176856445,8.100286658585787e-17,8.939921317069135e-19,2.501867887315504e-18,0.0
1873,123.2472198082805,1.3602835481080457,3.8067172389462876,8.094750166390855e-17,8.934201919130469e-19,2.5002125850219863e-18,0.0
1874,123.2939635822636,1.360858952371564,3.8082442485302037,8.089182574279021e-17,8.928447268410507e-19,2.4985475459433078e-18,0.0
1875,123.34011541865782,1.361427808354113,3.8097529521610647,8.083583455830319e-17,8.922656891120326e-19,2.496872637937493e-18,0.0
1876,123.38566718874814,1.3619900254935815,3.8112430975894602,8.077952389128463e-17,8.916830318366445e-19,2.495187730243087e-18,0.0
1877,123.43061080378676,1.3625455136550852,3.8127144337810384,8.072288956775624e-17,8.910967086168448e-19,2.4934926934838985e-18,0.0
1878,123.47493821554619,1.3630941831371939,3.8141667109337773,8.06659274590691e-17,8.905066735476199e-19,2.4917873996736485e-18,0.0
1879,123.51864141687183,1.3636359446781712,3.8155996804952403,8.06086334820467e-17,8.899128812186948e-19,2.4900717222205724e-18,0.0
1880,123.56171244223339,1.3641707094621922,3.8170130951797985,8.055100359912616e-17,8.893152867162168e-19,2.488345535931957e-18,0.0
1881,123.60414336827512,1.3646983891255504,3.8184067089858056,8.04930338184971e-17,8.887138456244162e-19,2.4866087170186083e-18,0.0
1882,123.64592631436368,1.3652188957628468,3.8197802772127325,8.043472019423799e-17,8.8810851402724e-19,2.484861143099247e-18,0.0
1883,123.68705344313648,1.3657321419331743,3.8211335564782796,8.03760588264513e-17,8.874992485099703e-19,2.4831026932048572e-18,0.0
1884,123.72751696104653,1.366238040666275,3.8224663047354093,8.031704586139532e-17,8.868860061608074e-19,2.4813332477829388e-18,0.0
1885,123.7673091189068,1.3667365054686869,3.823778281289362,8.025767749161434e-17,8.862687445724339e-19,2.47955268870171e-18,0.0
1886,123.80642221243265,1.367227450329873,3.825069246814595,8.01979499560664e-17,8.85647421843553e-19,2.4777608992542254e-18,0.0
1887,123.8448485827825,1.3677107897283292,3.8263389633716947,8.013785954024863e-17,8.85021996580399e-19,2.475957764162435e-18,0.0
1888,123.88258061709669,1.3681864386376794,3.82758719442422,8.00774025763204e-17,8.843924278982235e-19,2.474143169581159e-18,0.0
1889,123.91961074903419,1.3686543125327422,3.8288137048554822,8.001657544322372e-17,8.837586754227536e-19,2.472317003101992e-18,0.0
1890,123.95593145930795,1.369114327395585,3.8300182609852804,7.995537456680167e-17,8.831206992916247e-19,2.4704791537571343e-18,0.0
1891,123.99153527621722,1.3695663997215481,3.83120063058656,7.989379641991381e-17,8.824784601557834e-19,2.4686295120231396e-18,0.0
1892,124.02641477617865,1.3700104465252523,3.832360582902016,7.983183752254959e-17,8.818319191808645e-19,2.4667679698245936e-18,0.0
1893,124.0605625842547,1.3704463853465834,3.833497888660629,7.976949444193894e-17,8.811810380485414e-19,2.4648944205377092e-18,0.0
1894,124.09397137467985,1.3708741342566464,3.834612320094125,7.97067637926604e-17,8.805257789578437e-19,2.4630087589938443e-18,0.0
1895,124.1266338713842,1.3712936118637011,3.835703650953363,7.964364223674639e-17,8.7986610462645e-19,2.4611108814829323e-18,0.0
1896,124.15854284851525,1.3717047373190683,3.836771656524667,7.958012648378642e-17,8.7920197829195e-19,2.459200685756848e-18,0.0
1897,124.1896911309561,1.372107430323005,3.837816113646039,7.951621329102672e-17,8.785333637130747e-19,2.4572780710326605e-18,0.0
1898,124.22007159484251,1.3725016111305666,3.8388368007233558,7.945189946346845e-17,8.77860225170904e-19,2.4553429379958458e-18,0.0
1899,124.24967716807564,1.372887200557419,3.839833497746418,7.938718185396172e-17,8.771825274700331e-19,2.4533951888033707e-18,0.0
1900,124.27850083083321,1.3732641199856377,3.840805986304959,7.932205736329803e-17,8.76500235939718e-19,2.4514347270867206e-18,0.0
1901,124.30653561607755,1.373632291369474,3.8417540496045555,7.925652294029938e-17,8.75813316434987e-19,2.4494614579548314e-18,0.0
1902,124.33377461006032,1.3739916372410805,3.842677472482444,7.919057558190457e-17,8.751217353377174e-19,2.4474752879969323e-18,0.0
1903,124.36021095282476,1.3743420807162186,3.8435760414232543,7.912421233325292e-17,8.744254595576872e-19,2.4454761252853074e-18,0.0
1904,124.38583783870459,1.3746835454999187,3.84444954457464,7.905743028776475e-17,8.737244565335875e-19,2.4434638793779568e-18,0.0
1905,124.4106485168199,1.3750159558921198,3.8452977717628247,7.899022658721933e-17,8.730186942340103e-19,2.4414384613211815e-18,0.0
1906,124.43463629156967,1.3753392367932655,3.8461205145080424,7.89225984218296e-17,8.72308141158398e-19,2.4393997836520682e-18,0.0
1907,124.45779452312138,1.3756533137098685,3.8469175660398847,7.885454303031426e-17,8.715927663379637e-19,2.4373477604008887e-18,0.0
1908,124.4801166278965,1.3759581127600367,3.8476887213125277,7.878605769996643e-17,8.708725393365743e-19,2.435282307093396e-18,0.0
1909,124.5015960790537,1.3762535606789679,3.8484337770198884,7.87171397667199e-17,8.70147430251608e-19,2.43320334075305e-18,0.0
1910,124.52222640696726,1.3765395848243953,3.849152531610629,7.864778661521173e-17,8.694174097147666e-19,2.431110779903117e-18,0.0
1911,124.54200119970302,1.3768161131820082,3.849844785303093,7.85779956788423e-17,8.686824488928662e-19,2.4290045445687068e-18,0.0
1912,124.56091410348989,1.3770830743708222,3.850510340100104,7.850776443983198e-17,8.679425194885842e-19,2.4268845562786913e-18,0.0
1913,124.57895882318809,1.3773403976485155,3.8511489998036614,7.843709042927483e-17,8.671975937411775e-19,2.4247507380675403e-18,0.0
1914,124.59612912275355,1.3775880129167208,3.8517605700295174,7.836597122718923e-17,8.664476444271634e-19,2.422603014477055e-18,0.0
1915,124.61241882569807,1.3778258507262762,3.852344858221635,7.829440446256512e-17,8.656926448609656e-19,2.420441311558003e-18,0.0
1916,124.627821815546,1.3780538422824338,3.852901673666522,7.822238781340838e-17,8.649325688955256e-19,2.4182655568716562e-18,0.0
1917,124.64233203628686,1.3782719194500257,3.853430827507457,7.814991900678187e-17,8.641673909228799e-19,2.4160756794912376e-18,0.0
1918,124.65594349282341,1.378480014758582,3.853932132758565,7.807699581884316e-17,8.633970858746974e-19,2.41387161000325e-18,0.0
1919,124.66865025141652,1.378678061407412,3.854405404318802,7.800361607487944e-17,8.626216292227876e-19,2.4116532805087307e-18,0.0
1920,124.68044644012436,1.3788659932706235,3.854850458985756,7.792977764933836e-17,8.618409969795629e-19,2.4094206246243714e-18,0.0
1921,124.69132624923927,1.3790437449021185,3.855267115469393,7.785547846585684e-17,8.610551656984762e-19,2.4071735774835787e-18,0.0
1922,124.70128393171845,1.3792112515405222,3.855655194405593,7.778071649728536e-17,8.602641124744125e-19,2.4049120757373943e-18,0.0
1923,124.71031380361104,1.3793684491140683,3.8560145183695966,7.770548976570956e-17,8.594678149440462e-19,2.4026360575553305e-18,0.0
1924,124.7184102444811,1.3795152742454446,3.8563449118893005,7.762979634246864e-17,8.586662512861649e-19,2.4003454626261064e-18,0.0
1925,124.72556769782533,1.3796516642565775,3.856646201458418,7.755363434817004e-17,8.578594002219518e-19,2.39804023215827e-18,0.0
1926,124.73178067148639,1.3797775571733737,3.8569182155494874,7.747700195270103e-17,8.570472410152324e-19,2.3957203088807217e-18,0.0
1927,124.73704373806196,1.379892891730405,3.8571607846267537,7.739989737523681e-17,8.562297534726834e-19,2.3933856370431336e-18,0.0
1928,124.74135153530831,1.3799976073755482,3.8573737411588813,7.732231888424524e-17,8.554069179440037e-19,2.3910361624162587e-18,0.0
1929,124.7446987665401,1.3800916442745677,3.8575569196315516,7.724426479748834e-17,8.5457871532204875e-19,2.388671832292145e-18,0.0
1930,124.74708020102399,1.3801749433156434,3.8577101565598713,7.716573348202003e-17,8.537451270429238e-19,2.386292595484229e-18,0.0
1931,124.74849067436851,1.3802474461138494,3.8578332905006643,7.708672335418068e-17,8.529061350860414e-19,2.3838984023273327e-18,0.0
1932,124.7489250889084,1.3803090950155774,3.85792616206459,7.700723287958834e-17,8.520617219741409e-19,2.3814892046775554e-18,0.0
1933,124.74837841408389,1.3803598331028994,3.8579886139281157,7.692726057312616e-17,8.512118707732662e-19,2.379064955912048e-18,0.0
1934,124.74684568681499,1.3803996041978814,3.85802049084532,7.684680499892663e-17,8.503565650927082e-19,2.376625610928689e-18,0.0
1935,124.74432201187085,1.3804283528668402,3.8580216396595652,7.676586477035244e-17,8.494957890849089e-19,2.374171126145654e-18,0.0
1936,124.74080256223309,1.3804460244245311,3.857991909314959,7.668443854997322e-17,8.486295274453197e-19,2.37170145950086e-18,0.0
1937,124.73628257945491,1.3804525649382968,3.8579311508677114,7.660252504953974e-17,8.477577654122307e-19,2.3692165704513252e-18,0.0
1938,124.73075737401406,1.3804479212321412,3.8578392174972818,7.652012302995377e-17,8.46880488766553e-19,2.3667164199724e-18,0.0
1939,124.7242223256607,1.3804320408907518,3.857715964517384,7.643723130123482e-17,8.459976838315643e-19,2.3642009705568988e-18,0.0
1940,124.7166728837602,1.380404872263464,3.8575612493868223,7.635384872248357e-17,8.451093374726179e-19,2.3616701862141257e-18,0.0
1941,124.70810456762925,1.3803663644681554,3.857374931720134,7.626997420184092e-17,8.442154370968047e-19,2.3591240324687694e-18,0.0
1942,124.69851296686795,1.38031646739509,3.8571568732980968,7.618560669644464e-17,8.433159706525849e-19,2.3565624763597196e-18,0.0
1943,124.68789374168527,1.3802551317106961,3.8569069380780383,7.610074521238166e-17,8.424109266293737e-19,2.3539854864387477e-18,0.0
1944,124.67624262321887,1.3801823088612761,3.8566249922039715,7.601538880463699e-17,8.415002940570876e-19,2.351393032769086e-18,0.0
1945,124.66355541385002,1.3800979510766676,3.8563109040165755,7.592953657703943e-17,8.405840625056557e-19,2.348785086923903e-18,0.0
1946,124.64982798751133,1.3800020113738218,3.8559645440629544,7.584318768220298e-17,8.396622220844832e-19,2.3461616219846477e-18,0.0
1947,124.63505628999042,1.3798944435603389,3.85558578510628,7.575634132146572e-17,8.387347634418844e-19,2.3435226125393136e-18,0.0
1948,124.61923633922616,1.3797752022379206,3.8551745021351906,7.566899674482411e-17,8.378016777644663e-19,2.3408680346805605e-18,0.0
1949,124.6023642255998,1.3796442428057658,3.8547305723730414,7.558115325086426e-17,8.368629567764787e-19,2.338197866003743e-18,0.0
1950,124.58443611222017,1.379501521463905,3.8542538752869744,7.549281018668971e-17,8.359185927391229e-19,2.3355120856048276e-18,0.0
1951,124.56544823520233,1.3793469952164559,3.853744292596774,7.540396694784512e-17,8.349685784498168e-19,2.3328106740781878e-18,0.0
1952,124.54539690394085,1.379180621874826,3.8532017082835743,7.531462297823708e-17,8.340129072414264e-19,2.3300936135143014e-18,0.0
1953,124.52427850137647,1.379002360060836,3.852626008598341,7.522477777005064e-17,8.330515729814494e-19,2.3273608874973237e-18,0.0
1954,124.50208948425652,1.3788121692097808,3.8520170820701796,7.513443086366268e-17,8.320845700711629e-19,2.3246124811025527e-18,0.0
1955,124.47882638339019,1.3786100095734288,3.8513748195144726,7.50435818475519e-17,8.311118934447355e-19,2.3218483808937985e-18,0.0
1956,124.45448580389584,1.378395842222936,3.8506991140407756,7.495223035820444e-17,8.301335385682873e-19,2.31906857492061e-18,0.0
1957,124.42906442544358,1.378169629051706,3.849989861060568,7.486037608001677e-17,8.291495014389209e-19,2.316273052715418e-18,0.0
1958,124.40255900249112,1.3779313327781757,3.849246958294787,7.476801874519478e-17,8.281597785837093e-19,2.3134618052905612e-18,0.0
1959,124.37496636451212,1.3776809169485196,3.848470305781146,7.467515813364857e-17,8.271643670586351e-19,2.3106348251351773e-18,0.0
1960,124.34628341622047,1.3774183459393092,3.847659805881312,7.458179407288519e-17,8.261632644475078e-19,2.30779210621203e-18,0.0
1961,124.3165071377855,1.3771435849600697,3.8468153632878073,7.4487926437896e-17,8.251564688608204e-19,2.304933643954169e-18,0.0
1962,124.2856345850431,1.3768566000557922,3.8459368850307856,7.439355515104214e-17,8.241439789345822e-19,2.302059435261528e-18,0.0
1963,124.25366288969833,1.3765573581093535,3.8450242804845525,7.429868018193512e-17,8.2312579382910055e-19,2.29916947849738e-18,0.0
1964,124.220589259523,1.3762458268438797,3.8440774613739106,7.420330154731478e-17,8.22101913227731e-19,2.2962637734846944e-18,0.0
1965,124.18641097854591,1.3759219748250267,3.843096341780299,7.410741931092328e-17,8.21072337335582e-19,2.293342321502386e-18,0.0
1966,124.15112540723659,1.3755857714631883,3.8420808381477136,7.401103358337547e-17,8.200370668781808e-19,2.2904051252814432e-18,0.0
1967,124.1147299826824,1.3752371870156357,3.841030869288444,7.391414452202609e-17,8.189961031001024e-19,2.287452189000957e-18,0.0
1968,124.07722221875933,1.3748761925885813,3.839946356388586,7.381675233083321e-17,8.179494477635563e-19,2.2844835182840374e-18,0.0
1969,124.03859970629526,1.374502760139162,3.838827223013346,7.371885726021799e-17,8.168971031469324e-19,2.2814991201936088e-18,0.0
1970,123.99886011322768,1.3741168624773592,3.8376733951121613,7.362045960692151e-17,8.158390720433123e-19,2.278499003228119e-18,0.0
1971,123.95800118475357,1.3737184732678354,3.836484801023583,7.352155971385753e-17,8.147753577589373e-19,2.2754831773171184e-18,0.0
1972,123.91602074347284,1.3733075670316945,3.835261371479953,7.342215796996186e-17,8.13705964111636e-19,2.272451653816735e-18,0.0
1973,123.87291668952534,1.3728841191481729,3.83400303961189,7.332225481003861e-17,8.126308954292167e-19,2.26940444550505e-18,0.0
1974,123.82868700072049,1.3724481058562519,3.832709740952541,7.322185071460258e-17,8.115501565478187e-19,2.266341566577357e-18,0.0
1975,123.78332973266042,1.3719995042561917,3.8313814134416297,7.312094620971848e-17,8.104637528102244e-19,2.2632630326413125e-18,0.0
1976,123.73684301885605,1.3715382923109913,3.8300179974293003,7.30195418668365e-17,8.093716900641333e-19,2.260168860711989e-18,0.0
1977,123.6892250708362,1.3710644488477715,3.828619435679722,7.291763830262458e-17,8.082739746603963e-19,2.257059069206805e-18,0.0
1978,123.64047417825,1.3705779535590794,3.827185673374506,7.281523617879723e-17,8.071706134512132e-19,2.253933677940365e-18,0.0
1979,123.59058870896213,1.370078787004116,3.8257166581158923,7.271233620194097e-17,8.060616137882893e-19,2.2507927081191816e-18,0.0
1980,123.53956710914112,1.3695669306098885,3.824212339929722,7.260893912333629e-17,8.049469835209566e-19,2.2476361823362962e-18,0.0
1981,123.48740790334108,1.3690423666722842,3.822672671268202,7.25050457387766e-17,8.038267309942562e-19,2.2444641245658005e-18,0.0
1982,123.43410969457534,1.36850507835706,3.8210976070124274,7.240065688838308e-17,8.02700865046979e-19,2.2412765601572335e-18,0.0
1983,123.37967116438453,1.3679550497007662,3.8194871044747236,7.229577345641713e-17,8.015693950096754e-19,2.2380735158299014e-18,0.0
1984,123.32409107289662,1.36739226561158,3.8178411234007417,7.219039637108878e-17,8.004323307026221e-19,2.2348550196670742e-18,0.0
1985,123.2673682588797,1.3668167118700658,3.8161596259713333,7.2084526604362e-17,7.992896824337523e-19,2.2316211011100786e-18,0.0
1986,123.20950163978924,1.366228375129863,3.814442576804241,7.197816517175715e-17,7.981414609965539e-19,2.2283717909523095e-18,0.0
1987,123.15049021180586,1.365627242918276,3.8126899429555143,7.187131313214921e-17,7.969876776679197e-19,2.2251071213331037e-18,0.0
1988,123.09033304986848,1.3650133036368108,3.810901693920762,7.176397158756383e-17,7.958283442059742e-19,2.22182712573155e-18,0.0
1989,123.02902930769852,1.364386546561609,3.8090778016361395,7.165614168296936e-17,7.946634728478523e-19,2.218531838960167e-18,0.0
1990,122.96657821781801,1.3637469618438174,3.8072182404791417,7.154782460606607e-17,7.934930763074489e-19,2.2152212971585013e-18,0.0
1991,122.90297909156043,1.3630945405098769,3.805322987269169,7.143902158707223e-17,7.923171677731303e-19,2.211895537786617e-18,0.0
1992,122.83823131907378,1.3624292744617212,3.803392021267865,7.132973389850647e-17,7.911357609054069e-19,2.2085545996184824e-18,0.0
1993,122.7723343693174,1.3617511564769076,3.801425324179239,7.121996285496772e-17,7.899488698345739e-19,2.205198522735267e-18,0.0
1994,122.70528779005129,1.3610601802086664,3.7994228801495677,7.110970981291158e-17,7.887565091583161e-19,2.201827348518536e-18,0.0
1995,122.63709120781803,1.3603563401858618,3.7973846757670735,7.099897617042366e-17,7.875586939392738e-19,2.1984411196433447e-18,0.0
1996,122.56774432791805,1.359639631812887,3.795310700061378,7.088776336698995e-17,7.863554397025789e-19,2.195039880071242e-18,0.0
1997,122.49724693437716,1.3589100513694645,3.7932009445027335,7.077607288326379e-17,7.851467624333509e-19,2.1916236750431705e-18,0.0
1998,122.42559888990777,1.358167596010381,3.791055403001045,7.066390624083044e-17,7.839326785741642e-19,2.188192551072284e-18,0.0
1999,122.35280013586208,1.3574122637651302,3.788874071904651,7.055126500196798e-17,7.827132050224753e-19,2.1847465559366543e-18,0.0
2000,122.27885069217861,1.3566440535374846,3.7866569499988945,7.043815076940552e-17,7.814883591280198e-19,2.1812857386718967e-18,0.0
2001,122.20375065732162,1.3558629651049825,3.78440403850447,7.032456518607853e-17,7.802581586901752e-19,2.177810149563698e-18,0.0
2002,122.1275002082132,1.3550689991183367,3.782115341075549,7.021050993488103e-17,7.790226219552882e-19,2.174319840140252e-18,0.0
2003,122.05009960015818,1.354262157100763,3.779790863797673,7.009598673841488e-17,7.777817676139707e-19,2.170814863164602e-18,0.0
2004,121.97154916676237,1.3534424414472326,3.7774306151854518,6.998099735873652e-17,7.76535614798364e-19,2.1672952726269e-18,0.0
2005,121.89184931984276,1.3526098554236348,3.7750346061799975,6.986554359710017e-17,7.752841830793648e-19,2.163761123736561e-18,0.0
2006,121.81100054933194,1.3517644031658753,3.7726028501461926,6.97496272936991e-17,7.740274924638284e-19,2.1602124729143525e-18,0.0
2007,121.72900342317394,1.3509060896788798,3.770135362869679,6.963325032740313e-17,7.727655633917292e-19,2.1566493777843675e-18,0.0
2008,121.64585858721405,1.3500349208355262,3.7676321625536677,6.951641461549409e-17,7.71498416733297e-19,2.15307189716593e-18,0.0
2009,121.56156676508138,1.3491509033755,3.7650932698155173,6.939912211339829e-17,7.702260737861203e-19,2.1494800910654112e-18,0.0
2010,121.47612875806355,1.3482540449040614,3.7625187076830775,6.9281374814416e-17,7.689485562722157e-19,2.14587402066795e-18,0.0
2011,121.3895454449756,1.3473443538907413,3.7599085015908353,6.916317474944871e-17,7.676658863350695e-19,2.1422537483291013e-18,0.0
2012,121.3018177820207,1.3464218396679526,3.7572626793758217,6.904452398672332e-17,7.663780865366473e-19,2.1386193375663914e-18,0.0
2013,121.2129468026446,1.3454865124295297,3.7545812712733198,6.892542463151398e-17,7.650851798543751e-19,2.134970853050798e-18,0.0
2014,121.12293361738256,1.3445383832291817,3.751864309912333,6.880587882586111e-17,7.637871896780884e-19,2.1313083605981404e-18,0.0
2015,121.0317794136995,1.3435774639788696,3.749111830310848,6.868588874828793e-17,7.624841398069522e-19,2.1276319271603927e-18,0.0
2016,120.93948545582339,1.3426037674471083,3.746323869870881,6.856545661351456e-17,7.611760544463544e-19,2.1239416208169204e-18,0.0
2017,120.84605308457115,1.341617307257188,3.7435004683733046,6.844458467216947e-17,7.598629582047674e-19,2.120237510765633e-18,0.0
2018,120.75148371716786,1.3406180978853126,3.7406416679724455,6.832327521049825e-17,7.585448760905808e-19,2.1165196673140546e-18,0.0
2019,120.65577884705945,1.3396061546586735,3.737747513190493,6.820153055007055e-17,7.57221833508911e-19,2.112788161870329e-18,0.0
2020,120.55894004371758,1.338581493753429,3.73481805091167,6.807935304748383e-17,7.558938562583757e-19,2.1090430669341386e-18,0.0
2021,120.46096895243858,1.3375441321926227,3.7318533303761963,6.795674509406538e-17,7.545609705278474e-19,2.105284456087552e-18,0.0
2022,120.36186729413498,1.3364940878440112,3.728853403174045,6.783370911557161e-17,7.532232028931768e-19,2.1015124039857994e-18,0.0
2023,120.26163686512015,1.3354313794178234,3.7258183232384674,6.771024757188494e-17,7.518805803138882e-19,2.0977269863479654e-18,0.0
2024,120.1602795368867,1.3343560264644416,3.7227481468393337,6.758636295670898e-17,7.505331301298533e-19,2.093928279947625e-18,0.0
2025,120.05779725587732,1.3332680493720037,3.719642932576235,6.746205779726064e-17,7.491808800579331e-19,2.0901163626033937e-18,0.0
2026,119.95419204324958,1.3321674693639323,3.716502741371389,6.733733465396075e-17,7.478238581885997e-19,2.086291313169419e-18,0.0
2027,119.8494659946336,1.3310543084963873,3.713327636462342,6.721219612012207e-17,7.464620929825292e-19,2.082453211525795e-18,0.0
2028,119.74362127988284,1.32992858965564,3.710117683394432,6.708664482163514e-17,7.450956132671702e-19,2.0786021385689093e-18,0.0
2029,119.636660142819,1.3287903365553793,3.706872950013086,6.69606834166524e-17,7.437244482332903e-19,2.074738176201731e-18,0.0
2030,119.52858490096924,1.3276395737339342,3.703593506455876,6.683431459526972e-17,7.423486274314961e-19,2.0708614073240232e-18,0.0
2031,119.41939794529773,1.3264763265514306,3.7002794251443913,6.670754107920634e-17,7.409681807687302e-19,2.0669719158225e-18,0.0
2032,119.30910173993038,1.3253006211868714,3.696930780775898,6.658036562148265e-17,7.395831385047478e-19,2.063069786560915e-18,0.0
2033,119.1976988218721,1.3241124846351313,3.693547650314771,6.645279100609555e-17,7.381935312485618e-19,2.0591551053700772e-18,0.0
2034,119.08519180071922,1.322911944703901,3.690130112983772,6.632482004769274e-17,7.367993899548774e-19,2.0552279590378304e-18,0.0
2035,118.97158335836409,1.3216990300105396,3.686678250255086,6.619645559124436e-17,7.35400745920496e-19,2.05128843529895e-18,0.0
2036,118.85687624869382,1.3204737699788598,3.6831921458411694,6.606770051171318e-17,7.339976307807002e-19,2.0473366228249902e-18,0.0
2037,118.74107329728294,1.3192361948358495,3.679671885685409,6.593855771372291e-17,7.325900765056194e-19,2.043372611214075e-18,0.0
2038,118.62417740107828,1.3179863356083004,3.6761175579525434,6.580903013122423e-17,7.311781153965672e-19,2.039396490980618e-18,0.0
2039,118.50619152807994,1.3167242241193964,3.67252925301896,6.567912072716017e-17,7.297617800823721e-19,2.035408353545017e-18,0.0
2040,118.38711871701358,1.3154498929852003,3.6689070634627163,6.554883249312852e-17,7.2834110351567365e-19,2.031408291223259e-18,0.0
2041,118.26696207699771,1.3141633756110875,3.66525108405341,6.541816844904326e-17,7.269161189692059e-19,2.02739639721649e-18,0.0
2042,118.14572478720517,1.3128647061881118,3.6615614117418653,6.528713164279455e-17,7.254868600320654e-19,2.023372765600542e-18,0.0
2043,118.02341009651688,1.3115539196892843,3.657838145649579,6.515572514990628e-17,7.240533606059498e-19,2.019337491315381e-18,0.0
2044,117.90002132317163,1.310231051865807,3.6540813870580386,6.502395207319314e-17,7.226156549013914e-19,2.0152906701545393e-18,0.0
2045,117.7755618544077,1.3088961392432172,3.6502912393977933,6.489181554241514e-17,7.211737774339597e-19,2.0112323987544676e-18,0.0
2046,117.65003514609998,1.3075492191174751,3.6464678082373756,6.47593187139314e-17,7.19727763020457e-19,2.0071627745838633e-18,0.0
2047,117.52344472239062,1.306190329550984,3.642611201272022,6.462646477035218e-17,7.182776467750923e-19,2.003081895932943e-18,0.0
2048,117.39579417531311,1.304819509368532,3.6387215283121965,6.449325692018931e-17,7.168234641056351e-19,1.998989861902661e-18,0.0
2049,117.26708716441199,1.303436798153186,3.6347989012719624,6.435969839750585e-17,7.153652507095629e-19,1.99488677239391e-18,0.0
2050,117.13732741635516,1.3020422362421016,-3.6308434341571365,6.422579246156377e-17,7.139030425701825e-19,-1.9907727280966488e-18,0.0
2051,117.00651872454128,1.3006358647222789,-3.6268552430532868,6.409154239647069e-17,7.124368759527425e-19,-1.986647830479011e-18,0.0
2052,116.87466494870148,1.29921772542625,-3.6228344461135413,6.395695151082545e-17,7.109667874005298e-19,-1.982512181776366e-18,0.0
2053,116.74177001449493,1.2977878609276992,-3.6187811635462164,6.382202313736217e-17,7.094928137309491e-19,-1.9783658849803347e-18,0.0
2054,116.60783791309913,1.2963463145370238,-3.6146955176022773,6.368676063259336e-17,7.080149920315917e-19,-1.974209043827782e-18,0.0
2055,116.47287270079468,1.294893130296833,-3.610577632562624,6.355116737645201e-17,7.065333596562905e-19,-1.9700417627897625e-18,0.0
2056,116.33687849854401,1.293428352977374,-3.6064276347251867,6.341524677193206e-17,7.050479542211575e-19,-1.965864147060429e-18,0.0
2057,116.19985949156548,1.2919520280719088,-3.6022456523918738,6.327900224472864e-17,7.035588136006156e-19,-1.9616763025459184e-18,0.0
2058,116.06181992890131,1.2904642017920225,-3.5980318158553435,6.314243724287653e-17,7.0206597592341305e-19,-1.9574783358531964e-18,0.0
2059,115.92276412298071,1.2889649210628717,-3.593786257385593,6.300555523638817e-17,7.005694795686288e-19,-1.9532703542788726e-18,0.0
2060,115.78269644917715,1.2874542335183723,-3.589509111216398,6.286835971689049e-17,6.990693631616643e-19,-1.9490524657979856e-18,0.0
2061,115.64162134536117,1.2859321874963305,-3.585200513531589,6.273085419726095e-17,6.97565665570228e-19,-1.944824779052762e-18,0.0
2062,115.49954331144716,1.284398832033511,-3.580860602451149,6.259304221126271e-17,6.960584259003055e-19,-1.9405874033413446e-18,0.0
2063,115.35646690893553,1.282854216860648,-3.5764895180171625,6.2454927313179e-17,6.945476834921232e-19,-1.9363404486064945e-18,0.0
2064,115.21239676044979,1.2812983923974015,-3.5720874021796076,6.231651307744672e-17,6.930334779160999e-19,-1.9320840254242717e-18,0.0
2065,115.06733754926852,1.2797314097472527,-3.567654398781984,6.217780309828937e-17,6.915158489687921e-19,-1.927818244992689e-18,0.0
2066,114.92129401885205,1.2781533206923426,-3.56319065354678,6.203880098934916e-17,6.899948366688265e-19,-1.923543219120339e-18,0.0
2067,114.77427097236523,1.276564177688259,-3.5586963140608097,6.189951038331871e-17,6.884704812528308e-19,-1.919259060215015e-18,0.0
2068,114.62627327219424,1.2749640338587653,-3.554171529760372,6.175993493157193e-17,6.869428231713504e-19,-1.9149658812722925e-18,0.0
2069,114.47730583945933,1.2733529429904757,-3.5496164519162723,6.162007830379444e-17,6.854119030847624e-19,-1.910663795864107e-18,0.0
2070,114.32737365352288,1.2717309595274768,-3.5450312336187007,6.147994418761357e-17,6.838777618591811e-19,-1.9063529181273094e-18,0.0
2071,114.17648175149199,1.2700981385658927,-3.5404160297619454,6.133953628822751e-17,6.8234044056235555e-19,-1.9020333627521972e-18,0.0
2072,114.02463522771798,1.2684545358484074,-3.5357709970289934,6.119885832803465e-17,6.807999804595668e-19,-1.8977052449710503e-18,0.0
2073,113.87183923329002,1.266800207758724,-3.5310962938759642,6.105791404626197e-17,6.792564230095137e-19,-1.8933686805466345e-18,0.0
2074,113.71809897552458,1.2651352113159775,-3.5263920805163984,6.091670719859316e-17,6.777098098601958e-19,-1.889023785760698e-18,0.0
2075,113.56341971745165,1.2634596041691062,-3.521658518905449,6.077524155679693e-17,6.761601828447964e-19,-1.884670677402468e-18,0.0
2076,113.40780677729468,1.2617734445911535,-3.51689577272388,6.063352090835423e-17,6.746075839775523e-19,-1.8803094727571173e-18,0.0
2077,113.25126552794809,1.2600767914735431,-3.512104007361977,6.049154905608597e-17,6.730520554496295e-19,-1.87594028959424e-18,0.0
2078,113.09380139644975,1.258369704320293,-3.5072833899033102,6.034932981778025e-17,6.714936396249913e-19,-1.8715632461563164e-18,0.0
2079,112.9354198634489,1.2566522432421812,-3.5024340891083563,6.020686702581917e-17,6.699323790362614e-19,-1.8671784611471595e-18,0.0
2080,112.7761264626713,1.2549244689508767,-3.4975562753980127,6.006416452680617e-17,6.68368316380592e-19,-1.862786053720377e-18,0.0
2081,112.61592678037911,1.253186442753011,-3.4926501208369714,5.992122618119269e-17,6.668014945155227e-19,-1.8583861434678113e-18,0.0
2082,112.4548264548279,1.251438226544213,-3.4877157991169825,5.977805586290524e-17,6.652319564548432e-19,-1.8539788504079928e-18,0.0
2083,112.29283117571899,1.2496798828030986,-3.4827534855399818,5.963465745897216e-17,6.636597453644538e-19,-1.8495642949745794e-18,0.0
2084,112.1299466836485,1.2479114745852136,-3.4777633570011104,5.949103486915066e-17,6.620849045582238e-19,-1.845142598004805e-18,0.0
2085,111.96617876955263,1.2461330655169363,-3.472745591971614,5.934719200555382e-17,6.605074774938528e-19,-1.840713880727927e-18,0.0
2086,111.8015332741492,1.24434471978934,-3.4677003704816274,5.920313279227784e-17,6.589275077687317e-19,-1.8362782647536744e-18,0.0
2087,111.6360160873758,1.242546502152011,-3.4626278741028504,5.905886116502943e-17,6.573450391158039e-19,-1.831835872060708e-18,0.0
2088,111.46963314782423,1.2407384779068258,-3.4575282859311023,5.891438107075322e-17,6.557601153994275e-19,-1.827386824985071e-18,0.0
2089,111.30239044217167,1.2389207129016941,-3.4524017905687825,5.876969646725981e-17,6.541727806112432e-19,-1.8229312462086666e-18,0.0
2090,111.1342940046086,1.2370932735242566,-3.4472485741072143,5.862481132285376e-17,6.525830788660389e-19,-1.818469258747723e-18,0.0
2091,110.96534991626325,1.235256226695549,-3.442068824108896,5.847972961596216e-17,6.509910543976224e-19,-1.814000985941283e-18,0.0
2092,110.79556430462296,1.233409639863627,-3.4368627295896337,5.833445533476338e-17,6.493967515546938e-19,-1.809526551439696e-18,0.0
2093,110.62494334295226,1.2315535809971572,-3.431630481000597,5.818899247681638e-17,6.478002147967235e-19,-1.805046079193124e-18,0.0
2094,110.45349324970836,1.22968811857897,-3.42637227021026,5.80433450486904e-17,6.462014886898339e-19,-1.800559693440061e-18,0.0
2095,110.28122028795305,1.2278133215995766,-3.4210882904862543,5.789751706559521e-17,6.446006179026848e-19,-1.7960675186958645e-18,0.0
2096,110.10813076476224,1.2259292595506608,-3.415778736477139,5.775151255101189e-17,6.429976472023671e-19,-1.7915696797413067e-18,0.0
2097,109.934231030632,1.2240360024185206,-3.4104438041940504,5.760533553632388e-17,6.413926214502951e-19,-1.7870663016111306e-18,0.0
2098,109.75952747888287,1.2221336206775006,-3.4050836909923134,5.745899006044929e-17,6.397855855981145e-19,-1.7825575095826447e-18,0.0
2099,109.58402654506028,1.22022218528337,-3.3996985955529135,5.731248016947312e-17,6.381765846836069e-19,-1.778043429164312e-18,0.0
2100,109.40773470633349,1.218301767666688,-3.3942887178639354,5.716580991628076e-17,6.365656638266093e-19,-1.7735241860843817e-18,0.0
2101,109.23065848089124,1.2163724397261293,-3.388854259201878,5.701898336019188e-17,6.349528682249346e-19,-1.768999906279524e-18,0.0
2102,109.05280442733489,1.2144342738217804,-3.3833954221129163,5.687200456659501e-17,6.333382431503023e-19,-1.7644707158834955e-18,0.0
2103,108.87417914407027,1.2124873427684189,-3.377912410394093,5.672487760658344e-17,6.317218339442799e-19,-1.7599367412158358e-18,0.0
2104,108.69478926869583,1.2105317198287522,-3.3724054290744125,5.657760655659136e-17,6.301036860142282e-19,-1.7553981087705746e-18,0.0
2105,108.51464147738913,1.2085674787066338,-3.3668746843958766,5.643019549803104e-17,6.284838448292563e-19,-1.7508549452049678e-18,0.0
2106,108.33374248429188,1.2065946935402636,-3.361320383794465,5.628264851693136e-17,6.26862355916191e-19,-1.746307377328277e-18,0.0
2107,108.15209904089141,1.2046134388953467,-3.3557427358810137,5.613496970357648e-17,6.252392648555479e-19,-1.741755532090549e-18,0.0
2108,107.96971793540162,1.2026237897582421,-3.35014195042207,5.598716315214629e-17,6.236146172775191e-19,-1.7371995365714515e-18,0.0
2109,107.78660599214122,1.2006258215290861,-3.3445182383206613,5.583923296035745e-17,6.219884588579702e-19,-1.7326395179691262e-18,0.0
2110,107.60277007091018,1.198619610014885,-3.338871811597006,5.56911832291055e-17,6.203608353144445e-19,-1.7280756035890726e-18,0.0
2111,107.41821706636459,1.1966052314225986,-3.333202883369176,5.554301806210827e-17,6.187317924021841e-19,-1.7235079208330708e-18,0.0
2112,107.23295390738973,1.1945827623521925,-3.327511667833694,5.5394741565550176e-17,6.171013759101581e-19,-1.7189365971881323e-18,0.0
2113,107.04698755647176,1.1925522797896826,-3.3217983802460984,5.5246357847727995e-17,6.1546963165710745e-19,-1.7143617602154956e-18,0.0
2114,106.86032500906765,1.1905138611001493,-3.316063236901433,5.5097871018697545e-17,6.138366054875987e-19,-1.7097835375396446e-18,0.0
2115,106.6729732929732,1.1884675840207388,-3.3103064551147012,5.4949285189921594e-17,6.122023432680912e-19,-1.7052020568373737e-18,0.0
2116,106.4849394676909,1.186413526653651,-3.304528253201282,5.480060447391946e-17,6.105668908830202e-19,-1.7006174458268897e-18,0.0
2117,106.29623062379524,1.1843517674591053,-3.298728850457294,5.465183298391737e-17,6.0893029423089175e-19,-1.696029832256952e-18,0.0
2118,106.10685388229756,1.1822823852482947,-3.292908467139917,5.450297483350052e-17,6.072925992203915e-19,-1.6914393438960526e-18,0.0
2119,105.91681639400939,1.1802054591763254,-3.287067324447692,5.435403413626646e-17,6.056538517665101e-19,-1.6868461085216413e-18,0.0
2120,105.7261253389049,1.1781210687351427,-3.2812056445007634,5.4205015005479743e-17,6.040140977866814e-19,-1.6822502539093893e-18,0.0
2121,105.53478792548226,1.1760292937464416,-3.2753236503211043,5.405592155372816e-17,6.023733831969366e-19,-1.677651907822499e-18,0.0
2122,105.342811390124,1.173930214354568,-3.269421565812704,5.390675789258033e-17,6.007317539080739e-19,-1.6730511980010566e-18,0.0
2123,105.15020299645694,1.1718239110194133,-3.2634996157417357,5.375752813224503e-17,5.990892558218467e-19,-1.6684482521514356e-18,0.0
2124,104.95697003471072,1.1697104645092897,-3.257558025716687,5.3608236381231776e-17,5.974459348271644e-19,-1.6638431979357411e-18,0.0
2125,104.76311982107623,1.1675899558938032,-3.2515970221684687,5.345888674601314e-17,5.958018367963116e-19,-1.6592361629613026e-18,0.0
2126,104.56865969706324,1.1654624665367181,-3.245616832330521,5.330948333068875e-17,5.941570075811871e-19,-1.6546272747702244e-18,0.0
2127,104.37359702885695,1.1633280780888071,-3.239617684218866,5.3160030236650585e-17,5.925114930095541e-19,-1.6500166608289679e-18,0.0
2128,104.1779392066754,1.1611868724807064,-3.2335998066121823,5.3010531562250505e-17,5.908653388813164e-19,-1.6454044485180073e-18,0.0
2129,103.98169364412502,1.1590389319157555,-3.227563429031841,5.2860991402468926e-17,5.892185909648065e-19,-1.640790765121519e-18,0.0
2130,103.78486777755685,1.1568843388628351,-3.221508781721935,5.271141384858554e-17,5.875712949930946e-19,-1.6361757378171316e-18,0.0
2131,103.5874690654222,1.1547231760492023,-3.2154360956293035,5.256180298785171e-17,5.859234966603168e-19,-1.6315594936657285e-18,0.0
2132,103.38950498762809,1.1525555264533198,-3.209345602383548,5.241216290316464e-17,5.842752416180218e-19,-1.6269421596013052e-18,0.0
2133,103.1909830448929,1.150381473297689,-3.2032375342770467,5.2262497672743446e-17,5.826265754715395e-19,-1.6223238624208838e-18,0.0
2134,102.9919107581018,1.1482011000416716,-3.1971121242449576,5.211281136980701e-17,5.8097754377636485e-19,-1.6177047287744796e-18,0.0
2135,102.79229566766223,1.1460144903743215,-3.190969605845237,5.196310806225371e-17,5.793281920345678e-19,-1.6130848851551312e-18,0.0
2136,102.59214533285964,1.1438217282072072,-3.1848102132386424,5.1813391812343087e-17,5.776785656912187e-19,-1.6084644578889815e-18,0.0
2137,102.39146733121365,1.1416228976672427,-3.1786341811687584,5.1663666676379464e-17,5.760287101308386e-19,-1.6038435731254269e-18,0.0
2138,102.1902692578339,1.139418083089517,-3.1724417449420175,5.151393670439749e-17,5.743786706738682e-19,-1.5992223568273181e-18,0.0
2139,101.9885587247772,1.1372073690101276,-3.1662331404077406,5.1364205939849726e-17,5.727284925731602e-19,-1.5946009347612298e-18,0.0
2140,101.78634336040406,1.1349908401590125,-3.160008603938174,5.121447841929616e-17,5.710782210104911e-19,-1.5899794324877823e-18,0.0
2141,101.58363080873687,1.1327685814527984,-3.1537683724085652,5.1064758172095986e-17,5.694279010930996e-19,-1.5853579753520394e-18,0.0
2142,101.3804287288178,1.1305406779876408,-3.1475126831772315,5.091504922010117e-17,5.677775778502423e-19,-1.5807366884739567e-18,0.0
2143,101.17674479406762,1.1283072150320772,-3.1412417740656533,5.076535557735223e-17,5.661272962297746e-19,-1.5761156967388987e-18,0.0
2144,100.97258669164582,1.1260682780198907,-3.134955883338611,5.061568124977641e-17,5.644771010947582e-19,-1.5714951247882307e-18,0.0
2145,100.76796212181048,1.1238239525429694,-3.1286552496843067,5.046603023488744e-17,5.628270372200836e-19,-1.5668750970099574e-18,0.0
2146,100.5628787972801,1.1215743243441876,-3.1223401121945398,5.0316406521488006e-17,5.611771492891244e-19,-1.562255737529444e-18,0.0
2147,100.35734444259602,1.1193194793102907,-3.1160107103449173,5.01668140893743e-17,5.595274818904133e-19,-1.557637170200206e-18,0.0
2148,100.15136679348534,1.1170595034647874,-3.109667283975059,5.0017256909042483e-17,5.578780795143387e-19,-1.5530195185947508e-18,0.0
2149,99.94495359622582,1.1147944829608571,-3.1033100732688705,4.9867738941397775e-17,5.562289865498706e-19,-1.5484029059955056e-18,0.0
2150,99.73811260701164,1.11252450407427,-3.0969393187348344,4.9718264137465756e-17,5.545802472813098e-19,-1.5437874553858085e-18,0.0
2151,99.53085159131986,1.1102496531963113,-3.0905552611863363,4.956883643810561e-17,5.529319058850587e-19,-1.5391732894409645e-18,0.0
2152,99.32317832327941,1.1079700168267343,-3.084158141722049,4.9419459773726363e-17,5.51284006426425e-19,-1.5345605305193884e-18,0.0
2153,99.11510058504005,1.1056856815667122,-3.07774820170633,4.92701380640047e-17,5.496365928564429e-19,-1.5299493006537998e-18,0.0
2154,98.90662616614418,1.1033967341118125,-3.0713256827496864,4.91208752176058e-17,5.479897090087253e-19,-1.5253397215425084e-18,0.0
2155,98.69776286289918,1.1011032612449898,-3.0648908266892825,4.8971675131906206e-17,5.463433985963413e-19,-1.520731914540764e-18,0.0
2156,98.48851847775158,1.0988053498295844,-3.0584438755694676,4.8822541692719004e-17,5.446977052087167e-19,-1.5161260006521761e-18,0.0
2157,98.27890081866349,1.0965030868023535,-3.0519850716224055,4.8673478774021905e-17,5.430526723085673e-19,-1.5115221005202225e-18,0.0
2158,98.0689176984898,1.0941965591665046,-3.0455146572487006,4.8524490237687183e-17,5.414083432288516e-19,-1.5069203344198176e-18,0.0
2159,97.8585769343581,1.091885853984761,-3.0390328749981226,4.837557993321464e-17,5.397647611697574e-19,-1.5023208222489684e-18,0.0
2160,97.64788634705009,1.0895710583724418,-3.03253996755037,4.82267516974667e-17,5.381219691957127e-19,-1.4977236835205043e-18,0.0
2161,97.43685376038461,1.0872522594905554,-3.026036177695874,4.8078009354406026e-17,5.364800102324207e-19,-1.4931290373538741e-18,0.0
2162,97.22548700060341,1.08492954453893,-3.0195217483167056,4.7929356714835945e-17,5.348389270639307e-19,-1.4885370024670408e-18,0.0
2163,97.01379389575821,1.0826030007493472,-3.0129969223674986,4.7780797576142976e-17,5.331987623297273e-19,-1.4839476971684312e-18,0.0
2164,96.80178227510082,1.0802727153787175,-3.006461942856482,4.763233572204253e-17,5.315595585218576e-19,-1.4793612393489896e-18,0.0
2165,96.58945996847451,1.0779387757022625,-2.9999170528265453,4.7483974922326564e-17,5.299213579820785e-19,-1.4747777464742897e-18,0.0
2166,96.37683480570819,1.0756012690067294,-2.9933624953363775,4.733571893261414e-17,5.282842028990361e-19,-1.4701973355767344e-18,0.0
2167,96.16391461601306,1.073260282583632,-2.9867985134417046,4.718757149410477e-17,5.266481353054752e-19,-1.4656201232478443e-18,0.0
2168,95.95070722738114,1.0709159037225109,-2.9802253501765583,4.703953633333396e-17,5.250131970754746e-19,-1.4610462256306123e-18,0.0
2169,95.73722046598678,1.0685682197042272,-2.9736432485346587,4.689161716193181e-17,5.233794299217145e-19,-1.4564757584119532e-18,0.0
2170,95.52346215559038,1.0662173177942744,-2.9670524514508423,4.674381767638407e-17,5.217468753927702e-19,-1.4519088368152266e-18,0.0
2171,95.30944011694487,1.0638632852361292,-2.9604532017825917,4.659614155779591e-17,5.201155748704392e-19,-1.4473455755928494e-18,0.0
2172,95.09516216720475,1.06150620924462,-2.9538457422916338,4.644859247165842e-17,5.184855695670939e-19,-1.4427860890189844e-18,0.0
2173,94.88063611933798,1.0591461769993302,-2.9472303156256237,4.630117406761782e-17,5.168569005230666e-19,-1.4382304908823198e-18,0.0
2174,94.66586978154007,1.056783275638029,-2.9406071642999074,4.615388997924722e-17,5.15229608604063e-19,-1.433678894478923e-18,0.0
2175,94.45087095665221,1.054417592250137,-2.933976530679384,4.600674382382154e-17,5.13603734498609e-19,-1.4291314126051924e-18,0.0
2176,94.23564744158075,1.0520492138702142,-2.9273386569604436,4.585973920209461e-17,5.1197931871552245e-19,-1.4245881575508803e-18,0.0
2177,94.02020702672108,1.0496782274714898,-2.920693785153003,4.5712879698079586e-17,5.103564015814213e-19,-1.4200492410922121e-18,0.0
2178,93.80455749538349,1.047304719959418,-2.9140421570626285,4.5566168878831765e-17,5.087350232382582e-19,-1.4155147744850845e-18,0.0
2179,93.5887066232225,1.0449287781652659,-2.9073840142727474,4.541961029423429e-17,5.071152236408863e-19,-1.4109848684583499e-18,0.0
2180,93.3726621776694,1.042550488839743,-2.900719598126977,4.527320747678678e-17,5.054970425546593e-19,-1.4064596332071945e-18,0.0
2181,93.1564319173675,1.0401699386466527,-2.894049149711511,4.512696394139646e-17,5.038805195530566e-19,-1.4019391783865895e-18,0.0
2182,92.9400235916115,1.0377872141565943,-2.8873729098376555,4.498088318517263e-17,5.022656940153472e-19,-1.3974236131048479e-18,0.0
2183,92.72344493978909,1.0354024018406829,-2.880691119024417,4.4834968687223335e-17,5.006526051242767e-19,-1.3929130459172505e-18,0.0
2184,92.50670369082648,1.0330155880643193,-2.87400401748122,4.468922390845532e-17,4.990412918637915e-19,-1.3884075848197687e-18,0.0
2185,92.28980756263753,1.0306268590809955,-2.867311845090733,4.454365229137681e-17,4.97431793016794e-19,-1.383907337242882e-18,0.0
2186,92.07276426157556,1.0282363010261235,-2.860614841391771,4.4398257259902767e-17,4.958241471629241e-19,-1.3794124100454638e-18,0.0
2187,91.8555814818894,1.0258439999109241,-2.8539132455623375,4.425304221916354e-17,4.942183926763809e-19,-1.3749229095087797e-18,0.0
2188,91.63826690518279,1.0234500416163352,-2.847207296402759,4.4108010555316044e-17,4.926145677237687e-19,-1.3704389413305572e-18,0.0
2189,91.42082819987705,1.021054511886971,-2.8404972323189273,4.3963165635357904e-17,4.910127102619793e-19,-1.3659606106191526e-18,0.0
2190,91.20327302067784,1.018657496325113,-2.8337832913056666,4.38185108069445e-17,4.894128580361035e-19,-1.3614880218878053e-18,0.0
2191,90.9856090080451,1.0162590803847475,-2.827065710930194,4.3674049398208843e-17,4.87815048577377e-19,-1.3570212790489791e-18,0.0
2192,90.76784378766739,1.0138593493656394,-2.820344728315714,4.352978471758449e-17,4.862193192011565e-19,-1.352560485408798e-18,0.0
2193,90.54998496993974,1.0114583884074537,-2.8136205801251335,4.3385720053631375e-17,4.846257070049312e-19,-1.348105743661574e-18,0.0
2194,90.33204014944468,1.009056282483906,-2.8068935025448534,4.324185867486416e-17,4.830342488663599e-19,-1.3436571558844084e-18,0.0
2195,90.11401690443854,1.0066531163969743,-2.8001637312687477,4.3098203829584186e-17,4.814449814413503e-19,-1.3392148235319131e-18,0.0
2196,89.89592279634046,1.004248974771136,-2.793431501482196,4.295475874571377e-17,4.798579411621613e-19,-1.3347788474309915e-18,0.0
2197,89.67776536922555,1.0018439420476546,-2.786697047846272,4.281152663063347e-17,4.782731642355417e-19,-1.3303493277757245e-18,0.0
2198,89.45955214932323,0.9994381024789213,-2.779960604482075,4.266851067102295e-17,4.766906866409055e-19,-1.3259263641223604e-18,0.0
2199,89.2412906445176,0.9970315401228184,-2.7732224049551277,4.2525714032703644e-17,4.751105441285302e-19,-1.3215100553843622e-18,0.0
2200,89.02298834385384,0.9946243388371482,-2.766482682259957,4.238313986048542e-17,4.735327722177964e-19,-1.3171004998275787e-18,0.0
2201,88.80465271704793,0.9922165822741006,-2.7597416688047813,4.224079127801568e-17,4.719574061954579e-19,-1.3126977950654908e-18,0.0
2202,88.58629121399997,0.989808353874758,-2.752999596396313,4.209867138763125e-17,4.703844811139389e-19,-1.3083020380545478e-18,0.0
2203,88.3679112643131,0.9873997368636624,-2.7462566962247132,4.1956783270213683e-17,4.688140317896732e-19,-1.3039133250896014e-18,0.0
2204,88.14952027681531,0.9849908142434137,-2.7395131988486625,4.181512998504705e-17,4.672460928014675e-19,-1.2995317517994268e-18,0.0
2205,87.93112563908676,0.9825816687893302,-2.732769334180584,4.167371456967912e-17,4.656806984889044e-19,-1.2951574131423402e-18,0.0
2206,87.7127347169905,0.9801723830441426,-2.7260253314719707,4.153254003978505e-17,4.641178829507728e-19,-1.2907904034018994e-18,0.0
2207,87.49435485420787,0.9777630393127453,-2.719281419298871,4.139160938903425e-17,4.625576800435337e-19,-1.2864308161827013e-18,0.0
2208,87.27599337177865,0.975353719656992,-2.712537825547501,4.12509255889602e-17,4.610001233798178e-19,-1.282078744406269e-18,0.0
2209,87.05765756764511,0.972944505890544,-2.7057947773999955,4.111049158883312e-17,4.594452463269573e-19,-1.2777342803070324e-18,0.0
2210,86.83935471620123,0.9705354795737648,-2.6990525013203093,4.0970310315535786e-17,4.57893082005549e-19,-1.2733975154283996e-18,0.0
2211,86.62109206784558,0.9681267220086645,-2.692311223040228,4.083038467344193e-17,4.563436632880505e-19,-1.2690685406189145e-18,0.0
2212,86.40287684853948,0.9657183142338935,-2.685571167545548,4.0690717544297907e-17,4.547970227974086e-19,-1.2647474460285108e-18,0.0
2213,86.18471625936958,0.9633103370197947,-2.6788325590623954,4.055131178710723e-17,4.53253192905723e-19,-1.2604343211048606e-18,0.0
2214,85.96661747611442,0.9609028708634888,-2.672095621043655,4.0412170238017766e-17,4.517122057329371e-19,-1.2561292545897988e-18,0.0
2215,85.74858764881711,0.9584959959840352,-2.6653605761556043,4.027329571021244e-17,4.501740931455697e-19,-1.2518323345158632e-18,0.0
2216,85.53063390136084,0.9560897923176219,-2.6586276462646206,4.0134690993802197e-17,4.486388867554709e-19,-1.2475436482028983e-18,0.0
2217,85.31276333105036,0.9536843395128183,-2.651897052424083,3.999635885572231e-17,4.471066179186154e-19,-1.2432632822547677e-18,0.0
2218,85.09498300819811,0.9512797169258835,-2.6451690148614126,3.9858302039631634e-17,4.455773177339287e-19,-1.2389913225561566e-18,0.0
2219,84.87729997571445,0.9488760036161168,-2.6384437529652396,3.972052326581447e-17,4.440510170421425e-19,-1.2347278542694533e-18,0.0
2220,84.65972124870326,0.9464732783412682,-2.6317214852727364,3.958302523108557e-17,4.425277464246852e-19,-1.230472961831732e-18,0.0
2221,84.44225381406224,0.9440716195530032,-2.6250024294571,3.944581060869809e-17,4.410075362026053e-19,-1.2262267289518228e-18,0.0
2222,84.22490463008769,0.9416711053924125,-2.6182868023151635,3.9308882048254115e-17,4.394904164355226e-19,-1.221989238607465e-18,0.0
2223,84.00768062608502,0.939271813685589,-2.611574819755199,3.917224217561866e-17,4.379764169206195e-19,-1.2177605730425677e-18,0.0
2224,83.79058870198307,0.9368738219392446,-2.6048666967848213,3.9035893592835897e-17,4.364655671916564e-19,-1.2135408137645378e-18,0.0
2225,83.57363572795381,0.9344772073363883,-2.5981626474990716,3.88998388780486e-17,4.349578965180235e-19,-1.2093300415417095e-18,0.0
2226,83.35682854403761,0.9320820467320643,-2.5914628850686663,3.876408058542068e-17,4.3345343390382633e-19,-1.2051283364008696e-18,0.0
2227,83.14017395977207,0.9296884166491296,-2.58476762172836,3.8628621245061984e-17,4.3195220808699706e-19,-1.2009357776248535e-18,0.0
2228,82.92367875382739,0.9272963932741045,-2.578077068765504,3.8493463362956635e-17,4.3045424753844567e-19,-1.196752443750249e-18,0.0
2229,82.70734967364534,0.9249060524530639,-2.571391436508725,3.8358609420893616e-17,4.2895958046123565e-19,-1.192578412565174e-18,0.0
2230,82.49119343508428,0.9225174696875932,-2.5647109343167838,3.8224061876400675e-17,4.274682347897968e-19,-1.1884137611071523e-18,0.0
2231,82.27521672206845,0.9201307201307943,-2.558035770567576,3.808982316268065e-17,4.2598023818916586e-19,-1.1842585656610705e-18,0.0
2232,82.05942618624306,0.9177458785833524,-2.551366152647293,3.795589568855105e-17,4.244956180542622e-19,-1.1801129017572292e-18,0.0
2233,81.84382844663374,0.9153630194896537,-2.544702286939739,3.782228183838602e-17,4.230144015091915e-19,-1.175976844169475e-18,0.0
2234,81.62843008931135,0.9129822169339635,-2.5380443788158042,3.768898397206136e-17,4.215366154065832e-19,-1.171850466913424e-18,0.0
2235,81.41323766706188,0.9106035446366576,-2.5313926326230947,3.7556004424902255e-17,4.200622863269575e-19,-1.1677338432447682e-18,0.0
2236,81.19825769906187,0.9082270759505149,-2.5247472516757314,3.7423345507633935e-17,4.185914405781259e-19,-1.1636270456576772e-18,0.0
2237,80.98349667055774,0.905852883857059,-2.518108438244283,3.729100950633469e-17,4.171241041946187e-19,-1.1595301458832702e-18,0.0
2238,80.76896103255197,0.9034810409629671,-2.5114763935458906,3.715899868239228e-17,4.156603029371487e-19,-1.1554432148881935e-18,0.0
2239,80.55465720149269,0.9011116194965246,-2.5048513177345173,3.7027315272462416e-17,4.142000622920997e-19,-1.1513663228732639e-18,0.0
2240,80.34059155896983,0.8987446913041477,-2.4982334098913914,3.6895961488430533e-17,4.127434074710517e-19,-1.1472995392722146e-18,0.0
2241,80.12677045141541,0.8963803278469529,-2.491622868015572,3.6764939517375844e-17,4.1129036341033023e-19,-1.1432429327505098e-18,0.0
2242,79.91320018980974,0.8940186001973947,-2.485019889014715,3.663425152153851e-17,4.0984095477059273e-19,-1.1391965712042588e-18,0.0
2243,79.69988704939212,0.8916595790359495,-2.478424668695962,3.650389963828908e-17,4.0839520593643857e-19,-1.1351605217592e-18,0.0
2244,79.4868372693775,0.8893033346478683,-2.471837401757023,3.637388598010104e-17,4.06953141016055e-19,-1.1311348507697806e-18,0.0
2245,79.27405705267738,0.8869499369199756,-2.4652582817773845,3.624421263452558e-17,4.0551478384088753e-19,-1.1271196238183068e-18,0.0
2246,79.06155256562691,0.8845994553375378,-2.458687501209719,3.6114881664169526e-17,4.040801579653455e-19,-1.1231149057141914e-18,0.0
2247,78.84932993771662,0.882251958981181,-2.4521252513714242,3.598589510667548e-17,4.0264928666653347e-19,-1.1191207604932717e-18,0.0
2248,78.63739526132893,0.8799075165238665,-2.4455717224363283,3.585725497470467e-17,4.012221929440118e-19,-1.1151372514172102e-18,0.0
2249,78.42575459148124,0.8775661962279332,-2.439027103426579,3.5728963255922757e-17,3.997988995195912e-19,-1.1111644409729875e-18,0.0
2250,78.21441394557256,0.8752280659421858,-2.4324915822046607,3.560102191298767e-17,3.983794288371495e-19,-1.1072023908724595e-18,0.0
2251,78.00337930313655,0.8728931930990501,-2.4259653454655994,3.547343288354049e-17,3.969638030624835e-19,-1.1032511620520091e-18,0.0
2252,77.79265660559942,0.8705616447117818,-2.4194485787293187,3.53461980801987e-17,3.9555204408318603e-19,-1.0993108146722712e-18,0.0
2253,77.58225175604265,0.8682334873717358,-2.412941466333157,3.5219319390551975e-17,3.9414417350855333e-19,-1.0953814081179368e-18,0.0
2254,77.37217061897161,0.8659087872456899,-2.4064441914245474,3.509279867716055e-17,3.9274021266951927e-19,-1.0914630009976381e-18,0.0
2255,77.16241902008879,0.8635876100732314,-2.39995693595386,3.4966637777556087e-17,3.9134018261862e-19,-1.0875556511439114e-18,0.0
2256,76.95300274607276,0.8612700211641989,-2.3934798806674125,3.484083850424514e-17,3.8994410412998547e-19,-1.08365941561324e-18,0.0
2257,76.74392754436153,0.8589560853961796,-2.387013205100618,3.471540264471479e-17,3.885519976993573e-19,-1.079774350686166e-18,0.0
2258,76.53519912294219,0.8566458672120701,-2.3805570875713298,3.45903319614412e-17,3.8716388354413784e-19,-1.0759005118674924e-18,0.0
2259,76.3268231501448,0.8543394306176911,-2.374111705173317,3.446562819190023e-17,3.85779781603464e-19,-1.0720379538865504e-18,0.0
2260,76.118805254442,0.8520368391794607,-2.367677233769918,3.434129304858067e-17,3.843997115383095e-19,-1.068186730697546e-18,0.0
2261,75.91115102425354,0.8497381560221268,-2.361253847987843,3.4217328218999844e-17,3.830236927316137e-19,-1.0643468954799831e-18,0.0
2262,75.70386600775606,0.8474434438265533,-2.3548417212111517,3.409373536572158e-17,3.8165174428843752e-19,-1.06051850063916e-18,0.0
2263,75.49695571269818,0.845152764827572,-2.348441025575379,3.397051612637664e-17,3.8028388503614746e-19,-1.0567015978067406e-18,0.0
2264,75.29042560622052,0.8428661808118807,-2.342051931961825,3.3847672113685383e-17,3.789201335246233e-19,-1.052896237841398e-18,0.0
2265,75.08428111468089,0.8405837531160099,-2.3356746099920063,3.3725204915482844e-17,3.7756050802649484e-19,-1.049102470829532e-18,0.0
2266,74.87852762348474,0.8383055426243377,-2.3293092280222614,3.3603116094746097e-17,3.7620502653740294e-19,-1.045320346086057e-18,0.0
2267,74.67317047692087,0.8360316097671707,-2.32295595313853,3.3481407189624023e-17,3.7485370677628836e-19,-1.0415499121552682e-18,0.0
2268,74.46821497800157,0.8337620145188713,-2.3166149511512617,3.3360079713469066e-17,3.73506566185703e-19,-1.0377912168117649e-18,0.0
2269,74.26366638830883,0.8314968163960537,-2.3102863865905228,3.323913515487166e-17,3.721636219321506e-19,-1.0340443070614628e-18,0.0
2270,74.05952992784498,0.8292360744558276,-2.3039704227012265,3.311857497769655e-17,3.7082489090645e-19,-1.030309229142661e-18,0.0
2271,73.8558107748883,0.8269798472941021,-2.297667221438536,3.299840062112144e-17,3.694903897241237e-19,-1.0265860285271837e-18,0.0
2272,73.65251406585453,0.8247281930439486,-2.291376943463432,3.2878613499678005e-17,3.681601347258127e-19,-1.022874749921595e-18,0.0
2273,73.44964489516227,0.8224811693740147,-2.2850997481384145,3.275921500329473e-17,3.668341419777138e-19,-1.0191754372684715e-18,0.0
2274,73.24720831510437,0.8202388334869986,-2.278835793523391,3.2640206497342263e-17,3.6551242727204295e-19,-1.0154881337477536e-18,0.0
2275,73.04520933572385,0.8180012421181782,-2.27258523637169,3.252158932268069e-17,3.641950061275222e-19,-1.011812881778155e-18,0.0
2276,72.84365292469472,0.8157684515339949,-2.2663482321262514,3.240336479570894e-17,3.6288189378988955e-19,-1.0081497230186406e-18,0.0
2277,72.6425440072083,0.8135405175306963,-2.260124934915964,3.22855342084164e-17,3.6157310523243444e-19,-1.0044986983699733e-18,0.0
2278,72.44188746586384,0.8113174954330294,-2.2539154975521534,3.2168098828436444e-17,3.6026865515655434e-19,-1.00085984797632e-18,0.0
2279,72.24168814056455,0.8090994400929931,-2.2477200715252303,3.2051059899102094e-17,3.589685579923359e-19,-9.972332112269243e-19,0.0
2280,72.0419508284185,0.8068864058886471,-2.2415388070014917,3.1934418639503835e-17,3.5767282789915985e-19,-9.93618826757846e-19,0.0
2281,71.84268028364394,0.8046784467229676,-2.2353718528200632,3.181817624454904e-17,3.563814787663253e-19,-9.90016732453754e-19,0.0
2282,71.64388121748027,0.8024756160227691,-2.2292193564900114,3.170233388502392e-17,3.5509452421370105e-19,-9.864269654497932e-19,0.0
2283,71.44555829810328,0.8002779667376705,-2.223081464187591,3.1586892707656975e-17,3.53811977592395e-19,-9.828495621335021e-19,0.0
2284,71.24771615054519,0.7980855513391191,-2.216958320753646,3.147185383518457e-17,3.5253385198544707e-19,-9.792845581467957e-19,0.0
2285,71.05035935662008,0.7958984218194732,-2.210850069691173,3.135721836641851e-17,3.512601602085455e-19,-9.75731988388012e-19,0.0
2286,70.85349245485337,0.7937166296911292,-2.2047568531630137,3.124298737631532e-17,3.4999091481076113e-19,-9.721918870140088e-19,0.0
2287,70.65711994041655,0.7915402259857077,-2.198678811989706,3.11291619160475e-17,3.487261280753055e-19,-9.686642874423253e-19,0.0
2288,70.46124626506662,0.7893692612532948,-2.19261608564749,3.10157430130767e-17,3.4746581202030975e-19,-9.651492223534037e-19,0.0
2289,70.26587583708971,0.7872037855617273,-2.1865688122664393,3.090273167122845e-17,3.4620997839962155e-19,-9.616467236928578e-19,0.0
2290,70.07101302125032,0.7850438484959437,-2.1805371286287656,3.0790128870769094e-17,3.44958638703627e-19,-9.581568226738116e-19,0.0
2291,69.87666213874411,0.7828894991573718,-2.1745211701672353,3.067793556848404e-17,3.437118041600872e-19,-9.546795497792784e-19,0.0
2292,69.68282746715632,0.7807407861633832,-2.1685210709637674,3.0566152697758215e-17,3.424694857350002e-19,-9.512149347646105e-19,0.0
2293,69.48951324042407,0.7785977576467891,-2.1625369637481424,3.045478116865787e-17,3.412316941334783e-19,-9.4776300665999e-19,0.0
2294,69.29672364880363,0.7764604612553908,-2.1565689798968717,3.034382186801432e-17,3.3999843980064674e-19,-9.443237937729801e-19,0.0
2295,69.10446283884208,0.7743289441515837,-2.1506172494322033,3.023327565950931e-17,3.387697329225616e-19,-9.408973236911277e-19,0.0
2296,68.91273491335333,0.7722032530120059,-2.1446819010212668,3.012314338376193e-17,3.375455834271451e-19,-9.374836232846157e-19,0.0
2297,68.72154393139905,0.7700834340272439,-2.138763061975358,3.001342585841739e-17,3.363260009851412e-19,-9.340827187089702e-19,0.0
2298,68.5308939082736,0.7679695329015843,-2.132860858249369,2.990412387823717e-17,3.351109950110886e-19,-9.306946354078155e-19,0.0
2299,68.34078881549351,0.7658615948528147,-2.126975414441342,2.979523821519088e-17,3.3390057466431126e-19,-9.273193981156784e-19,0.0
2300,68.15123258079163,0.7637596646120776,-2.121106853792179,2.968676961854968e-17,3.3269474884992827e-19,-9.239570308608457e-19,0.0
2301,67.9622290881151,0.7616637864237689,-2.1152552981854664,2.957871881498117e-17,3.3149352621987943e-19,-9.206075569682631e-19,0.0
2302,67.77378217762812,0.7595740040454874,-2.109420868147448,2.947108650864588e-17,3.302969151739691e-19,-9.172709990624872e-19,0.0
2303,67.5858956457187,0.7574903607480324,-2.1036036828471287,2.9363873381295124e-17,3.2910492386092673e-19,-9.139473790706815e-19,0.0
2304,67.39857324500983,0.7554128993154493,-2.097803860096509,2.9257080092370474e-17,3.279175601794843e-19,-9.106367182256597e-19,0.0
2305,67.21181868437483,0.7533416620451207,-2.0920215163509526,2.9150707279104536e-17,3.267348317794694e-19,-9.073390370689724e-19,0.0
2306,67.02563562895683,0.7512766907479088,-2.0862567667096856,2.9044755556623244e-17,3.2555674606291617e-19,-9.040543554540411e-19,0.0
2307,66.84002770019228,0.7492180267483374,-2.0805097249164155,2.8939225518049375e-17,3.2438331018518883e-19,-9.007826925493303e-19,0.0
2308,66.654998475839,0.7471657108848294,-2.074780503360098,2.88341177346077e-17,3.232145310561251e-19,-8.975240668415705e-19,0.0
2309,66.47055149000784,0.7451197835099831,-2.06906921307581,2.8729432755731225e-17,3.220504153411914e-19,-8.942784961390159e-19,0.0
2310,66.28669023319844,0.7430802844908952,-2.063375963745763,2.86251711091688e-17,3.2089096946265435e-19,-8.91045997574747e-19,0.0
2311,66.10341815233943,0.7410472532095324,-2.057700863700431,2.852133330109418e-17,3.197361996007676e-19,-8.878265876100137e-19,0.0
2312,65.92073865083184,0.7390207285631427,-2.0520440199198116,2.8417919816216055e-17,3.1858611169497184e-19,-8.846202820376164e-19,0.0
2313,65.73865508859735,0.7370007489647173,-2.0464055380348074,2.831493111788971e-17,3.1744071144511085e-19,-8.8142709598533e-19,0.0
2314,65.5571707821293,0.734987352343487,-2.040785522328716,2.821236764822939e-17,3.1630000431265823e-19,-8.782470439193581e-19,0.0
2315,65.3762890045489,0.7329805761454741,-2.035184075738864,2.8110229828222454e-17,3.151639955219627e-19,-8.750801396478367e-19,0.0
2316,65.19601298566393,0.7309804573340754,-2.0296012998583404,2.8008518057844166e-17,3.140326900615016e-19,-8.71926396324363e-19,0.0
2317,65.01634591203212,0.7289870323906955,-2.02403729493785,2.790723271617391e-17,3.1290609268515083e-19,-8.68785826451566e-19,0.0
2318,64.83729092702782,0.7270003373154207,-2.018492159887696,2.780637416151247e-17,3.117842079134666e-19,-8.656584418847128e-19,0.0
2319,64.65885113091238,0.7250204076277298,-2.012965992279858,2.7705942731500287e-17,3.106670400349785e-19,-8.625442538353439e-19,0.0
2320,64.48102958090864,0.7230472783672554,-2.0074588883502087,2.7605938743237075e-17,3.095545931074984e-19,-8.594432728749511e-19,0.0
2321,64.30382929127809,0.7210809840945753,-2.001970943000814,2.750636249340203e-17,3.0844687095943597e-19,-8.563555089386775e-19,0.0
2322,64.12725323340273,0.7191215588920539,-1.996502249802376,2.7407214258375498e-17,3.073438771911314e-19,-8.532809713290593e-19,0.0
2323,63.95130433586932,0.7171690363647133,-1.9910529009967528,2.730849429436127e-17,3.0624561517619466e-19,-8.5021966871979e-19,0.0
2324,63.77598548455822,0.7152234496411569,-1.9856229874996232,2.7210202837510194e-17,3.051520880628607e-19,-8.471716091595253e-19,0.0
2325,63.60129952273465,0.7132848313745169,-1.9802125989032233,2.7112340104044346e-17,3.0406329877535053e-19,-8.441368000757058e-19,0.0
2326,63.42724925114415,0.7113532137434534,-1.9748218234792176,2.701490629038248e-17,3.0297925001524736e-19,-8.411152482784197e-19,0.0
2327,63.25383742811068,0.709428628453181,-1.9694507481816548,2.6917901573266026e-17,3.0189994426287925e-19,-8.381069599642844e-19,0.0
2328,63.081066769638895,0.7075111067365425,-1.9640994586500466,2.6821326109886337e-17,3.0082538377871567e-19,-8.351119407203659e-19,0.0
2329,62.908939949518526,0.705600679355109,-1.9587680392125222,2.6725180038012305e-17,2.997555706047691e-19,-8.321301955281104e-19,0.0
2330,62.73745959943341,0.7036973766003285,-1.9534565728891178,2.6629463476119356e-17,2.986905065660117e-19,-8.291617287673192e-19,0.0
2331,62.5666283090723,0.7018012282946997,-1.948165141395132,2.6534176523518703e-17,2.97630193271796e-19,-8.262065442201337e-19,0.0
2332,62.39644862624359,0.6999122637929855,-1.9428938251445982,2.643931926048764e-17,2.96574632117287e-19,-8.23264645075051e-19,0.0
2333,62.226923056993186,0.6980305119834656,-1.9376427032538526,2.6344891748400635e-17,2.9552382428490363e-19,-8.203360339309653e-19,0.0
2334,62.05805406572503,0.6961560012892171,-1.9324118535451964,2.6250894029861e-17,2.9447777074576735e-19,-8.174207128012299e-19,0.0
2335,61.88984407532478,0.6942887596694318,-1.9272013525506408,2.6157326128833242e-17,2.934364722611583e-19,-8.145186831177374e-19,0.0
2336,61.72229546728642,0.6924288146207679,-1.9220112755157612,2.6064188050776185e-17,2.9239992938398067e-19,-8.116299457350272e-19,0.0
2337,61.555410581842054,0.690576193178735,-1.9168416964036363,2.5971479782776754e-17,2.9136814246023557e-19,-8.087545009344126e-19,0.0
2338,61.389191718093954,0.688730921919107,-1.9116926878988665,2.5879201293684183e-17,2.9034111163049955e-19,-8.058923484281218e-19,0.0
2339,61.22364113415017,0.6868930269593757,-1.9065643214117034,2.5787352534245128e-17,2.893188368314128e-19,-8.030434873634682e-19,0.0
2340,61.058761047262294,0.685062533960227,-1.9014566670822417,2.569593343723907e-17,2.883013177971715e-19,-8.002079163270292e-19,0.0
2341,60.89455363396608,0.6832394681270507,-1.896369793784705,2.560494391761435e-17,2.872885540610273e-19,-7.973856333488451e-19,0.0
2342,60.73102103022523,0.6814238542114875,-1.8913037691318328,2.5514383872624915e-17,2.8628054495679555e-19,-7.945766359066429e-19,0.0
2343,60.56816533157694,0.6796157165129932,-1.8862586594793136,2.5424253181967227e-17,2.852772896203647e-19,-7.917809209300609e-19,0.0
2344,60.40598859328111,0.6778150788804483,-1.8812345299303481,2.5334551707918074e-17,2.8427878699121773e-19,-7.8899848480490805e-19,0.0
2345,60.244492830470726,0.6760219647137765,-1.8762314443402324,2.5245279295472288e-17,2.8328503581395073e-19,-7.86229323377415e-19,0.0
2346,60.08368001830625,0.6742363969656131,-1.8712494653210767,2.5156435772481502e-17,2.822960346398058e-19,-7.834734319585212e-19,0.0
2347,59.923552092131246,0.6724583981429858,-1.866288654246566,2.506802094979286e-17,2.813117818282019e-19,-7.807308053281611e-19,0.0
2348,59.764110947630996,0.6706879903090284,-1.861349071256803,2.498003462138829e-17,2.803322755482732e-19,-7.780014377395666e-19,0.0
2349,59.60535844099337,0.6689251950847223,-1.8564307752632339,2.489247656452418e-17,2.793575137804122e-19,-7.752853229235836e-19,0.0
2350,59.447296389071724,0.6671700336506604,-1.8515338239536288,2.48053465398712e-17,2.783874943178148e-19,-7.725824540929943e-19,0.0
2351,59.28992656955091,0.6654225267488448,-1.8466582737971642,2.4718644291654856e-17,2.7742221476803343e-19,-7.698928239468596e-19,0.0
2352,59.13325072111391,0.6636826946844964,-1.8418041800495306,2.4632369547795677e-17,2.764616725545274e-19,-7.672164246748557e-19,0.0
2353,58.977270543612505,0.6619505573279041,-1.8369715967581512,2.4546522020050385e-17,2.7550586491822346e-19,-7.645532479616364e-19,0.0
2354,58.82198769823861,0.6602261341162875,-1.83216057676744,2.4461101404152816e-17,2.745547889190747e-19,-7.619032849911917e-19,0.0
2355,58.66740380769827,0.6585094440556863,-1.8273711717241286,2.437610737995523e-17,2.7360844143762367e-19,-7.592665264512171e-19,0.0
2356,58.51352045638797,0.6568005057228785,-1.8226034320826778,2.429153961156998e-17,2.726668191765705e-19,-7.56642962537496e-19,0.0
2357,58.36033919057198,0.655099337267308,-1.8178574071107119,2.4207397747511007e-17,2.717299186623381e-19,-7.540325829582753e-19,0.0
2358,58.20786151856271,0.6534059564130505,-1.8131331448945556,2.4123681420835882e-17,2.7079773624664545e-19,-7.514353769386606e-19,0.0
2359,58.05608891090206,0.6517203804607872,-1.808430692344797,2.4040390249287678e-17,2.6987026810807823e-19,-7.488513332250048e-19,0.0
2360,57.90502280054525,0.650042626289808,-1.8037500952019299,2.39575238354372e-17,2.6894751025366372e-19,-7.462804400893086e-19,0.0
2361,57.754664583045866,0.6483727103600306,-1.7990913980420373,2.3875081766825098e-17,2.680294585204456e-19,-7.437226853336189e-19,0.0
2362,57.6050156167434,0.6467106487140448,-1.79445464428255,2.3793063616104337e-17,2.671161085770619e-19,-7.411780562944376e-19,0.0
2363,57.45607722295126,0.6450564569791669,-1.7898398761880217,2.371146894118226e-17,2.662074559253201e-19,-7.3864653984711845e-19,0.0
2364,57.307850686147844,0.6434101503695234,-1.785247134876002,2.363029728536325e-17,2.6530349590177763e-19,-7.361281224102838e-19,0.0
2365,57.160337254168205,0.6417717436881478,-1.7806764603229228,2.3549548177490977e-17,2.6440422367931945e-19,-7.336227899502268e-19,0.0
2366,57.01353813839745,0.6401412513290926,-1.776127891370048,2.3469221132090764e-17,2.635096342687364e-19,-7.311305279853206e-19,0.0
2367,56.86745451396616,0.6385186872795678,-1.7716014657294814,2.3389315649512077e-17,2.626197225203058e-19,-7.286513215904298e-19,0.0
2368,56.72208751994631,0.6369040651220833,-1.7670972199901893,2.330983121607064e-17,2.6173448312536783e-19,-7.261851554013107e-19,0.0
2369,56.577438259549666,0.63529739803662,-1.7626151896241038,2.3230767304190858e-17,2.608539106179055e-19,-7.237320136190225e-19,0.0
2370,56.43350780032655,0.6336986988028073,-1.7581554089922424,2.3152123372547807e-17,2.599779993761208e-19,-7.212918800143255e-19,0.0
2371,56.29029717436679,0.6321079798021232,-1.7537179113508847,2.3073898866209425e-17,2.5910674362401263e-19,-7.188647379320845e-19,0.0
2372,56.14780737850119,0.6305252530201022,-1.7493027288577796,2.2996093216778304e-17,2.582401374329508e-19,-7.164505702956621e-19,0.0
2373,56.00603937450461,0.628950530048562,-1.7449098925783937,2.2918705842533485e-17,2.573781747232508e-19,-7.140493596113113e-19,0.0
2374,55.86499408930036,0.6273838220878437,-1.7405394324922039,2.2841736148572132e-17,2.5652084926574667e-19,-7.116610879725649e-19,0.0
2375,55.7246724151651,0.6258251399490607,-1.736191377499011,2.27651835269508e-17,2.556681546833607e-19,-7.092857370646133e-19,0.0
2376,55.585075209935574,0.6242744940563664,-1.731865755425303,2.2689047356826763e-17,2.5482008445267305e-19,-7.06923288168684e-19,0.0
2377,55.446203297215845,0.6227318944492297,-1.7275625930306413,2.2613327004598967e-17,2.5397663190548793e-19,-7.045737221664095e-19,0.0
2378,55.308057466585694,0.621197350784723,-1.7232819160140804,2.253802182404873e-17,2.5313779023039757e-19,-7.022370195441888e-19,0.0
2379,55.17063847380997,0.6196708723398223,-1.7190237490206217,2.246313115648027e-17,2.523035524743439e-19,-6.999131603975436e-19,0.0
2380,55.033947041048876,0.6181524680137166,-1.7147881156476905,2.2388654330860922e-17,2.514739115441773e-19,-6.976021244354638e-19,0.0
2381,54.89798385706887,0.616642146330128,-1.7105750384516405,2.231459066396098e-17,2.50648860208212e-19,-6.953038909847444e-19,0.0
2382,54.7627495774547,0.6151399154396413,-1.7063845389542904,2.224093946049335e-17,2.498283910977786e-19,-6.930184389943149e-19,0.0
2383,54.62824482482197,0.6136457831220424,-1.7022166376494767,2.2167700013252817e-17,2.4901249670877316e-19,-6.907457470395571e-19,0.0
2384,54.494470189030444,0.6121597567886652,-1.6980713540096324,2.2094871603254915e-17,2.4820116940320247e-19,-6.884857933266122e-19,0.0
2385,54.36142622739824,0.6106818434847472,-1.693948706492392,2.2022453499874557e-17,2.473944014107258e-19,-6.862385556966794e-19,0.0
2386,54.229113464916104,0.6092120498917907,-1.6898487125472064,2.1950444960984093e-17,2.4659218483019205e-19,-6.840040116302991e-19,0.0
2387,54.09753239446312,0.6077503823299352,-1.6857713886219903,2.1878845233091233e-17,2.4579451163117397e-19,-6.817821382516287e-19,0.0
2388,53.96668347702193,0.606296846760329,-1.6817167501697692,2.180765355147622e-17,2.4500137365549583e-19,-6.795729123327005e-19,0.0
2389,53.836567141895486,0.6048514487875171,-1.6776848116553658,2.173686914032896e-17,2.4421276261875973e-19,-6.773763102976734e-19,0.0
2390,53.70718378692342,0.6034141936618244,-1.673675586562076,2.1666491212885354e-17,2.4342867011186374e-19,-6.751923082270639e-19,0.0
2391,53.57853377869917,0.6019850862817493,-1.6696890873983754,2.159651897156334e-17,2.42649087602517e-19,-6.730208818619669e-19,0.0
2392,53.45061745278772,0.6005641311963649,-1.665725325704637,2.1526951608098538e-17,2.4187400643675088e-19,-6.708620066082644e-19,0.0
2393,53.32343511394299,0.5991513326077146,-1.661784312059844,2.145778830367912e-17,2.4110341784042102e-19,-6.687156575408113e-19,0.0
2394,53.19698703632632,0.5977466943732228,-1.6578660560883385,2.1389028229080542e-17,2.4033731292070872e-19,-6.665818094076163e-19,0.0
2395,53.07127346372435,0.5963502200080995,-1.6539705664665494,2.132067054479938e-17,2.395756826676126e-19,-6.644604366339963e-19,0.0
2396,52.94629460976799,0.5949619126877537,-1.6500978509297501,2.1252714401186966e-17,2.388185179554376e-19,-6.623515133267234e-19,0.0
2397,52.82205065815067,0.5935817752502054,-1.646247916278808,2.1185158938582196e-17,2.380658095442756e-19,-6.602550132781485e-19,0.0
2398,52.69854176284743,0.592209810198502,-1.6424207683869465,2.1118003287443964e-17,2.37317548081482e-19,-6.58170909970312e-19,0.0
2399,52.575768048333536,0.5908460197031338,-1.6386164122065026,2.1051246568482908e-17,2.3657372410314455e-19,-6.56099176579034e-19,0.0
2400,52.45372960980348,0.5894904056044513,-1.6348348517756928,2.0984887892792592e-17,2.3583432803554633e-19,-6.540397859779876e-19,0.0
2401,52.33242651338991,0.5881429694150838,-1.6310760902253745,2.0918926361980114e-17,2.350993501966224e-19,-6.519927107427536e-19,0.0
2402,52.21185879638223,0.586803712322356,-1.6273401297858094,2.0853361068296008e-17,2.3436878079740917e-19,-6.499579231548556e-19,0.0
2403,52.09202646744569,0.585472635190707,-1.6236269717934304,2.078819109476367e-17,2.336426099434882e-19,-6.479353952057783e-19,0.0
2404,51.97292950683962,0.5841497385641042,-1.6199366166975835,2.0723415515307892e-17,2.3292082763642017e-19,-6.459250986009591e-19,0.0
2405,51.85456786663626,0.5828350226684614,-1.616269064067303,2.0659033394883035e-17,2.3220342377517587e-19,-6.439270047637709e-19,0.0
2406,51.73694147093866,0.5815284874140484,-1.6126243125980382,2.059504378960024e-17,2.3149038815755544e-19,-6.41941084839471e-19,0.0
2407,51.62005021609898,0.5802301323979054,-1.6090023601184078,2.0531445746854188e-17,2.3078171048160404e-19,-6.399673096991412e-19,0.0
2408,51.50389397093614,0.5789399569062501,-1.6054032035969301,2.0468238305449044e-17,2.3007738034701733e-19,-6.380056499435985e-19,0.0
2409,51.38847257695306,0.5776579599168818,-1.60182683914874,2.0405420495723654e-17,2.293773872565401e-19,-6.360560759072858e-19,0.0
2410,51.273785848554056,0.5763841401015858,-1.5982732620423115,2.0342991339676203e-17,2.2868172061735784e-19,-6.341185576621445e-19,0.0
2411,51.1598335732612,0.5751184958285286,-1.594742466706154,2.0280949851087918e-17,2.279903697424788e-19,-6.321930650214591e-19,0.0
2412,51.046615511930916,0.5738610251646549,-1.5912344467355057,2.0219295035646235e-17,2.273033238521098e-19,-6.302795675436834e-19,0.0
2413,50.93413139896942,0.572611725878073,-1.5877491948990052,2.0158025891067042e-17,2.2662057207502177e-19,-6.283780345362401e-19,0.0
2414,50.822380942548314,0.5713705954404423,-1.5842867031453565,2.0097141407216286e-17,2.259421034499091e-19,-6.264884350593007e-19,0.0
2415,50.711363824819244,0.5701376310293498,-1.5808469626099728,2.0036640566230764e-17,2.252679069267389e-19,-6.246107379295387e-19,0.0
2416,50.60107970212814,0.5689128295306822,-1.5774299636216045,1.9976522342638098e-17,2.2459797136809234e-19,-6.227449117238598e-19,0.0
2417,50.49152820522877,0.5676961875409944,-1.5740356957089496,1.9916785703475967e-17,2.239322855504975e-19,-6.208909247831077e-19,0.0
2418,50.38270893949587,0.5664877013698678,-1.570664147607248,1.985742960841055e-17,2.2327083816575354e-19,-6.190487452157463e-19,0.0
2419,50.27462148513734,0.5652873670422631,-1.5673153072648482,1.9798453009854082e-17,2.2261361782224487e-19,-6.172183409015146e-19,0.0
2420,50.16726539740593,0.5640951803008666,-1.5639891618497619,1.9739854853081673e-17,2.21960613046248e-19,-6.153996794950588e-19,0.0
2421,50.060640206810135,0.5629111366084272,-1.5606856977561898,1.968163407634726e-17,2.2131181228322815e-19,-6.135927284295373e-19,0.0
2422,49.954745419324276,0.5617352311500852,-1.5574049006110269,1.9623789610998698e-17,2.206672038991267e-19,-6.117974549202003e-19,0.0
2423,49.849580516597996,0.5605674588356955,-1.554146755280345,1.95663203815921e-17,2.200267761816402e-19,-6.100138259679444e-19,0.0
2424,49.74514495616464,0.5594078143021388,-1.5509112458758496,1.9509225306005206e-17,2.1939051734148954e-19,-6.082418083628399e-19,0.0
2425,49.64143817164891,0.5582562919156234,-1.5476983557613038,1.945250329554994e-17,2.187584155136785e-19,-6.064813686876299e-19,0.0
2426,49.53845957297393,0.5571128857739828,-1.5445080675589453,1.9396153255084203e-17,2.181304587587459e-19,-6.04732473321209e-19,0.0
2427,49.43620854656663,0.555977589708954,-1.5413403631558416,1.9340174083122506e-17,2.175066350640033e-19,-6.029950884420635e-19,0.0
2428,49.33468445556329,0.5548503972884576,-1.5381952237102596,1.9284564671946144e-17,2.168869323447688e-19,-6.012691800316995e-19,0.0
2429,49.233886640012834,0.5537313018188544,-1.5350726296579598,1.9229323907711983e-17,2.1627133844558488e-19,-5.995547138780269e-19,0.0
2430,49.133814417080536,0.5526202963472051,-1.5319725607185055,1.9174450670560885e-17,2.1565984114143266e-19,-5.978516555787332e-19,0.0
2431,49.034467081249296,0.551517373663505,-1.5288949959014984,1.9119943834724725e-17,2.1505242813893022e-19,-5.961599705446123e-19,0.0
2432,48.93584390452087,0.550422526302917,-1.525839913512812,1.9065802268632836e-17,2.144490870775251e-19,-5.944796240028781e-19,0.0
2433,48.83794413661579,0.5493357465479927,-1.5228072911607828,1.9012024835017484e-17,2.1384980553067604e-19,-5.928105810004455e-19,0.0
2434,48.74076700517171,0.5482570264308723,-1.5197971057623587,1.895861039101825e-17,2.1325457100702187e-19,-5.911528064071795e-19,0.0
2435,48.64431171594128,0.5471863577354835,-1.5168093335492272,1.890555778828569e-17,2.1266337095154383e-19,-5.895062649191217e-19,0.0
2436,48.54857745298847,0.5461237319997215,-1.5138439500738967,1.8852865873083994e-17,2.1207619274671529e-19,-5.87870921061684e-19,0.0
2437,48.45356337888375,0.5450691405176165,-1.5109009302157494,1.8800533486392645e-17,2.1149302371364178e-19,-5.86246739192815e-19,0.0
2438,48.359268634898264,0.5440225743414908,-1.5079802481870535,1.874855946400725e-17,2.1091385111319112e-19,-5.846336835061373e-19,0.0
2439,48.265692341196434,0.5429840242840986,-1.505081877538934,1.8696942636639306e-17,2.1033866214711176e-19,-5.83031718034054e-19,0.0
2440,48.172833597027655,0.5419534809207557,-1.5022057911673132,1.8645681830015123e-17,2.0976744395914217e-19,-5.814408066508279e-19,0.0
2441,48.080691480916656,0.5409309345914539,-1.4993519613188095,1.859477586497377e-17,2.0920018363610916e-19,-5.798609130756318e-19,0.0
2442,47.98926505085225,0.5399163754029607,-1.4965203595965888,1.8544223557563982e-17,2.0863686820901484e-19,-5.782920008755654e-19,0.0
2443,47.89855334447509,0.5389097932309037,-1.4937109569661846,1.8494023719140195e-17,2.080774846541139e-19,-5.767340334686459e-19,0.0
2444,47.80855537926416,0.5379111777218444,-1.4909237237612756,1.8444175156457634e-17,2.0752201989398017e-19,-5.751869741267691e-19,0.0
2445,47.7192701527214,0.5369205182953308,-1.4881586296894127,1.8394676671766286e-17,2.069704607985614e-19,-5.736507859786366e-19,0.0
2446,47.63069664255568,0.5359378041459418,-1.4854156438377195,1.8345527062904144e-17,2.0642279418622517e-19,-5.721254320126589e-19,0.0
2447,47.54283380686455,0.5349630242453093,-1.4826947346785286,1.8296725123389186e-17,2.058790068247918e-19,-5.706108750798214e-19,0.0
2448,47.4556805843155,0.5339961673441316,-1.479995870074999,1.824826964251071e-17,2.0533908543255882e-19,-5.691070778965287e-19,0.0
2449,47.3692358943248,0.5330372219741641,-1.4773190172866628,1.820015940541934e-17,2.0480301667931227e-19,-5.67614003047409e-19,0.0
2450,47.283498637235674,0.5320861764502001,-1.47466414297495,1.8152393193216353e-17,2.0427078718732894e-19,-5.661316129880968e-19,0.0
2451,47.19846769449467,0.5311430188720316,-1.4720312132086548,1.8104969783041868e-17,2.037423835323671e-19,-5.646598700479805e-19,0.0
2452,47.11414192882634,0.5302077371263942,-1.469420193469356,1.805788794816203e-17,2.0321779224464558e-19,-5.63198736432919e-19,0.0
2453,47.030520184406974,0.5292803188888969,-1.4668310486567984,1.8011146458055354e-17,2.0269699980981337e-19,-5.617481742279318e-19,0.0
2454,46.94760128703622,0.5283607516259343,-1.4642637430942216,1.7964744078497935e-17,2.0217999266990744e-19,-5.603081453998556e-19,0.0
2455,46.86538404430756,0.5274490225965809,-1.4617182405336422,1.791867957164776e-17,2.016667572242995e-19,-5.588786117999702e-19,0.0
2456,46.78386724577696,0.5265451188544695,-1.4591945041610876,1.7872951696127968e-17,2.0115727983063197e-19,-5.574595351665952e-19,0.0
2457,46.703049663130216,0.5256490272496521,-1.4566924966017822,1.7827559207109205e-17,2.0065154680574342e-19,-5.560508771276552e-19,0.0
2458,46.62293005034863,0.5247607344304435,-1.4542121799252896,1.7782500856390957e-17,2.0014954442658267e-19,-5.546525992032166e-19,0.0
2459,46.543507143872844,0.5238802268452459,-1.4517535156505927,1.773777539248182e-17,1.9965125893111158e-19,-5.532646628079893e-19,0.0
2460,46.46477966276544,0.5230074907443574,-1.4493164647511358,1.7693381560678898e-17,1.9915667651919725e-19,-5.518870292538016e-19,0.0
2461,46.386746308871736,0.5221425121817618,-1.446900987659816,1.7649318103146165e-17,1.9866578335349373e-19,-5.505196597520441e-19,0.0
2462,46.30940576697892,0.5212852770169007,-1.4445070442739159,1.760558375899183e-17,1.9817856556031164e-19,-5.491625154160817e-19,0.0
2463,46.232756704973596,0.5204357709164275,-1.4421345939599932,1.756217726434471e-17,1.9769500923047792e-19,-5.478155572636354e-19,0.0
2464,46.1567977739978,0.5195939793559424,-1.4397835955587193,1.7519097352429712e-17,1.972151004201842e-19,-5.464787462191352e-19,0.0
2465,46.081527608602926,0.5187598876217091,-1.4374540073896553,1.747634275364212e-17,1.9673882515182342e-19,-5.451520431160386e-19,0.0
2466,46.00694482690263,0.5179334808123542,-1.4351457872559945,1.7433912195621174e-17,1.962661694148174e-19,-5.438354086991239e-19,0.0
2467,45.93304803072352,0.5171147438405479,-1.4328588924492414,1.7391804403322488e-17,1.957971191664321e-19,-5.425288036267505e-19,0.0
2468,45.85983580575422,0.5163036614346617,-1.4305932797538299,1.735001809908946e-17,1.9533166033258142e-19,-5.41232188473085e-19,0.0
2469,45.78730672169313,0.5155002181404149,-1.4283489054517147,1.7308552002723902e-17,1.9486977880862234e-19,-5.399455237303062e-19,0.0
2470,45.71545933239392,0.5147043983224951,-1.4261257253268795,1.726740483155546e-17,1.9441146046013691e-19,-5.386687698107695e-19,0.0
2471,45.64429217600979,0.5139161861661645,-1.42392369466982,1.7226575300510256e-17,1.9395669112370508e-19,-5.374018870491503e-19,0.0
2472,45.57380377513573,0.5131355656788437,-1.4217427682819503,1.7186062122178455e-17,1.9350545660766553e-19,-5.361448357045504e-19,0.0
2473,45.503992636949064,0.5123625206916788,-1.4195829004799707,1.7145864006880857e-17,1.930577426928665e-19,-5.348975759625782e-19,0.0
2474,45.43485725334849,0.5115970348610885,-1.417444045100179,1.7105979662734614e-17,1.926135351334057e-19,-5.336600679373982e-19,0.0
2475,45.366396101091006,0.5108390916702903,-1.4153261555027177,1.706640779571786e-17,1.9217281965735898e-19,-5.324322716737486e-19,0.0
2476,45.29860764192762,0.5100886744308119,-1.4132291845757905,1.7027147109733582e-17,1.9173558196749996e-19,-5.312141471489352e-19,0.0
2477,45.231490322736704,0.5093457662839769,-1.411153084739796,1.6988196306672258e-17,1.9130180774200654e-19,-5.30005654274787e-19,0.0
2478,45.165042575656045,0.5086103502023754,-1.4090978079514274,1.6949554086473788e-17,1.9087148263515874e-19,-5.288067528995892e-19,0.0
2479,45.099262818213056,0.5078824089913165,-1.4070633057077144,1.6911219147188393e-17,1.9044459227802588e-19,-5.276174028099849e-19,0.0
2480,45.034149453453054,0.5071619252902544,-1.4050495290500014,1.6873190185036523e-17,1.9002112227914176e-19,-5.2643756373284525e-19,0.0
2481,44.96970087006601,0.5064488815742041,-1.4030564285678842,1.6835465894467908e-17,1.8960105822517142e-19,-5.252671953371142e-19,0.0
2482,44.90591544251143,0.5057432601551294,-1.4010839544030835,1.6798044968219633e-17,1.891843856815658e-19,-5.241062572356219e-19,0.0
2483,44.84279153114145,0.5050450431833176,-1.3991320562532672,1.6760926097373287e-17,1.887710901932071e-19,-5.229547089868695e-19,0.0
2484,44.78032748232224,0.5043542126487299,-1.3972006833758164,1.6724107971411183e-17,1.8836115728504303e-19,-5.218125100967856e-19,0.0
2485,44.71852162855366,0.5036707503823359,-1.3952897845915397,1.6687589278271696e-17,1.8795457246271166e-19,-5.206796200204547e-19,0.0
2486,44.65737228858704,0.5029946380574254,-1.393399308288329,1.6651368704403618e-17,1.875513212131551e-19,-5.19555998163815e-19,0.0
2487,44.596877767541415,0.5023258571909046,-1.3915292024247674,1.6615444934819705e-17,1.8715138900522428e-19,-5.184416038853326e-19,0.0
2488,44.53703635701777,0.5016643891445676,-1.3896794145336737,1.6579816653149186e-17,1.8675476129027192e-19,-5.173363964976414e-19,0.0
2489,44.47784633521168,0.5010102151263532,-1.387849891725601,1.654448254168951e-17,1.8636142350273726e-19,-5.162403352691605e-19,0.0
2490,44.41930596702422,0.5003633161915794,-1.3860405806922738,1.6509441281457112e-17,1.859713610607196e-19,-5.151533794256803e-19,0.0
2491,44.36141350417091,0.4997236732441587,-1.3842514277099771,1.64746915522373e-17,1.8558455936654222e-19,-5.140754881519232e-19,0.0
2492,44.30416718528933,0.4990912670377967,-1.382482378642889,1.6440232032633342e-17,1.8520100380730723e-19,-5.130066205930766e-19,0.0
2493,44.247565236044515,0.4984660781771658,-1.3807333789463572,1.640606140011453e-17,1.8482067975543889e-19,-5.119467358562968e-19,0.0
2494,44.19160586923296,0.4978480871190663,-1.379004373670124,1.6372178331063544e-17,1.8444357256921947e-19,-5.108957930121886e-19,0.0
2495,44.13628728488477,0.49723727417356256,-1.3772953074614986,1.6338581500822815e-17,1.8406966759331354e-19,-5.098537510962566e-19,0.0
2496,44.081607670364114,0.49663361950510304,-1.3756061245684739,1.6305269583740125e-17,1.8369895015928387e-19,-5.088205691103303e-19,0.0
2497,44.02756520046789,0.49603710313362015,-1.3739367688427886,1.6272241253213296e-17,1.833314055860971e-19,-5.077962060239619e-19,0.0
2498,43.97415803752273,0.4954477049356113,-1.3722871837429387,1.623949518173407e-17,1.8296701918062062e-19,-5.067806207757993e-19,0.0
2499,43.92138433148047,0.494865404645202,-1.3706573123371415,1.6207030040931183e-17,1.8260577623811008e-19,-5.057737722749339e-19,0.0
2500,43.869242220011486,0.49429018185518614,-1.3690470973062285,1.6174844501612514e-17,1.8224766204268651e-19,-5.047756194022178e-19,0.0
