ell,Cl_BB,Dl_BB,Cl_TT_tensor
2,1.12116704972768e-22,1.0706356679755028e-22,7.468220886926045e-23
3,5.597924353482121e-23,1.0691247982934183e-22,3.7272875463979986e-23
4,3.3541727953973215e-23,1.0676663607436883e-22,2.2323914422608674e-23
5,2.233122467525755e-23,1.0662374377088834e-22,1.4856499812493322e-23
6,1.5929786851233016e-23,1.0648278143050854e-22,1.0593341415487292e-23
7,1.1931679559934541e-23,1.063432037557183e-22,7.931286353097963e-24
8,9.268107169874686e-24,1.0620468498175148e-22,6.158176607753213e-24
9,7.404874543224837e-24,1.060670147876616e-22,4.918105509460625e-24
10,6.050710273540062e-24,1.0593004941758967e-22,4.017034287591272e-24
11,5.035767688076261e-24,1.0579368621621132e-22,3.34182659900153e-24
12,4.255563116862133e-24,1.0565784928735319e-22,2.822892271513286e-24
13,3.642952206777859e-24,1.055224809104329e-22,2.4155152634952672e-24
14,3.1531877079474647e-24,1.0538753614545296e-22,2.0898984378707796e-24
15,2.7555165545509048e-24,1.0525297930279794e-22,1.825565521880256e-24
16,2.428238175620231e-24,1.0511878155399833e-22,1.608069174834024e-24
17,2.155685301365113e-24,1.0498491926761676e-22,1.426979877073618e-24
18,1.9263175589110223e-24,1.0485137282116766e-22,1.2746161464732721e-24
19,1.7314826026578735e-24,1.0471812573443586e-22,1.145219432190835e-24
20,1.564590395123611e-24,1.0458516402517024e-22,1.0344042115296367e-24
21,1.4205503479545096e-24,1.0445247572199692e-22,9.387831697264281e-25
22,1.295379858669971e-24,1.0432005049063737e-22,8.557065342195252e-25
23,1.1859270881800142e-24,1.0418787934319589e-22,7.830774919831284e-25
24,1.08967140644839e-24,1.0405595440929544e-22,7.192193298636338e-25
25,1.0045775976829983e-24,1.0392426875390985e-22,6.627783738528523e-25
26,9.289878887931496e-25,1.0379281623090146e-22,6.126521136894931e-25
27,8.615409891246914e-25,1.0366159136417947e-22,5.679353123425062e-25
28,8.0111068623409685e-25,1.0353058925045229e-22,5.278791356814139e-25
29,7.467587799437433e-25,1.033998054790281e-22,4.918598278355862e-25
30,6.976986523962412e-25,1.0326923606519674e-22,4.5935446702735e-25
31,6.53266813552681e-25,1.0313887739452234e-22,4.299220304051955e-25
32,6.129004875190651e-25,1.0300872617596885e-22,4.0318847982238944e-25
33,5.761198174337355e-25,1.0287877940222838e-22,3.7883492167453047e-25
34,5.425136325554234e-25,1.0274903431596365e-22,3.5658813755220487e-25
35,5.117279854169688e-25,1.0261948838093557e-22,3.3621295839374976e-25
36,4.834568596933778e-25,1.0249013925719213e-22,3.1750608317796607e-25
37,4.57434591462256e-25,1.0236098477965029e-22,3.00291037754996e-25
38,4.3342965213016e-25,1.0223202293952931e-22,2.8441403971220895e-25
39,4.1123952048299616e-25,1.0210325186819095e-22,2.697405878854338e-25
40,3.9068643118079254e-25,1.0197466982302174e-22,2.5615263497450223e-25
41,3.716138326195546e-25,1.0184627517505474e-22,2.435462320769164e-25
42,3.5388342207482377e-25,1.0171806639807967e-22,2.3182955724442153e-25
43,3.3737265307667296e-25,1.0159004205903187e-22,2.209212581612763e-25
44,3.2197263099002523e-25,1.0146220080948327e-22,2.10749053035594e-25
45,3.075863292254013e-25,1.0133454137808742e-22,2.0124854474368294e-25
46,2.941270714542116e-25,1.0120706256385287e-22,1.923622118846984e-25
47,2.815172354524803e-25,1.0107976323013817e-22,1.8403854722366456e-25
48,2.696871423536461e-25,1.0095264229927731e-22,1.7623131942862261e-25
49,2.585741016155212e-25,1.008256987477578e-22,1.6889893834896522e-25
50,2.4812158725084074e-25,1.0069893160188467e-22,1.620039075713987e-25
51,2.3827852510602516e-25,1.0057233993387254e-22,1.5551235080777203e-25
52,2.289986744083692e-25,1.0044592285831603e-22,1.4939360095470157e-25
53,2.2024008960082055e-25,1.0031967952899537e-22,1.436198425269664e-25
54,2.1196465077322617e-25,1.0019360913597965e-22,1.3816579968985022e-25
55,2.041376528794784e-25,1.0006771090299513e-22,1.3300846336655581e-25
56,1.9672744548039922e-25,9.994198408502964e-23,1.281268519281058e-25
57,1.8970511603510454e-25,9.981642796614878e-23,1.2350180082645599e-25
58,1.8304421082889346e-25,9.969104185750068e-23,1.1911577724009072e-25
59,1.767204885133346e-25,9.956582509549146e-23,1.149527163917108e-25
60,1.7071170197621847e-25,9.944077704011307e-23,1.1099787669108837e-25
61,1.6499740488128026e-25,9.931589707340875e-23,1.0723771126995849e-25
62,1.595587797409853e-25,9.919118459806317e-23,1.0365975382386225e-25
63,1.543784848272114e-25,9.906663903610465e-23,1.0025251696946135e-25
64,1.4944051759822287e-25,9.894225982770915e-23,9.700540157423167e-26
65,1.4473009263724375e-25,9.8818046430097e-23,9.390861572615541e-26
66,1.4023353236750813e-25,9.869399831651295e-23,9.095310219025933e-26
67,1.359381690385647e-25,9.857011497528302e-23,8.813047335168706e-26
68,1.3183225667515798e-25,9.844639590894079e-23,8.543295277565864e-26
69,1.2790489184845679e-25,9.832284063341709e-23,8.285332262664697e-26
70,1.2414594227409895e-25,9.8199448677288e-23,8.038487628528742e-26
71,1.2054598236610576e-25,9.807621958107555e-23,7.802137558434823e-26
72,1.1709623498322244e-25,9.795315289659753e-23,7.575701215654319e-26
73,1.1378851869720097e-25,9.783024818636161e-23,7.358637244875286e-26
74,1.1061519999309785e-25,9.770750502300061e-23,7.150440601075874e-26
75,1.0756914988160304e-25,9.758492298874554e-23,6.950639671307785e-26
76,1.0464370446426951e-25,9.746250167493306e-23,6.758793658892501e-26
77,1.0183262904555646e-25,9.734024068154563e-23,6.574490203057734e-26
78,9.913008543191941e-26,9.721813961678026e-23,6.397343210119552e-26
79,9.653060209870907e-26,9.709619809664547e-23,6.226990875008486e-26
80,9.402904694115549e-26,9.697441574458283e-23,6.063093874297594e-26
81,9.162060235689763e-26,9.685279219111221e-23,5.905333713962272e-26
82,8.93007424349381e-26,9.673132707349851e-23,5.753411216923222e-26
83,8.706521205005637e-26,9.661002003543856e-23,5.607045137028553e-26
84,8.491000768302108e-26,9.648887072676663e-23,5.46597088754645e-26
85,8.283135980577107e-26,9.636787880317727e-23,5.329939373490554e-26
86,8.082571668739462e-26,9.624704392596421e-23,5.198715918206799e-26
87,7.888972949150358e-26,9.612636576177436e-23,5.072079275631285e-26
88,7.702023854870248e-26,9.600584398237555e-23,4.949820720499065e-26
89,7.521426069950099e-26,9.588547826443777e-23,4.831743209557272e-26
90,7.346897761338263e-26,9.576526828932592e-23,4.7176606075244116e-26
91,7.178172499898094e-26,9.564521374290447e-23,4.6073969721510354e-26
92,7.014998262855702e-26,9.552531431535237e-23,4.500785893284439e-26
93,6.85713651073378e-26,9.540556970098821e-23,4.3976698813290373e-26
94,6.704361332486256e-26,9.528597959810429e-23,4.2978998009315675e-26
95,6.556458653138787e-26,9.516654370880976e-23,4.2013343461121066e-26
96,6.413225498769255e-26,9.504726173888155e-23,4.107839553413261e-26
97,6.274469314137717e-26,9.492813339762344e-23,4.017288349955359e-26
98,6.140007328702227e-26,9.480915839773172e-23,3.9295601335689815e-26
99,6.009665967141456e-26,9.469033645516817e-23,3.8445403824313466e-26
100,5.883280300851145e-26,9.457166728903893e-23,3.7621202918628643e-26
101,5.760693537193758e-26,9.445315062147959e-23,3.6821964361474336e-26
102,5.641756543562579e-26,9.433478617754594e-23,3.604670453427192e-26
103,5.526327403576213e-26,9.421657368510968e-23,3.5294487518914446e-26
104,5.414271002949984e-26,9.409851287475952e-23,3.456442235632506e-26
105,5.305458642799318e-26,9.398060347970673e-23,3.3855660486796374e-26
106,5.199767678319439e-26,9.386284523569509e-23,3.3167393358477905e-26
107,5.0970811809572655e-26,9.37452378809152e-23,3.249885019151769e-26
108,4.997287622347261e-26,9.362778115592276e-23,3.1849295886398e-26
109,4.900280578424654e-26,9.351047480356016e-23,3.121802906594519e-26
110,4.805958452258338e-26,9.33933185688822e-23,3.0604380241348693e-26
111,4.714224214263074e-26,9.327631219908476e-23,3.000771009330283e-26
112,4.6249851585576275e-26,9.315945544343678e-23,2.9427407860094586e-26
113,4.538152674332968e-26,9.304274805321506e-23,2.8862889825107586e-26
114,4.453642031183795e-26,9.292618978164211e-23,2.831359789680353e-26
115,4.371372177437956e-26,9.280978038382656e-23,2.77789982747819e-26
116,4.291265550592776e-26,9.269351961670626e-23,2.7258580196012326e-26
117,4.213247899035384e-26,9.257740723899352e-23,2.675185475578557e-26
118,4.137248114286497e-26,9.246144301112288e-23,2.625835379834283e-26
119,4.063198073064271e-26,9.234562669520101e-23,2.5777628872521814e-26
120,3.9910324885172595e-26,9.222995805495871e-23,2.5309250248106165e-26
121,3.9206887700236105e-26,9.211443685570468e-23,2.485280598888314e-26
122,3.852106890997897e-26,9.199906286428146e-23,2.4407901078708543e-26
123,3.7852292641875305e-26,9.188383584902298e-23,2.3974156597146303e-26
124,3.720000623978139e-26,9.176875557971366e-23,2.3551208941498765e-26
125,3.6563679152616807e-26,9.165382182754951e-23,2.3138709092271136e-26
126,3.5942801884527303e-26,9.153903436510037e-23,2.2736321919324219e-26
127,3.533688500267624e-26,9.142439296627391e-23,2.2343725526162705e-26
128,3.4745458199080575e-26,9.130989740628073e-23,2.1960610629985315e-26
129,3.416806940315631e-26,9.119554746160121e-23,2.1586679975287633e-26
130,3.360428394186746e-26,9.10813429099531e-23,2.1221647778960714e-26
131,3.3053683744585594e-26,9.096728353026078e-23,2.0865239204969426e-26
132,3.2515866589962405e-26,9.085336910262544e-23,2.051718986682421e-26
133,3.199044539229995e-26,9.073959940829644e-23,2.0177245356180556e-26
134,3.147704752507092e-26,9.062597422964367e-23,1.9845160796011743e-26
135,3.09753141793972e-26,9.051249335013092e-23,1.952070041690356e-26
136,3.0484899755439245e-26,9.039915655429029e-23,1.920363715511543e-26
137,3.000547128478259e-26,9.028596362769753e-23,1.8893752271141042e-26
138,2.9536707882032055e-26,9.0172914356948e-23,1.8590834987583758e-26
139,2.907830022393957e-26,9.006000852963393e-23,1.8294682145238682e-26
140,2.8629950054498544e-26,8.994724593432208e-23,1.8005097876343997e-26
141,2.819136971453726e-26,8.983462636053239e-23,1.7721893294030312e-26
142,2.7762281694436566e-26,8.972214959871724e-23,1.7444886197058001e-26
143,2.7342418208682985e-26,8.960981544024154e-23,1.7173900788989647e-26
144,2.693152079104877e-26,8.949762367736352e-23,1.6908767410997696e-26
145,2.6529339909264924e-26,8.938557410321594e-23,1.6649322287557015e-26
146,2.613563459812308e-26,8.927366651178814e-23,1.6395407284318128e-26
147,2.5750172110006692e-26,8.916190069790875e-23,1.614686967749979e-26
148,2.5372727581912733e-26,8.90502764572287e-23,1.5903561934179685e-26
149,2.5003083718081503e-26,8.893879358620504e-23,1.566534150289951e-26
150,2.4641030487404835e-26,8.882745188208521e-23,1.5432070614035472e-26
151,2.4286364834832302e-26,8.871625114289164e-23,1.5203616089417953e-26
152,2.3938890406041098e-26,8.860519116740727e-23,1.4979849160714577e-26
153,2.3598417284678087e-26,8.8494271755161e-23,1.4760645296119256e-26
154,2.3264761741523034e-26,8.838349270641404e-23,1.4545884034916688e-26
155,2.293774599495955e-26,8.827285382214644e-23,1.4335448829516473e-26
156,2.2617197982175508e-26,8.816235490404418e-23,1.412922689457449e-26
157,2.2302951140547817e-26,8.805199575448655e-23,1.392710906284099e-26
158,2.199484419869731e-26,8.794177617653394e-23,1.372898964739542e-26
159,2.1692720976728543e-26,8.783169597391611e-23,1.353476630994703e-26
160,2.1396430195196472e-26,8.772175495102066e-23,1.3344339934898482e-26
161,2.1105825292367523e-26,8.761195291288198e-23,1.3157614508886477e-26
162,2.082076424936646e-26,8.750228966517038e-23,1.2974497005529323e-26
163,2.0541109422823036e-26,8.739276501418182e-23,1.279489727512611e-26
164,2.0266727384653408e-26,8.728337876682751e-23,1.2618727939066356e-26
165,1.999748876863129e-26,8.717413073062429e-23,1.2445904288721927e-26
166,1.973326812342224e-26,8.70650207136849e-23,1.2276344188605436e-26
167,1.947394377177237e-26,8.695604852470882e-23,1.2109967983590975e-26
168,1.9219397675558838e-26,8.684721397297314e-23,1.1946698410003871e-26
169,1.8969515306425388e-26,8.673851686832389e-23,1.1786460510396516e-26
170,1.872418552174058e-26,8.662995702116749e-23,1.1629181551836899e-26
171,1.8483300445630188e-26,8.652153424246239e-23,1.1474790947545651e-26
172,1.8246755354848323e-26,8.641324834371116e-23,1.1323220181725962e-26
173,1.8014448569263786e-26,8.630509913695265e-23,1.1174402737438745e-26
174,1.7786281346749986e-26,8.61970864347543e-23,1.1028274027383206e-26
175,1.7562157782277397e-26,8.608921005020479e-23,1.0884771327449995e-26
176,1.7341984711017924e-26,8.598146979690684e-23,1.0743833712920963e-26
177,1.7125671615280066e-26,8.587386548897021e-23,1.0605401997195965e-26
178,1.6913130535103084e-26,8.576639694100494e-23,1.0469418672933156e-26
179,1.670427598234681e-26,8.565906396811464e-23,1.0335827855494937e-26
180,1.6499024858122018e-26,8.555186638589003e-23,1.0204575228597053e-26
181,1.6297296373413926e-26,8.54448040104027e-23,1.0075607992063548e-26
182,1.6099011972758651e-26,8.533787665819898e-23,9.94887481159496e-27
183,1.5904095260839315e-26,8.5231084146294e-23,9.824325770461716e-27
184,1.5712471931875088e-26,8.512442629216582e-23,9.701912323039096e-27
185,1.5524069701682452e-26,8.501790291374979e-23,9.581587250104031e-27
186,1.5338818242293994e-26,8.4911513829433e-23,9.46330461581799e-27
187,1.5156649119025355e-26,8.480525885804907e-23,9.347019726323785e-27
188,1.497749572988629e-26,8.469913781887269e-23,9.23268908988759e-27
189,1.4801293247236757e-26,8.459315053161461e-23,9.120270378520748e-27
190,1.4627978561593544e-26,8.448729681641665e-23,9.009722391019012e-27
191,1.445749022749752e-26,8.438157649384689e-23,8.901005017359852e-27
192,1.428976841135561e-26,8.427598938489474e-23,8.794079204401168e-27
193,1.412475484117585e-26,8.417053531096665e-23,8.688906922827461e-27
194,1.3962392758117388e-26,8.406521409388123e-23,8.585451135291953e-27
195,1.38026268697811e-26,8.3960025555865e-23,8.483675765705591e-27
196,1.3645403305169827e-26,8.385496951954821e-23,8.383545669626043e-27
197,1.3490669571250434e-26,8.375004580796046e-23,8.285026605702017e-27
198,1.3338374511053e-26,8.364525424452658e-23,8.188085208130177e-27
199,1.3188468263245475e-26,8.354059465306283e-23,8.092688960083958e-27
200,1.3040902223124663e-26,8.343606685777277e-23,7.998806168075315e-27
201,1.2895629004967338e-26,8.333167068324357e-23,7.906405937212266e-27
202,1.2752602405687515e-26,8.322740595444223e-23,7.815458147316706e-27
203,1.2611777369748511e-26,8.312327249671193e-23,7.72593342986851e-27
204,1.2473109955280571e-26,8.301927013576847e-23,7.637803145743543e-27
205,1.2336557301356988e-26,8.291539869769675e-23,7.551039363714494e-27
206,1.2202077596383831e-26,8.281165800894746e-23,7.465614839684914e-27
207,1.2069630047560123e-26,8.270804789633359e-23,7.381502996628028e-27
208,1.1939174851367418e-26,8.260456818702733e-23,7.29867790520325e-27
209,1.1810673165049294e-26,8.250121870855677e-23,7.217114265024324e-27
210,1.16840870790431e-26,8.23979992888028e-23,7.136787386554311e-27
211,1.1559379590327844e-26,8.229490975599617e-23,7.057673173603566e-27
212,1.1436514576653591e-26,8.219194993871426e-23,6.979748106407916e-27
213,1.1315456771619381e-26,8.208911966587851e-23,6.902989225265245e-27
214,1.1196171740567781e-26,8.198641876675116e-23,6.827374114709508e-27
215,1.1078625857265829e-26,8.188384707093279e-23,6.752880888202203e-27
216,1.0962786281343131e-26,8.178140440835934e-23,6.679488173322059e-27
217,1.0848620936459251e-26,8.16790906092996e-23,6.60717509743454e-27
218,1.0736098489173576e-26,8.157690550435245e-23,6.535921273823546e-27
219,1.0625188328492018e-26,8.147484892444437e-23,6.465706788268343e-27
220,1.0515860546065922e-26,8.137292070082689e-23,6.3965121860495585e-27
221,1.0408085917019535e-26,8.127112066507404e-23,6.328318459368615e-27
222,1.0301835881383428e-26,8.11694486490801e-23,6.261107035165722e-27
223,1.0197082526112042e-26,8.106790448505707e-23,6.1948597633220396e-27
224,1.0093798567664555e-26,8.096648800553243e-23,6.129558905232324e-27
225,9.991957335129e-27,8.086519904334685e-23,6.065187122734793e-27
226,9.891532753870354e-27,8.076403743165183e-23,6.001727467385563e-27
227,9.792499329684209e-27,8.066300300390774e-23,5.939163370065494e-27
228,9.694832133438163e-27,8.056209559388149e-23,5.87747863090771e-27
229,9.598506786183954e-27,8.046131503564442e-23,5.816657409534604e-27
230,9.503499444723933e-27,8.036066116357037e-23,5.756684215593508e-27
231,9.409786787616094e-27,8.026013381233355e-23,5.6975438995806644e-27
232,9.317346001602571e-27,8.015973281690655e-23,5.639221643943528e-27
233,9.226154768447012e-27,8.005945801255841e-23,5.581702954451824e-27
234,9.136191252166854e-27,7.995930923485266e-23,5.5249736518281226e-27
235,9.04743408664703e-27,7.98592863196455e-23,5.469019863629102e-27
236,8.959862363622192e-27,7.975938910308391e-23,5.4138280163689494e-27
237,8.873455621014938e-27,7.96596174216039e-23,5.359384827876715e-27
238,8.788193831618129e-27,7.955997111192865e-23,5.3056772998797285e-27
239,8.704057392109697e-27,7.946045001106669e-23,5.2526927108054786e-27
240,8.621027112388943e-27,7.93610539563105e-23,5.200418608794677e-27
241,8.539084205223492e-27,7.926178278523438e-23,5.14884280491842e-27
242,8.458210276196785e-27,7.916263633569317e-23,5.0979533665927525e-27
243,8.37838731394607e-27,7.90636144458204e-23,5.0477386111840384e-27
244,8.299597680681425e-27,7.896471695402675e-23,4.998187099798921e-27
245,8.221824102976605e-27,7.886594369899853e-23,4.949287631252778e-27
246,8.14504966282284e-27,7.876729451969605e-23,4.901029236210886e-27
247,8.069257788937083e-27,7.866876925535218e-23,4.8534011714966484e-27
248,7.994432248316474e-27,7.857036774547079e-23,4.806392914561496e-27
249,7.920557138031077e-27,7.847208982982523e-23,4.7599941581112424e-27
250,7.847616877247311e-27,7.837393534845716e-23,4.7141948048838706e-27
251,7.775596199474614e-27,7.827590414167472e-23,4.6689849625739e-27
252,7.704480145028342e-27,7.817799605005145e-23,4.62435493889867e-27
253,7.634254053701987e-27,7.80802109144248e-23,4.580295236802036e-27
254,7.564903557642126e-27,7.79825485758948e-23,4.5367965497911196e-27
255,7.49641457441974e-27,7.788500887582267e-23,4.493849757401943e-27
256,7.428773300291737e-27,7.77875916558296e-23,4.451445920789885e-27
257,7.36196620364676e-27,7.769029675779543e-23,4.409576278441068e-27
258,7.295980018629548e-27,7.759312402385731e-23,4.3682322420009105e-27
259,7.230801738938326e-27,7.749607329640861e-23,4.3274053922162004e-27
260,7.166418611789877e-27,7.73991444180975e-23,4.2870874749872e-27
261,7.102818132047175e-27,7.730233723182589e-23,4.2472703975263754e-27
262,7.039988036504564e-27,7.720565158074821e-23,4.207946224620499e-27
263,6.977916298325711e-27,7.710908730827012e-23,4.1691071749929514e-27
264,6.916591121629686e-27,7.701264425804757e-23,4.130745617763183e-27
265,6.856000936220673e-27,7.691632227398544e-23,4.092854069000385e-27
266,6.796134392457006e-27,7.682012120023657e-23,4.055425188368529e-27
267,6.736980356255316e-27,7.672404088120058e-23,4.018451775860012e-27
268,6.678527904225784e-27,7.662808116152285e-23,3.9819267686152676e-27
269,6.620766318934543e-27,7.653224188609335e-23,3.94584323782576e-27
270,6.5636850842895e-27,7.643652290004563e-23,3.910194385717888e-27
271,6.507273881045903e-27,7.634092404875586e-23,3.874973542615393e-27
272,6.451522582428108e-27,7.62454451778417e-23,3.8401741640779555e-27
273,6.396421249864161e-27,7.61500861331613e-23,3.805789828113738e-27
274,6.341960128829871e-27,7.605484676081229e-23,3.7718142324636876e-27
275,6.288129644799193e-27,7.59597269071309e-23,3.738241191955536e-27
276,6.234920399297828e-27,7.586472641869088e-23,3.705064635925431e-27
277,6.182323166057035e-27,7.576984514230256e-23,3.672278605705248e-27
278,6.1303288872647956e-27,7.567508292501198e-23,3.639877252173697e-27
279,6.078928669911495e-27,7.558043961409982e-23,3.6078548333693625e-27
280,6.028113782227449e-27,7.548591505708069e-23,3.576205712163918e-27
281,5.977875650209611e-27,7.539150910170198e-23,3.544924353993773e-27
282,5.928205854234965e-27,7.529722159594318e-23,3.51400532464851e-27
283,5.8790961257581165e-27,7.520305238801481e-23,3.483443288114475e-27
284,5.830538344090721e-27,7.510900132635773e-23,3.453233004471975e-27
285,5.782524533260428e-27,7.501506825964219e-23,3.423369327844559e-27
286,5.735046858947123e-27,7.49212530367669e-23,3.3938472043989314e-27
287,5.688097625494309e-27,7.48275555068584e-23,3.36466167039406e-27
288,5.6416692729935146e-27,7.473397551927002e-23,3.335807850278118e-27
289,5.5957543744397255e-27,7.464051292358119e-23,3.307280954831932e-27
290,5.550345632955848e-27,7.454716756959662e-23,3.279076279357627e-27
291,5.505435879084327e-27,7.445393930734543e-23,3.25118920191124e-27
292,5.461018068144055e-27,7.43608279870805e-23,3.2236151815780765e-27
293,5.4170852776507746e-27,7.426783345927752e-23,3.1963497567896457e-27
294,5.373630704799278e-27,7.41749555746344e-23,3.1693885436810236e-27
295,5.33064766400568e-27,7.408219418407038e-23,3.1427272344875605e-27
296,5.288129584508154e-27,7.39895491387253e-23,3.116361595979843e-27
297,5.2460700080245615e-27,7.389702028995894e-23,3.0902874679358864e-27
298,5.2044625864654225e-27,7.380460748935027e-23,3.064500761649553e-27
299,5.1633010797007405e-27,7.371231058869655e-23,3.0389974584742046e-27
300,5.122579353379277e-27,7.362012944001295e-23,3.013773608400674e-27
301,5.0822913767988084e-27,7.35280638955315e-23,2.988825328668605e-27
302,5.0424312208260915e-27,7.343611380770059e-23,2.9641488024102945e-27
303,5.002993055865149e-27,7.33442790291843e-23,2.939740277326161e-27
304,4.963971149872644e-27,7.325255941286158e-23,2.9155960643910115e-27
305,4.925359866419082e-27,7.31609548118257e-23,2.891712536590283e-27
306,4.8871536627946384e-27,7.306946507938344e-23,2.8680861276854782e-27
307,4.849347088158475e-27,7.297809006905467e-23,2.84471333100803e-27
308,4.811934781730348e-27,7.28868296345714e-23,2.8215906982808433e-27
309,4.774911471023482e-27,7.279568362987743e-23,2.798714838466801e-27
310,4.7382719701175756e-27,7.270465190912739e-23,2.7760824166435363e-27
311,4.702011177970962e-27,7.261373432668646e-23,2.753690152903774e-27
312,4.666124076770856e-27,7.252293073712948e-23,2.731534821280608e-27
313,4.630605730320767e-27,7.243224099524044e-23,2.709613248697045e-27
314,4.595451282464078e-27,7.234166495601184e-23,2.6879223139392136e-27
315,4.560655955542908e-27,7.225120247464409e-23,2.666458946652622e-27
316,4.526215048891335e-27,7.21608534065449e-23,2.6452201263608853e-27
317,4.492123937362126e-27,7.207061760732877e-23,2.6242028815063378e-27
318,4.458378069886101e-27,7.198049493281626e-23,2.6034042885119906e-27
319,4.424972968063347e-27,7.189048523903354e-23,2.5828214708642907e-27
320,4.391904224785451e-27,7.180058838221165e-23,2.5624515982161514e-27
321,4.359167502888e-27,7.171080421878621e-23,2.5422918855097564e-27
322,4.326758533832552e-27,7.162113260539654e-23,2.5223395921186323e-27
323,4.294673116417405e-27,7.153157339888531e-23,2.502592021008515e-27
324,4.262907115516399e-27,7.144212645629788e-23,2.483046517916547e-27
325,4.231456460845077e-27,7.135279163488181e-23,2.4637004705483306e-27
326,4.2003171457535376e-27,7.126356879208634e-23,2.4445513077924316e-27
327,4.169485226045307e-27,7.117445778556177e-23,2.4255964989518598e-27
328,4.1389568188216035e-27,7.108545847315894e-23,2.4068335529921514e-27
329,4.108728101350379e-27,7.099657071292879e-23,2.388260017805612e-27
330,4.078795309959517e-27,7.090779436312175e-23,2.369873479491349e-27
331,4.0491547389536155e-27,7.081912928218729e-23,2.3516715616507005e-27
332,4.0198027395537744e-27,7.073057532877326e-23,2.3336519246976776e-27
333,3.990735718859849e-27,7.064213236172564e-23,2.315812265184079e-27
334,3.961950138834596e-27,7.055380024008775e-23,2.2981503151389e-27
335,3.933442515309231e-27,7.046557882310002e-23,2.280663841421709e-27
336,3.9052094170098345e-27,7.03774679701992e-23,2.2633506450896457e-27
337,3.8772474646041616e-27,7.028946754101814e-23,2.246208560777722e-27
338,3.849553329768329e-27,7.020157739538518e-23,2.2292354560921063e-27
339,3.822123734272925e-27,7.011379739332362e-23,2.2124292310160794e-27
340,3.794955449088086e-27,7.002612739505136e-23,2.1957878173283648e-27
341,3.7680452935070826e-27,6.993856726098035e-23,2.1793091780335413e-27
342,3.741390134287992e-27,6.985111685171614e-23,2.1629913068042498e-27
343,3.714986884813017e-27,6.976377602805737e-23,2.1468322274349215e-27
344,3.688832504265055e-27,6.967654465099541e-23,2.1308299933067478e-27
345,3.662923996821106e-27,6.958942258171379e-23,2.1149826868636477e-27
346,3.637258410862128e-27,6.950240968158782e-23,2.0992884190989534e-27
347,3.6118328381989635e-27,6.941550581218406e-23,2.0837453290525836e-27
348,3.586644413313966e-27,6.932871083526e-23,2.0683515833184507e-27
349,3.561690312617951e-27,6.924202461276347e-23,2.0531053755618704e-27
350,3.536967753722144e-27,6.915544700683233e-23,2.0380049260467384e-27
351,3.512473994724755e-27,6.906897787979392e-23,2.0230484811722602e-27
352,3.4882063335118685e-27,6.898261709416466e-23,2.0082343130190005e-27
353,3.464162107072308e-27,6.889636451264971e-23,1.993560718904047e-27
354,3.4403386908261596e-27,6.881021999814243e-23,1.9790260209450855e-27
355,3.416733497966653e-27,6.872418341372399e-23,1.9646285656331755e-27
356,3.393343978815087e-27,6.863825462266292e-23,1.9503667234140298e-27
357,3.370167620188517e-27,6.855243348841479e-23,1.9362388882776133e-27
358,3.347201944779912e-27,6.846671987462175e-23,1.922243477355865e-27
359,3.3244445105504875e-27,6.838111364511196e-23,1.9083789305283664e-27
360,3.301892910133978e-27,6.829561466389947e-23,1.894643710035774e-27
361,3.279544770252549e-27,6.821022279518358e-23,1.881036300100844e-27
362,3.257397751144099e-27,6.812493790334857e-23,1.8675552065568832e-27
363,3.235449546000712e-27,6.803975985296323e-23,1.854198956483455e-27
364,3.213697880417996e-27,6.795468850878048e-23,1.8409660978491833e-27
365,3.1921405118550816e-27,6.7869723735737e-23,1.827855199161498e-27
366,3.170775229105032e-27,6.778486539895279e-23,1.8148648491231667e-27
367,3.149599851775456e-27,6.770011336373084e-23,1.801993656295462e-27
368,3.1286122297790794e-27,6.76154674955567e-23,1.7892402487678263e-27
369,3.107810242834074e-27,6.753092766009813e-23,1.7766032738338826e-27
370,3.0871917999739173e-27,6.744649372320465e-23,1.7640813976736553e-27
371,3.066754839066599e-27,6.736216555090727e-23,1.751673305041878e-27
372,3.0464973263429398e-27,6.727794300941804e-23,1.7393776989622285e-27
373,3.0264172559338562e-27,6.719382596512965e-23,1.727193300427398e-27
374,3.0065126494163603e-27,6.710981428461513e-23,1.7151188481048368e-27
375,2.986781555368118e-27,6.70259078346275e-23,1.7031530980480766e-27
376,2.9672220489303677e-27,6.694210648209928e-23,1.691294823413495e-27
377,2.9478322313790413e-27,6.685841009414221e-23,1.679542814182417e-27
378,2.9286102297038967e-27,6.677481853804695e-23,1.667895876888428e-27
379,2.909554196195494e-27,6.669133168128256e-23,1.6563528343497995e-27
380,2.8906623080398616e-27,6.660794939149632e-23,1.64491252540691e-27
381,2.8719327669206684e-27,6.652467153651322e-23,1.6335738046645544e-27
382,2.8533637986287656e-27,6.644149798433571e-23,1.6223355422390483e-27
383,2.8349536526789295e-27,6.635842860314329e-23,1.611196623510017e-27
384,2.816700601933658e-27,6.627546326129225e-23,1.6001559488767703e-27
385,2.7986029422338695e-27,6.619260182731517e-23,1.589212433519174e-27
386,2.780658992036377e-27,6.610984416992075e-23,1.5783650071629225e-27
387,2.7628670920579682e-27,6.602719015799333e-23,1.5676126138491077e-27
388,2.745225604925979e-27,6.594463966059264e-23,1.5569542117080158e-27
389,2.727732914835214e-27,6.586219254695338e-23,1.5463887727370506e-27
390,2.710387427211087e-27,6.577984868648495e-23,1.535915282582696e-27
391,2.6931875683788538e-27,6.569760794877115e-23,1.5255327403264462e-27
392,2.676131785238804e-27,6.561547020356972e-23,1.5152401582746085e-27
393,2.659218544947303e-27,6.55334353208121e-23,1.5050365617519084e-27
394,2.642446334603556e-27,6.545150317060309e-23,1.494920988898814e-27
395,2.6258136609419778e-27,6.536967362322053e-23,1.4848924904725094e-27
396,2.6093190500300552e-27,6.528794654911492e-23,1.4749501296514302e-27
397,2.5929610469715965e-27,6.520632181890921e-23,1.4650929818433082e-27
398,2.5767382156152435e-27,6.512479930339835e-23,1.4553201344966294e-27
399,2.5606491382681597e-27,6.504337887354902e-23,1.4456306869154647e-27
400,2.544692415414777e-27,6.496206040049933e-23,1.4360237500775757e-27
401,2.5288666654405017e-27,6.488084375555853e-23,1.4264984464557541e-27
402,2.5131705243602824e-27,6.479972881020661e-23,1.4170539098423132e-27
403,2.497602645551941e-27,6.471871543609402e-23,1.4076892851766782e-27
404,2.4821616994941787e-27,6.463780350504144e-23,1.3984037283760083e-27
405,2.466846373509147e-27,6.455699288903934e-23,1.389196406168789e-27
406,2.451655371509514e-27,6.44762834602478e-23,1.3800664959313429e-27
407,2.4365874137499205e-27,6.439567509099604e-23,1.3710131855271916e-27
408,2.4216412365827502e-27,6.43151676537823e-23,1.362035673149217e-27
409,2.4068155922181226e-27,6.423476102127339e-23,1.3531331671645688e-27
410,2.3921092484880273e-27,6.415445506630451e-23,1.3443048859622586e-27
411,2.3775209886145183e-27,6.407424966187883e-23,1.3355500578033915e-27
412,2.3630496109818907e-27,6.399414468116722e-23,1.3268679206739818e-27
413,2.3486939289127635e-27,6.391413999750812e-23,1.3182577221403068e-27
414,2.3344527704479794e-27,6.383423548440692e-23,1.3097187192067366e-27
415,2.3203249781302713e-27,6.375443101553595e-23,1.3012501781760098e-27
416,2.3063094087916006e-27,6.367472646473411e-23,1.2928513745118918e-27
417,2.2924049333441043e-27,6.359512170600647e-23,1.2845215927041772e-27
418,2.278610436574587e-27,6.35156166135241e-23,1.27626012613599e-27
419,2.264924816942479e-27,6.343621106162374e-23,1.2680662769533368e-27
420,2.2513469863812055e-27,6.335690492480755e-23,1.2599393559368668e-27
421,2.2378758701028866e-27,6.327769807774272e-23,1.2518786823758021e-27
422,2.2245104064063206e-27,6.319859039526129e-23,1.2438835839439919e-27
423,2.2112495464881803e-27,6.311958175235985e-23,1.2359533965780511e-27
424,2.1980922542573554e-27,6.304067202419917e-23,1.2280874643575442e-27
425,2.1850375061523947e-27,6.296186108610404e-23,1.2202851393871743e-27
426,2.1720842909619796e-27,6.288314881356293e-23,1.2125457816809436e-27
427,2.159231609648371e-27,6.280453508222766e-23,1.2048687590482389e-27
428,2.1464784751737832e-27,6.272601976791323e-23,1.1972534469818159e-27
429,2.1338239123296195e-27,6.26476027465975e-23,1.189699228547639e-27
430,2.1212669575685177e-27,6.256928389442085e-23,1.1822054942765467e-27
431,2.108806658839162e-27,6.2491063087686e-23,1.1747716420577044e-27
432,2.0964420754237956e-27,6.241294020285768e-23,1.1673970770338131e-27
433,2.0841722777783944e-27,6.233491511656238e-23,1.160081211498042e-27
434,2.0719963473754504e-27,6.22569877055881e-23,1.1528234647926508e-27
435,2.0599133765493076e-27,6.217915784688398e-23,1.1456232632092718e-27
436,2.047922468344022e-27,6.21014254175602e-23,1.138480039890818e-27
437,2.0360227363636733e-27,6.202379029488754e-23,1.1313932347349951e-27
438,2.0242133046251113e-27,6.194625235629723e-23,1.1243622942993749e-27
439,2.012493307413069e-27,6.186881147938067e-23,1.1173866717080148e-27
440,2.000861889137609e-27,6.179146754188907e-23,1.110465826559585e-27
441,1.9893182041938686e-27,6.171422042173333e-23,1.1035992248369788e-27
442,1.977861416824038e-27,6.163706999698368e-23,1.0967863388183844e-27
443,1.9664907009815602e-27,6.156001614586945e-23,1.0900266469897804e-27
444,1.955205240197489e-27,6.148305874677879e-23,1.0833196339588383e-27
445,1.944004227448979e-27,6.140619767825847e-23,1.076664790370204e-27
446,1.9328868650298608e-27,6.13294328190135e-23,1.0700616128221295e-27
447,1.9218523644232763e-27,6.125276404790705e-23,1.0635096037844362e-27
448,1.9108999461763145e-27,6.117619124396001e-23,1.0570082715177814e-27
449,1.9000288397766422e-27,6.109971428635088e-23,1.050557129994206e-27
450,1.8892382835310646e-27,6.102333305441545e-23,1.0441556988189411e-27
451,1.878527524446e-27,6.094704742764652e-23,1.0378035031534478e-27
452,1.8678958181098287e-27,6.087085728569369e-23,1.0315000736396754e-27
453,1.8573424285770802e-27,6.079476250836312e-23,1.0252449463255027e-27
454,1.8468666282544337e-27,6.071876297561729e-23,1.0190376625913601e-27
455,1.8364676977884835e-27,6.064285856757462e-23,1.012877769077992e-27
456,1.8261449259552632e-27,6.056704916450941e-23,1.0067648176153536e-27
457,1.815897609551475e-27,6.049133464685155e-23,1.000698365152616e-27
458,1.8057250532873997e-27,6.041571489518603e-23,9.946779736892585e-28
459,1.7956265696814718e-27,6.03401897902531e-23,9.887032102072342e-28
460,1.7856014789564687e-27,6.026475921294772e-23,9.827736466041847e-28
461,1.775649108937301e-27,6.018942304431943e-23,9.768888596276882e-28
462,1.7657687949503723e-27,6.011418116557208e-23,9.710484308105236e-28
463,1.7559598797244766e-27,6.003903345806359e-23,9.652519464069293e-28
464,1.7462217132932158e-27,5.996397980330577e-23,9.594989973298445e-28
465,1.7365536528988983e-27,5.988902008296395e-23,9.537891790891097e-28
466,1.726955062897905e-27,5.981415417885686e-23,9.481220917306156e-28
467,1.717425314667492e-27,5.973938197295635e-23,9.424973397763807e-28
468,1.7079637865140027e-27,5.966470334738713e-23,9.369145321655413e-28
469,1.69856986358247e-27,5.959011818442653e-23,9.313732821962394e-28
470,1.6892429377675834e-27,5.951562636650432e-23,9.258732074683931e-28
471,1.679982407625995e-27,5.944122777620243e-23,9.204139298273338e-28
472,1.6707876782899445e-27,5.936692229625472e-23,9.149950753082937e-28
473,1.6616581613821767e-27,5.929270980954671e-23,9.096162740817332e-28
474,1.6525932749321393e-27,5.921859019911543e-23,9.04277160399489e-28
475,1.643592443293424e-27,5.914456334814918e-23,8.989773725417325e-28
476,1.634655097062442e-27,5.907062913998715e-23,8.937165527647231e-28
477,1.6257806729983084e-27,5.899678745811933e-23,8.884943472493415e-28
478,1.61696861394392e-27,5.892303818618636e-23,8.833104060503957e-28
479,1.608218368748192e-27,5.884938120797903e-23,8.781643830466759e-28
480,1.5995293921894543e-27,5.87758164074383e-23,8.73055935891759e-28
481,1.590901144899973e-27,5.870234366865497e-23,8.679847259655379e-28
482,1.5823330932915833e-27,5.862896287586945e-23,8.6295041832647e-28
483,1.5738247094824149e-27,5.85556739134715e-23,8.579526816645334e-28
484,1.5653754712246957e-27,5.848247666600014e-23,8.529911882548754e-28
485,1.5569848618336043e-27,5.840937101814325e-23,8.480656139121412e-28
486,1.5486523701171687e-27,5.833635685473748e-23,8.431756379454786e-28
487,1.5403774903071838e-27,5.826343406076799e-23,8.383209431141988e-28
488,1.532159721991131e-27,5.819060252136812e-23,8.335012155840844e-28
489,1.5239985700450909e-27,5.811786212181933e-23,8.287161448843417e-28
490,1.515893544567626e-27,5.804521274755092e-23,8.23965423865173e-28
491,1.5078441608146154e-27,5.797265428413971e-23,8.19248748655972e-28
492,1.4998499391350377e-27,5.790018661730999e-23,8.145658186241215e-28
493,1.4919104049076702e-27,5.782780963293317e-23,8.09916336334391e-28
494,1.4840250884787032e-27,5.77555232170276e-23,8.053000075089216e-28
495,1.4761935251002473e-27,5.768332725575836e-23,8.007165409877848e-28
496,1.4684152548697214e-27,5.761122163543704e-23,7.961656486901132e-28
497,1.460689822670106e-27,5.753920624252153e-23,7.91647045575789e-28
498,1.453016778111048e-27,5.746728096361575e-23,7.871604496076804e-28
499,1.4453956754708055e-27,5.73954456854695e-23,7.827055817144202e-28
500,1.4378260736390151e-27,5.732370029497822e-23,7.782821657537171e-28
501,1.430307536060271e-27,5.725204467918275e-23,7.738899284761879e-28
502,1.4228396306785036e-27,5.718047872526918e-23,7.695285994897065e-28
503,1.41542192988214e-27,5.710900232056853e-23,7.651979112242592e-28
504,1.4080540104500426e-27,5.703761535255667e-23,7.608975988972973e-28
505,1.4007354534982019e-27,5.696631770885397e-23,7.566274004795806e-28
506,1.3934658444271828e-27,5.689510927722519e-23,7.523870566615048e-28
507,1.3862447728703044e-27,5.682398994557926e-23,7.481763108199018e-28
508,1.3790718326425454e-27,5.6752959601969e-23,7.43994908985307e-28
509,1.3719466216901598e-27,5.668201813459092e-23,7.398425998096873e-28
510,1.364868742041001e-27,5.661116543178514e-23,7.357191345346231e-28
511,1.3578377997555292e-27,5.654040138203499e-23,7.316242669599314e-28
512,1.3508534048785021e-27,5.646972587396691e-23,7.275577534127299e-28
513,1.3439151713913362e-27,5.639913879635029e-23,7.235193527169338e-28
514,1.3370227171651225e-27,5.632864003809712e-23,7.19508826163172e-28
515,1.3301756639142931e-27,5.625822948826186e-23,7.155259374791261e-28
516,1.3233736371509269e-27,5.618790703604128e-23,7.115704528002772e-28
517,1.3166162661396803e-27,5.611767257077418e-23,7.076421406410594e-28
518,1.3099031838533382e-27,5.604752598194121e-23,7.037407718664111e-28
519,1.3032340269289727e-27,5.597746715916465e-23,6.998661196637161e-28
520,1.2966084356247034e-27,5.590749599220827e-23,6.960179595151356e-28
521,1.290026053777042e-27,5.583761237097701e-23,6.9219606917031485e-28
522,1.2834865287588249e-27,5.576781618551691e-23,6.884002286194674e-28
523,1.2769895114377114e-27,5.569810732601477e-23,6.846302200668259e-28
524,1.270534656135248e-27,5.562848568279806e-23,6.808858279044559e-28
525,1.264121620586487e-27,5.555895114633467e-23,6.771668386864269e-28
526,1.2577500659001494e-27,5.548950360723271e-23,6.734730411033342e-28
527,1.2514196565193256e-27,5.542014295624032e-23,6.698042259571667e-28
528,1.2451300601827052e-27,5.535086908424544e-23,6.661601861365156e-28
529,1.23888094788633e-27,5.528168188227565e-23,6.625407165921186e-28
530,1.2326719938458559e-27,5.521258124149796e-23,6.589456143127353e-28
531,1.2265028754593239e-27,5.514356705321859e-23,6.553746783013443e-28
532,1.220373273270425e-27,5.507463920888271e-23,6.518277095516654e-28
533,1.214282870932262e-27,5.50057976000745e-23,6.483045110249938e-28
534,1.2082313551715836e-27,5.493704211851661e-23,6.4480488762734545e-28
535,1.202218415753502e-27,5.486837265607017e-23,6.413286461869091e-28
536,1.1962437454466767e-27,5.47997891047345e-23,6.378755954317991e-28
537,1.190307039988959e-27,5.473129135664711e-23,6.344455459681048e-28
538,1.1844079980534872e-27,5.466287930408315e-23,6.310383102582317e-28
539,1.1785463212152362e-27,5.459455283945555e-23,6.276537025995308e-28
540,1.1727217139180019e-27,5.452631185531465e-23,6.2429153910321255e-28
541,1.1669338834418221e-27,5.445815624434805e-23,6.209516376735366e-28
542,1.161182539870824e-27,5.439008589938043e-23,6.176338179872802e-28
543,1.1554673960614942e-27,5.43221007133733e-23,6.143379014734756e-28
544,1.1497881676113627e-27,5.425420057942491e-23,6.110637112934146e-28
545,1.1441445728280956e-27,5.418638539076996e-23,6.0781107232091525e-28
546,1.1385363326989898e-27,5.411865504077941e-23,6.045798111228488e-28
547,1.1329631708608671e-27,5.40510094229604e-23,6.013697559399212e-28
548,1.127424813570356e-27,5.398344843095587e-23,5.981807366677041e-28
549,1.1219209896745618e-27,5.391597195854458e-23,5.950125848379175e-28
550,1.1164514305821118e-27,5.384857989964078e-23,5.918651335999511e-28
551,1.1110158702345804e-27,5.378127214829408e-23,5.887382177026305e-28
552,1.105614045078276e-27,5.37140485986892e-23,5.8563167347621745e-28
553,1.1002456940363964e-27,5.364690914514583e-23,5.82545338814644e-28
554,1.0949105584815385e-27,5.357985368211844e-23,5.794790531579772e-28
555,1.0896083822085628e-27,5.351288210419609e-23,5.76432657475109e-28
556,1.0843389114078033e-27,5.344599430610224e-23,5.73405994246671e-28
557,1.0791018946386198e-27,5.337919018269449e-23,5.703989074481665e-28
558,1.0738970828032914e-27,5.331246962896459e-23,5.674112425333232e-28
559,1.0687242291212354e-27,5.3245832540038e-23,5.644428464176545e-28
560,1.0635830891035604e-27,5.31792788111739e-23,5.614935674622353e-28
561,1.058473420527939e-27,5.311280833776487e-23,5.585632554576836e-28
562,1.0533949834138e-27,5.304642101533683e-23,5.556517616083463e-28
563,1.0483475399978331e-27,5.298011673954874e-23,5.527589385166867e-28
564,1.0433308547098049e-27,5.291389540619255e-23,5.498846401678702e-28
565,1.0383446941486755e-27,5.284775691119279e-23,5.470287219145464e-28
566,1.0333888270590223e-27,5.2781701150606644e-23,5.441910404618235e-28
567,1.0284630243077529e-27,5.271572802062364e-23,5.413714538524328e-28
568,1.023567058861114e-27,5.2649837417565433e-23,5.385698214520805e-28
569,1.0187007057619866e-27,5.258402923788568e-23,5.357860039349842e-28
570,1.0138637421074659e-27,5.2518303378169865e-23,5.330198632695918e-28
571,1.0090559470267194e-27,5.2452659735135056e-23,5.3027126270447915e-28
572,1.0042771016591227e-27,5.2387098205629834e-23,5.275400667544254e-28
573,9.995269891326639e-28,5.232161868663396e-23,5.248261411866621e-28
574,9.948053945426191e-28,5.225622107525834e-23,5.22129353007294e-28
575,9.901121049304908e-28,5.2190905268744734e-23,5.194495704478899e-28
576,9.854469092632067e-28,5.212567116446566e-23,5.167866629522415e-28
577,9.808095984125744e-28,5.206051865992414e-23,5.141405011632833e-28
578,9.761999651349924e-28,5.1995447652753614e-23,5.115109569101798e-28
579,9.716178040514053e-28,5.193045804071762e-23,5.088979031955691e-28
580,9.670629116275126e-28,5.186554972170978e-23,5.063012141829659e-28
581,9.625350861542124e-28,5.180072259375351e-23,5.037207651843202e-28
582,9.580341277282898e-28,5.173597655500184e-23,5.011564326477283e-28
583,9.535598382333406e-28,5.167131150373733e-23,4.986080941452971e-28
584,9.491120213209248e-28,5.16067273383718e-23,4.960756283611557e-28
585,9.446904823919534e-28,5.154222395744618e-23,4.93558915079615e-28
586,9.402950285782984e-28,5.147780125963036e-23,4.910578351734723e-28
587,9.359254687246293e-28,5.141345914372298e-23,4.8857227059245925e-28
588,9.31581613370466e-28,5.134919750865126e-23,4.8610210435183005e-28
589,9.272632747324519e-28,5.1285016253470854e-23,4.8364722052108985e-28
590,9.2297026668684e-28,5.1220915277365654e-23,4.812075042128592e-28
591,9.187024047521897e-28,5.1156894479647577e-23,4.787828415718755e-28
592,9.144595060722729e-28,5.1092953759756466e-23,4.763731197641251e-28
593,9.102413893991845e-28,5.102909301725986e-23,4.739782269661112e-28
594,9.060478750766573e-28,5.0965312151852846e-23,4.7159805235424695e-28
595,9.018787850235747e-28,5.090161106335787e-23,4.692324860943798e-28
596,8.977339427176818e-28,5.083798965172459e-23,4.668814193314414e-28
597,8.936131731794908e-28,5.077444781702965e-23,4.645447441792213e-28
598,8.895163029563788e-28,5.071098545947657e-23,4.62222353710264e-28
599,8.854431601068742e-28,5.0647602479395564e-23,4.5991414194588785e-28
600,8.813935741851286e-28,5.0584298777243296e-23,4.576200038463217e-28
601,8.773673762255763e-28,5.0521074253602796e-23,4.553398353009621e-28
602,8.733643987277728e-28,5.045792880918327e-23,4.530735331187444e-28
603,8.693844756414124e-28,5.0394862344819887e-23,4.5082099501863005e-28
604,8.654274423515251e-28,5.0331874761473654e-23,4.485821196202061e-28
605,8.614931356638454e-28,5.026896596023124e-23,4.463568064343977e-28
606,8.575813937903543e-28,5.0206135842304736e-23,4.441449558542897e-28
607,8.536920563349924e-28,5.014338430903163e-23,4.419464691460569e-28
608,8.498249642795381e-28,5.0080711261874507e-23,4.397612484400023e-28
609,8.459799599696528e-28,5.00181166024209e-23,4.375891967217014e-28
610,8.421568871010901e-28,4.995560023238321e-23,4.354302178232485e-28
611,8.38355590706063e-28,4.9893162053598405e-23,4.332842164146094e-28
612,8.345759171397744e-28,4.9830801968028016e-23,4.311510979950741e-28
613,8.308177140670982e-28,4.976851987775773e-23,4.290307688848084e-28
614,8.270808304494236e-28,4.970631568499756e-23,4.269231362165071e-28
615,8.233651165316419e-28,4.964418929208128e-23,4.248281079271431e-28
616,8.196704238292945e-28,4.9582140601466647e-23,4.227455927498131e-28
617,8.159966051158598e-28,4.9520169515734915e-23,4.20675500205679e-28
618,8.12343514410195e-28,4.9458275937590905e-23,4.18617740596002e-28
619,8.087110069641166e-28,4.9396459769862674e-23,4.165722249942711e-28
620,8.050989392501273e-28,4.933472091550143e-23,4.145388652384201e-28
621,8.015071689492834e-28,4.927305927758138e-23,4.125175739231384e-28
622,7.979355549392004e-28,4.921147475929952e-23,4.1050826439226665e-28
623,7.943839572821959e-28,4.914996726397545e-23,4.0851085073128455e-28
624,7.90852237213571e-28,4.9088536695051363e-23,4.0652524775988135e-28
625,7.873402571300199e-28,4.902718295609162e-23,4.045513710246149e-28
626,7.838478805781781e-28,4.8965905950782815e-23,4.0258913679165327e-28
627,7.803749722432965e-28,4.890470558293353e-23,4.0063846203960027e-28
628,7.769213979380453e-28,4.8843581756474136e-23,3.986992644524033e-28
629,7.7348702459144665e-28,4.878253437545669e-23,3.967714624123428e-28
630,7.7007172023793e-28,4.872156334405475e-23,3.9485497499309995e-28
631,7.666753540065132e-28,4.866066856656319e-23,3.9294972195290672e-28
632,7.6329779611010515e-28,4.859984994739809e-23,3.9105562372777046e-28
633,7.599389178349291e-28,4.8539107391096467e-23,3.8917260142477738e-28
634,7.565985915300657e-28,4.84784408023163e-23,3.8730057681547254e-28
635,7.532766905971123e-28,4.8417850085836183e-23,3.8543947232931372e-28
636,7.499730894799595e-28,4.835733514655525e-23,3.835892110471998e-28
637,7.46687663654682e-28,4.829689588949302e-23,3.8174971669507287e-28
638,7.434202896195421e-28,4.823653221978919e-23,3.799209136375913e-28
639,7.401708448851063e-28,4.817624404270356e-23,3.7810272687187576e-28
640,7.369392079644699e-28,4.811603126361575e-23,3.7629508202132444e-28
641,7.337252583635929e-28,4.805589378802517e-23,3.74497905329498e-28
642,7.305288765717422e-28,4.7995831521550766e-23,3.7271112365407328e-28
643,7.2734994405203935e-28,4.79358443699309e-23,3.70934664460865e-28
644,7.241883432321148e-28,4.787593223902317e-23,3.691684558179139e-28
645,7.210439574948647e-28,4.7816095034804316e-23,3.674124263896409e-28
646,7.17916671169309e-28,4.775633266336996e-23,3.6566650543106676e-28
647,7.148063695215532e-28,4.769664503093457e-23,3.6393062278209664e-28
648,7.117129387458459e-28,4.763703204383114e-23,3.6220470886186634e-28
649,7.086362659557387e-28,4.757749360851122e-23,3.6048869466315403e-28
650,7.055762391753404e-28,4.7518029631544606e-23,3.587825117468512e-28
651,7.025327473306683e-28,4.7458640019619256e-23,3.5708609223649665e-28
652,6.995056802410948e-28,4.739932467954112e-23,3.553993688128708e-28
653,6.964949286108868e-28,4.734008351823402e-23,3.5372227470864863e-28
654,6.935003840208374e-28,4.728091644273943e-23,3.520547437031126e-28
655,6.905219389199894e-28,4.722182336021634e-23,3.5039671011692263e-28
656,6.87559486617449e-28,4.716280417794111e-23,3.487481088069453e-28
657,6.846129212742883e-28,4.7103858803307335e-23,3.4710887516113824e-28
658,6.816821378955358e-28,4.704498714382568e-23,3.4547894509349086e-28
659,6.787670323222536e-28,4.6986189107123674e-23,3.4385825503902127e-28
660,6.758675012237007e-28,4.692746460094562e-23,3.4224674194882687e-28
661,6.72983442089581e-28,4.686881353315242e-23,3.4064434328518945e-28
662,6.701147532223748e-28,4.68102358117214e-23,3.3905099701673362e-28
663,6.672613337297535e-28,4.675173134474623e-23,3.3746664161363786e-28
664,6.644230835170745e-28,4.669330004043663e-23,3.3589121604289725e-28
665,6.6159990327995925e-28,4.663494180711837e-23,3.3432465976363816e-28
666,6.587916944969485e-28,4.6576656553233016e-23,3.3276691272248378e-28
667,6.55998359422238e-28,4.651844418733782e-23,3.3121791534896856e-28
668,6.53219801078491e-28,4.64603046181056e-23,3.296776085510036e-28
669,6.504559232497273e-28,4.640223775432445e-23,3.281459337103903e-28
670,6.477066304742904e-28,4.634424350489779e-23,3.266228326783828e-28
671,6.449718280378861e-28,4.628632177884403e-23,3.251082477712967e-28
672,6.422514219666983e-28,4.6228472485296554e-23,3.2360212176616732e-28
673,6.395453190205755e-28,4.617069553350346e-23,3.221043978964522e-28
674,6.368534266862925e-28,4.611299083282751e-23,3.206150198477811e-28
675,6.341756531708802e-28,4.6055358292745916e-23,3.1913393175375072e-28
676,6.315119073950283e-28,4.599779782285019e-23,3.1766107819176477e-28
677,6.288620989865563e-28,4.594030933284601e-23,3.1619640417891823e-28
678,6.26226138273955e-28,4.588289273255307e-23,3.147398551679254e-28
679,6.236039362799949e-28,4.5825547931904977e-23,3.132913770430908e-28
680,6.2099540471540055e-28,4.576827484094897e-23,3.1185091611632366e-28
681,6.184004559725947e-28,4.571107336984591e-23,3.104184191231948e-28
682,6.158190031195053e-28,4.5653943428870045e-23,3.089938332190338e-28
683,6.132509598934384e-28,4.559688492840894e-23,3.0757710597506906e-28
684,6.106962406950146e-28,4.5539897778963246e-23,3.061681853746078e-28
685,6.081547605821695e-28,4.548298189114657e-23,3.0476701980925613e-28
686,6.056264352642167e-28,4.542613717568535e-23,3.0337355807518016e-28
687,6.031111810959721e-28,4.536936354341873e-23,3.0198774936940474e-28
688,6.006089150719394e-28,4.531266090529838e-23,3.0060954328615197e-28
689,5.981195548205566e-28,4.5256029172388287e-23,2.9923888981321834e-28
690,5.956430185985019e-28,4.519946825586478e-23,2.9787573932838956e-28
691,5.93179225285057e-28,4.5142978067016165e-23,2.9652004259589162e-28
692,5.907280943765323e-28,4.5086558517242754e-23,2.9517175076288193e-28
693,5.882895459807461e-28,4.5030209518056666e-23,2.9383081535597363e-28
694,5.858635008115621e-28,4.4973930981081603e-23,2.924971882777982e-28
695,5.83449880183484e-28,4.4917722818052844e-23,2.9117082180360335e-28
696,5.810486060063038e-28,4.4861584940816953e-23,2.89851668577886e-28
697,5.786596007798075e-28,4.4805517261331755e-23,2.885396816110603e-28
698,5.762827875885325e-28,4.474951969166613e-23,2.872348142761602e-28
699,5.739180900965809e-28,4.469359214399988e-23,2.8593702030557603e-28
700,5.71565432542484e-28,4.463773453062357e-23,2.84646253787825e-28
701,5.692247397341207e-28,4.45819467639384e-23,2.8336246916435457e-28
702,5.668959370436873e-28,4.4526228756456064e-23,2.8208562122637916e-28
703,5.645789504027182e-28,4.4470580420798614e-23,2.8081566511174954e-28
704,5.62273706297157e-28,4.4415001669698266e-23,2.795525563018532e-28
705,5.599801317624789e-28,4.4359492415997317e-23,2.7829625061854866e-28
706,5.576981543788616e-28,4.4304052572647975e-23,2.7704670422112876e-28
707,5.554277022664045e-28,4.42486820527122e-23,2.7580387360331684e-28
708,5.531687040803983e-28,4.4193380769361607e-23,2.745677155902926e-28
709,5.509210890066404e-28,4.413814863587726e-23,2.7333818733574875e-28
710,5.486847867567982e-28,4.4082985565649585e-23,2.721152463189777e-28
711,5.464597275638195e-28,4.4027891472178195e-23,2.7089885034198747e-28
712,5.442458421773895e-28,4.3972866269071816e-23,2.6968895752664726e-28
713,5.420430618594306e-28,4.391790987004796e-23,2.684855263118617e-28
714,5.398513183796521e-28,4.3863022188933034e-23,2.6728851545077415e-28
715,5.376705440111402e-28,4.380820313966203e-23,2.660978840079981e-28
716,5.355006715259939e-28,4.375345263627842e-23,2.6491359135687595e-28
717,5.333416341910054e-28,4.369877059293407e-23,2.6373559717676712e-28
718,5.311933657633812e-28,4.364415692388898e-23,2.6256386145036096e-28
719,5.290558004865085e-28,4.3589611543511274e-23,2.613983444610196e-28
720,5.269288730857617e-28,4.353513436627698e-23,2.6023900679014454e-28
721,5.248125187643519e-28,4.3480725306769954e-23,2.590858093145726e-28
722,5.227066731992165e-28,4.3426384279681635e-23,2.579387132039957e-28
723,5.206112725369501e-28,4.3372111199810996e-23,2.567976799184076e-28
724,5.185262533897766e-28,4.33179059820644e-23,2.556626712055758e-28
725,5.164515528315587e-28,4.3263768541455397e-23,2.5453364909853886e-28
726,5.143871083938498e-28,4.3209698793104666e-23,2.5341057591312866e-28
727,5.123328580619823e-28,4.315569665223983e-23,2.522934142455172e-28
728,5.102887402711954e-28,4.310176203419527e-23,2.511821269697881e-28
729,5.0825469390280185e-28,4.304789485441214e-23,2.500766772355315e-28
730,5.062306582803904e-28,4.2994095028438024e-23,2.4897702846546397e-28
731,5.042165731660673e-28,4.294036247192698e-23,2.4788314435307102e-28
732,5.022123787567334e-28,4.2886697100639247e-23,2.4679498886027306e-28
733,5.002180156803994e-28,4.2833098830441286e-23,2.457125262151155e-28
734,4.982334249925338e-28,4.277956757730549e-23,2.446357209094795e-28
735,4.962585481724497e-28,4.2726103257310054e-23,2.4356453769681787e-28
736,4.942933271197258e-28,4.267270578663894e-23,2.4249894158991123e-28
737,4.923377041506617e-28,4.2619375081581683e-23,2.4143889785864693e-28
738,4.903916219947679e-28,4.256611105853323e-23,2.4038437202782005e-28
739,4.884550237912898e-28,4.2512913633993836e-23,2.3933532987495587e-28
740,4.865278530857661e-28,4.2459782724568904e-23,2.382917374281532e-28
741,4.8461005382661925e-28,4.24067182469689e-23,2.372535609639492e-28
742,4.827015703617802e-28,4.235372011800916e-23,2.3622076700520507e-28
743,4.8080234743534435e-28,4.2300788254609764e-23,2.351933223190122e-28
744,4.789123301842609e-28,4.2247922573795414e-23,2.3417119391461863e-28
745,4.770314641350538e-28,4.2195122992695326e-23,2.3315434904137628e-28
746,4.751596952005736e-28,4.214238942854305e-23,2.321427551867072e-28
747,4.732969696767811e-28,4.208972179867634e-23,2.3113638007409037e-28
748,4.71443234239562e-28,4.203712002053703e-23,2.3013519166106774e-28
749,4.695984359415712e-28,4.1984584011670907e-23,2.2913915813726887e-28
750,4.677625222091086e-28,4.1932113689727594e-23,2.281482479224563e-28
751,4.65935440839023e-28,4.187970897246035e-23,2.2716242966458826e-28
752,4.641171399956478e-28,4.182736977772601e-23,2.261816722379006e-28
753,4.623075682077629e-28,4.1775096023484776e-23,2.252059447410073e-28
754,4.605066743655894e-28,4.1722887627800196e-23,2.2423521649501924e-28
755,4.5871440771780875e-28,4.167074450883888e-23,2.2326945704168083e-28
756,4.569307178686134e-28,4.1618666584870534e-23,2.22308636141525e-28
757,4.551555547747837e-28,4.156665377426768e-23,2.213527237720448e-28
758,4.533888687427926e-28,4.151470599550557e-23,2.2040169012588396e-28
759,4.51630610425939e-28,4.146282316716216e-23,2.1945550560904395e-28
760,4.498807308215063e-28,4.1411005207917787e-23,2.185141408391074e-28
761,4.481391812679491e-28,4.1359252036555177e-23,2.175775666434805e-28
762,4.464059134421065e-28,4.13075635719593e-23,2.1664575405764993e-28
763,4.446808793564399e-28,4.1255939733117156e-23,2.157186743234579e-28
764,4.429640313562989e-28,4.1204380439117733e-23,2.147962988873927e-28
765,4.412553221172118e-28,4.1152885609151815e-23,2.138785993988961e-28
766,4.395547046422013e-28,4.110145516251191e-23,2.129655477086863e-28
767,4.3786213225912605e-28,4.105008901859207e-23,2.120571158670969e-28
768,4.361775586180461e-28,4.099878709688774e-23,2.1115327612243167e-28
769,4.345009376886142e-28,4.0947549316995735e-23,2.1025400091933512e-28
770,4.328322237574901e-28,4.089637559861399e-23,2.0935926289717734e-28
771,4.311713714257799e-28,4.0845265861541475e-23,2.0846903488845564e-28
772,4.2951833560649885e-28,4.079422002567809e-23,2.075832899172097e-28
773,4.2787307152205715e-28,4.074323801102448e-23,2.0670200119745295e-28
774,4.262355347017709e-28,4.069231973768198e-23,2.058251421316175e-28
775,4.24605680979394e-28,4.0641465125852427e-23,2.049526863090144e-28
776,4.229834664906734e-28,4.059067409583803e-23,2.040846075043081e-28
777,4.213688476709285e-28,4.053994656804125e-23,2.03220879676005e-28
778,4.197617812526509e-28,4.048928246296474e-23,2.023614769649564e-28
779,4.181622242631274e-28,4.043868170121108e-23,2.0150637369287526e-28
780,4.165701340220846e-28,4.03881442034828e-23,2.0065554436086668e-28
781,4.149854681393547e-28,4.0337669890582095e-23,1.9980896364797232e-28
782,4.134081845125642e-28,4.028725868341083e-23,1.9896660640972793e-28
783,4.118382413248419e-28,4.023691050297036e-23,1.9812844767673467e-28
784,4.102755970425492e-28,4.018662527036138e-23,1.9729446265324357e-28
785,4.087202104130308e-28,4.013640290678382e-23,1.9646462671575296e-28
786,4.071720404623859e-28,4.008624333353672e-23,1.9563891541161897e-28
787,4.0563104649326e-28,4.0036146472018126e-23,1.9481730445767875e-28
788,4.040971880826563e-28,3.9986112243724905e-23,1.9399976973888668e-28
789,4.0257042507976777e-28,3.9936140570252653e-23,1.9318628730696268e-28
790,4.010507176038281e-28,3.988623137329556e-23,1.9237683337905345e-28
791,3.9953802604198316e-28,3.9836384574646325e-23,1.9157138433640559e-28
792,3.98032311047181e-28,3.978660009619595e-23,1.9076991672305132e-28
793,3.965335335360807e-28,3.973687785993365e-23,1.8997240724450585e-28
794,3.9504165468698194e-28,3.968721778794679e-23,1.8917883276647697e-28
795,3.9355663593777095e-28,3.963761980242068e-23,1.8838917031358605e-28
796,3.92078438983886e-28,3.958808382563841e-23,1.876033970681014e-28
797,3.906070257763024e-28,3.953860977998088e-23,1.8682149036868264e-28
798,3.891423585195333e-28,3.9489197587926525e-23,1.860434277091365e-28
799,3.876843996696509e-28,3.943984717205126e-23,1.8526918673718434e-28
800,3.862331119323232e-28,3.939055845502834e-23,1.844987452532404e-28
801,3.847884582608705e-28,3.934133135962825e-23,1.8373208120920166e-28
802,3.833504018543376e-28,3.9292165808718555e-23,1.8296917270724817e-28
803,3.81918906155584e-28,3.924306172526377e-23,1.8220999799865478e-28
804,3.804939348493916e-28,3.919401903232527e-23,1.8145453548261287e-28
805,3.7907545186058844e-28,3.914503765306116e-23,1.807027637050638e-28
806,3.7766342135218997e-28,3.909611751072616e-23,1.7995466135754173e-28
807,3.7625780772355583e-28,3.9047258528671397e-23,1.7921020727602752e-28
808,3.7485857560856426e-28,3.8998460630344393e-23,1.7846938043981339e-28
809,3.734656898738022e-28,3.8949723739288886e-23,1.777321599703765e-28
810,3.7207911561677107e-28,3.89010477791447e-23,1.76998525130264e-28
811,3.7069881816410925e-28,3.8852432673647686e-23,1.7626845532198717e-28
812,3.693247630698296e-28,3.8803878346629475e-23,1.755419300869259e-28
813,3.67956916113573e-28,3.8755384722017495e-23,1.7481892910424296e-28
814,3.6659524329887728e-28,3.870695172383477e-23,1.7409943218980782e-28
815,3.6523971085146113e-28,3.865857927619978e-23,1.7338341929513024e-28
816,3.638902852175238e-28,3.861026730332643e-23,1.7267087050630333e-28
817,3.6254693306205853e-28,3.8562015729523805e-23,1.7196176604295578e-28
818,3.612096212671824e-28,3.851382447919615e-23,1.7125608625721392e-28
819,3.5987831693047992e-28,3.84656934768427e-23,1.705538116326726e-28
820,3.585529873633612e-28,3.84176226470576e-23,1.6985492278337553e-28
821,3.5723360008943395e-28,3.836961191452966e-23,1.69159400452804e-28
822,3.559201228428922e-28,3.832166120404247e-23,1.6846722551287572e-28
823,3.5461252356691517e-28,3.8273770440474005e-23,1.6777837896295132e-28
824,3.533107704120838e-28,3.8225939548796713e-23,1.6709284192885027e-28
825,3.5201483173480895e-28,3.8178168454077283e-23,1.6641059566187568e-28
826,3.5072467609577386e-28,3.8130457081476557e-23,1.6573162153784696e-28
827,3.494402722583906e-28,3.808280535624944e-23,1.6505590105614172e-28
828,3.4816158918726907e-28,3.803521320374471e-23,1.6438341583874577e-28
829,3.468885960467003e-28,3.798768054940498e-23,1.6371414762931152e-28
830,3.456212621991516e-28,3.794020731876646e-23,1.6304807829222463e-28
831,3.443595572037768e-28,3.7892793437459034e-23,1.6238518981167885e-28
832,3.431034508149369e-28,3.784543883120594e-23,1.6172546429075916e-28
833,3.418529129807352e-28,3.779814342582372e-23,1.6106888395053253e-28
834,3.4060791384156456e-28,3.775090714722217e-23,1.60415431129147e-28
835,3.3936842372866756e-28,3.7703729921404117e-23,1.597650882809384e-28
836,3.3813441316270803e-28,3.765661167446536e-23,1.5911783797554492e-28
837,3.369058528523561e-28,3.760955233259453e-23,1.5847366289702972e-28
838,3.3568271369288486e-28,3.7562551822073e-23,1.5783254584301033e-28
839,3.344649667647789e-28,3.7515610069274744e-23,1.5719446972379663e-28
840,3.332525833323549e-28,3.7468727000666177e-23,1.5655941756153574e-28
841,3.320455348423944e-28,3.7421902542806155e-23,1.559273724893641e-28
842,3.3084379292278776e-28,3.7375136622345723e-23,1.552983177505677e-28
843,3.296473293811897e-28,3.7328429166028056e-23,1.5467223669774884e-28
844,3.284561162036871e-28,3.728178010068839e-23,1.540491127920003e-28
845,3.272701255534771e-28,3.723518935325382e-23,1.5342892960208686e-28
846,3.26089329769557e-28,3.7188656850743225e-23,1.5281167080363357e-28
847,3.2491370136542552e-28,3.7142182520267164e-23,1.521973201783212e-28
848,3.2374321302779446e-28,3.70957662890277e-23,1.515858616130886e-28
849,3.2257783761531195e-28,3.704940808431839e-23,1.5097727909934178e-28
850,3.21417548157296e-28,3.700310783352403e-23,1.5037155673217003e-28
851,3.2026231785247907e-28,3.695686546412067e-23,1.4976867870956849e-28
852,3.1911212006776347e-28,3.6910680903675415e-23,1.491686293316674e-28
853,3.1796692833698626e-28,3.686455407984632e-23,1.485713929999683e-28
854,3.1682671635969613e-28,3.681848492038231e-23,1.479769542165864e-28
855,3.156914579999391e-28,3.677247335312302e-23,1.4738529758349936e-28
856,3.1456112728505574e-28,3.6726519305998724e-23,1.4679640780180293e-28
857,3.134356984044874e-28,3.668062270703019e-23,1.4621026967097238e-28
858,3.12315145708593e-28,3.663478348432856e-23,1.4562686808813058e-28
859,3.111994437074758e-28,3.6589001566095274e-23,1.4504618804732223e-28
860,3.1008856706981984e-28,3.6543276880621874e-23,1.4446821463879408e-28
861,3.0898249062173616e-28,3.649760935628998e-23,1.4389293304828172e-28
862,3.078811893456189e-28,3.6451998921571146e-23,1.433203285563016e-28
863,3.0678463837901023e-28,3.6406445505026717e-23,1.4275038653745e-28
864,3.0569281301347584e-28,3.636094903530774e-23,1.4218309245970702e-28
865,3.0460568869348898e-28,3.6315509441154845e-23,1.4161843188374727e-28
866,3.0352324101532374e-28,3.627012665139812e-23,1.4105639046225572e-28
867,3.0244544572595845e-28,3.622480059495704e-23,1.4049695393924977e-28
868,3.0137227872198703e-28,3.617953120084028e-23,1.3994010814940663e-28
869,3.003037160485403e-28,3.613431839814568e-23,1.3938583901739682e-28
870,2.992397338982154e-28,3.608916211606005e-23,1.3883413255722265e-28
871,2.981803086100149e-28,3.604406228385914e-23,1.38284974871563e-28
872,2.971254166682945e-28,3.5999018830907485e-23,1.3773835215112298e-28
873,2.960750347017184e-28,3.595403168665827e-23,1.3719425067398927e-28
874,2.950291394822249e-28,3.590910078065324e-23,1.3665265680499086e-28
875,2.939877079239996e-28,3.586422604252263e-23,1.3611355699506517e-28
876,2.929507170824569e-28,3.5819407401984974e-23,1.3557693778062926e-28
877,2.919181441532306e-28,3.577464478884705e-23,1.3504278578295658e-28
878,2.9088996647117182e-28,3.572993813300371e-23,1.3451108770755856e-28
879,2.8986616150935636e-28,3.5685287364437863e-23,1.339818303435717e-28
880,2.8884670687809884e-28,3.564069241322026e-23,1.3345500056314953e-28
881,2.8783158032397653e-28,3.559615320950947e-23,1.3293058532085962e-28
882,2.868207597288592e-28,3.555166968355169e-23,1.3240857165308561e-28
883,2.8581422310894857e-28,3.550724176568068e-23,1.3188894667743446e-28
884,2.8481194861382507e-28,3.5462869386317666e-23,1.3137169759214802e-28
885,2.8381391452550162e-28,3.541855247597115e-23,1.3085681167552008e-28
886,2.8282009925748667e-28,3.5374290965236914e-23,1.3034427628531785e-28
887,2.8183048135385333e-28,3.5330084784797817e-23,1.2983407885820828e-28
888,2.8084503948831666e-28,3.5285933865423706e-23,1.2932620690918922e-28
889,2.7986375246331927e-28,3.5241838137971357e-23,1.288206480310253e-28
890,2.7888659920912255e-28,3.5197797533384297e-23,1.2831738989368809e-28
891,2.779135587829069e-28,3.5153811982692704e-23,1.278164202438012e-28
892,2.769446103678785e-28,3.5109881417013345e-23,1.2731772690409004e-28
893,2.7597973327238344e-28,3.506600576754942e-23,1.2682129777283551e-28
894,2.7501890692902874e-28,3.5022184965590456e-23,1.2632712082333287e-28
895,2.7406211089381105e-28,3.4978418942512227e-23,1.2583518410335462e-28
896,2.7310932484525174e-28,3.49347076297766e-23,1.2534547573461768e-28
897,2.7216052858353955e-28,3.48910509589315e-23,1.2485798391225534e-28
898,2.7121570202967935e-28,3.484744886161068e-23,1.243726969042931e-28
899,2.702748252246488e-28,3.480390126953374e-23,1.2388960305112894e-28
900,2.6933787832856074e-28,3.4760408114505955e-23,1.2340869076501806e-28
901,2.684048416198325e-28,3.471696932841812e-23,1.2292994852956115e-28
902,2.674756954943632e-28,3.467358484324659e-23,1.224533648991977e-28
903,2.6655042046471505e-28,3.463025459105298e-23,1.2197892849870257e-28
904,2.656289971593039e-28,3.4586978503984203e-23,1.215066280226872e-28
905,2.6471140632159426e-28,3.454375651427229e-23,1.2103645223510467e-28
906,2.6379762880930186e-28,3.450058855423433e-23,1.2056838996875873e-28
907,2.6288764559360223e-28,3.4457474556272323e-23,1.2010243012481698e-28
908,2.619814377583452e-28,3.441441445287307e-23,1.196385616723275e-28
909,2.6107898649927615e-28,3.4371408176608094e-23,1.191767736477401e-28
910,2.601802731232635e-28,3.43284556601335e-23,1.187170551544307e-28
911,2.59285279047532e-28,3.428555683618992e-23,1.1825939536223012e-28
912,2.5839398579890187e-28,3.4242711637602337e-23,1.178037835069563e-28
913,2.575063750130346e-28,3.419991999728002e-23,1.1735020888995029e-28
914,2.566224284336846e-28,3.4157181848216435e-23,1.168986608776162e-28
915,2.5574212791195612e-28,3.411449712348909e-23,1.1644912890096463e-28
916,2.5486545540556673e-28,3.4071865756259454e-23,1.1600160245515978e-28
917,2.539923929781162e-28,3.402928767977285e-23,1.1555607109907008e-28
918,2.531229227983615e-28,3.3986762827358344e-23,1.1511252445482296e-28
919,2.522570271394971e-28,3.3944291132428645e-23,1.146709522073622e-28
920,2.5139468837844125e-28,3.390187252848001e-23,1.1423134410400976e-28
921,2.505358889951275e-28,3.3859506949092083e-23,1.1379368995403056e-28
922,2.496806115718023e-28,3.381719432792787e-23,1.1335797962820068e-28
923,2.488288387923276e-28,3.377493459873356e-23,1.1292420305837951e-28
924,2.4798055344148903e-28,3.373272769533848e-23,1.1249235023708464e-28
925,2.471357384043099e-28,3.3690573551654966e-23,1.1206241121707063e-28
926,2.4629437666536988e-28,3.364847210167823e-23,1.1163437611091083e-28
927,2.454564513081294e-28,3.360642327948627e-23,1.1120823509058252e-28
928,2.446219455142593e-28,3.3564427019239816e-23,1.1078397838705564e-28
929,2.4379084256297577e-28,3.352248325518215e-23,1.1036159628988422e-28
930,2.429631258303799e-28,3.3480591921639016e-23,1.0994107914680162e-28
931,2.421387787888037e-28,3.343875295301863e-23,1.095224173633186e-28
932,2.4131778500615893e-28,3.3396966283811354e-23,1.0910560140232445e-28
933,2.4050012814529356e-28,3.33552318485898e-23,1.0869062178369174e-28
934,2.396857919633514e-28,3.3313549582008616e-23,1.0827746908388373e-28
935,2.3887476031113727e-28,3.327191941880439e-23,1.07866133935565e-28
936,2.3806701713248736e-28,3.323034129379561e-23,1.0745660702721525e-28
937,2.3726254646364387e-28,3.318881514188248e-23,1.0704887910274586e-28
938,2.3646133243263493e-28,3.314734089804687e-23,1.0664294096111975e-28
939,2.3566335925865927e-28,3.3105918497352197e-23,1.06238783455974e-28
940,2.3486861125147506e-28,3.30645478749433e-23,1.0583639749524559e-28
941,2.3407707281079425e-28,3.302322896604637e-23,1.0543577404079976e-28
942,2.332887284256812e-28,3.298196170596884e-23,1.0503690410806175e-28
943,2.3250356267395564e-28,3.2940746030099256e-23,1.0463977876565086e-28
944,2.317215602216007e-28,3.28995818739072e-23,1.0424438913501775e-28
945,2.3094270582217543e-28,3.2858469172943214e-23,1.038507263900845e-28
946,2.3016698431623097e-28,3.2817407862838596e-23,1.0345878175688723e-28
947,2.293943806307328e-28,3.277639787930545e-23,1.0306854651322177e-28
948,2.2862487977848557e-28,3.273543915813643e-23,1.0268001198829188e-28
949,2.278584668575638e-28,3.269453163520475e-23,1.0229316956236044e-28
950,2.2709512705074597e-28,3.265367524646401e-23,1.0190801066640301e-28
951,2.263348456249534e-28,3.261286992794815e-23,1.0152452678176424e-28
952,2.255776079306934e-28,3.2572115615771326e-23,1.01142709439817e-28
953,2.24823399401506e-28,3.253141224612776e-23,1.0076255022162402e-28
954,2.2407220555341624e-28,3.249075975529175e-23,1.003840407576022e-28
955,2.233240119843887e-28,3.2450158079617435e-23,1.0000717272718946e-28
956,2.225788043737882e-28,3.240960715553881e-23,9.963193785851406e-29
957,2.218365684818431e-28,3.2369106919569574e-23,9.925832792806685e-29
958,2.210972901491131e-28,3.232865730830302e-23,9.888633476037545e-29
959,2.2036095529596124e-28,3.228825825841193e-23,9.851595022768149e-29
960,2.1962754992202985e-28,3.2247909706648506e-23,9.81471662496198e-29
961,2.188970601057202e-28,3.2207611589844264e-23,9.777997479290058e-29
962,2.181694720036763e-28,3.21673638449099e-23,9.741436787099353e-29
963,2.1744477185027244e-28,3.212716640883524e-23,9.705033754381474e-29
964,2.1672294595710477e-28,3.208701921868909e-23,9.668787591741571e-29
965,2.1600398071248643e-28,3.204692221161917e-23,9.632697514367504e-29
966,2.152878625809467e-28,3.200687532485203e-23,9.596762741999207e-29
967,2.1457457810273358e-28,3.196687849569285e-23,9.560982498898318e-29
968,2.138641138933208e-28,3.19269316615255e-23,9.525356013818025e-29
969,2.131564566429174e-28,3.1887034759812294e-23,9.489882519973148e-29
970,2.124515931159822e-28,3.184718772809399e-23,9.454561255010449e-29
971,2.1174951015074083e-28,3.180739050398961e-23,9.419391460979135e-29
972,2.1105019465870716e-28,3.1767643025196427e-23,9.384372384301649e-29
973,2.103536336242079e-28,3.172794522948982e-23,9.349503275744626e-29
974,2.0965981410391063e-28,3.168829705472316e-23,9.314783390390075e-29
975,2.089687232263554e-28,3.164869843882771e-23,9.280211987606812e-29
976,2.0828034819149045e-28,3.1609149319812595e-23,9.245788331022074e-29
977,2.075946762702103e-28,3.1569649635764603e-23,9.211511688493357e-29
978,2.069116948038981e-28,3.153019932484819e-23,9.177381332080488e-29
979,2.0623139120397083e-28,3.1490798325305287e-23,9.143396538017859e-29
980,2.055537529514284e-28,3.1451446575455265e-23,9.109556586686916e-29
981,2.048787675964056e-28,3.1412144013694834e-23,9.075860762588834e-29
982,2.0420642275772727e-28,3.137289057849787e-23,9.042308354317398e-29
983,2.0353670612246765e-28,3.133368620841544e-23,9.008898654532086e-29
984,2.028696054455119e-28,3.1294530842075616e-23,8.975630959931358e-29
985,2.022051085491212e-28,3.1255424418183396e-23,8.942504571226147e-29
986,2.015432033225016e-28,3.121636687552063e-23,8.909518793113534e-29
987,2.0088387772137507e-28,3.117735815294588e-23,8.876672934250633e-29
988,2.0022711976755445e-28,3.1138398189394356e-23,8.843966307228674e-29
989,1.9957291754852149e-28,3.109948692387783e-23,8.811398228547261e-29
990,1.989212592170072e-28,3.1060624295484516e-23,8.778968018588843e-29
991,1.9827213299057645e-28,3.1021810243378976e-23,8.746675001593349e-29
992,1.976255271512144e-28,3.098304470680201e-23,8.714518505633038e-29
993,1.9698143004491704e-28,3.0944327625070605e-23,8.682497862587527e-29
994,1.9633983008128382e-28,3.0905658937577776e-23,8.650612408118992e-29
995,1.9570071573311405e-28,3.086703858379254e-23,8.618861481647566e-29
996,1.9506407553600535e-28,3.082846650325975e-23,8.587244426326918e-29
997,1.9442989808795597e-28,3.0789942635600076e-23,8.555760589019999e-29
998,1.9379817204896916e-28,3.0751466920509814e-23,8.524409320274991e-29
999,1.9316888614066098e-28,3.071303929776087e-23,8.493189974301412e-29
1000,1.9254202914587093e-28,3.0674659707200655e-23,8.462101908946411e-29
1001,1.9191758990827465e-28,3.0636328088751913e-23,8.431144485671218e-29
1002,1.9129555733200078e-28,3.0598044382412764e-23,8.400317069527805e-29
1003,1.9067592038124927e-28,3.0559808528256486e-23,8.369619029135671e-29
1004,1.9005866807991306e-28,3.0521620466431457e-23,8.339049736658832e-29
1005,1.8944378951120258e-28,3.048348013716106e-23,8.308608567782975e-29
1006,1.8883127381727288e-28,3.044538748074364e-23,8.278294901692762e-29
1007,1.8822111019885312e-28,3.040734243755232e-23,8.248108121049313e-29
1008,1.8761328791487917e-28,3.036934494803498e-23,8.218047611967865e-29
1009,1.870077962821285e-28,3.0331394952714105e-23,8.188112763995565e-29
1010,1.864046246748582e-28,3.029349239218677e-23,8.158302970089456e-29
1011,1.8580376252444469e-28,3.0255637207124415e-23,8.128617626594599e-29
1012,1.852051993190271e-28,3.0217829338272906e-23,8.099056133222376e-29
1013,1.846089246031525e-28,3.018006872645233e-23,8.069617893028932e-29
1014,1.840149279774239e-28,3.014235531255696e-23,8.040302312393781e-29
1015,1.8342319909815042e-28,3.010468903755511e-23,8.011108800998578e-29
1016,1.828337276770008e-28,3.00670698424891e-23,7.98203677180603e-29
1017,1.8224650348065834e-28,3.002949766847511e-23,7.953085641038959e-29
1018,1.8166151633047923e-28,2.999197245670314e-23,7.924254828159545e-29
1019,1.8107875610215245e-28,2.995449414843684e-23,7.895543755848672e-29
1020,1.8049821272536298e-28,2.9917062685013505e-23,7.866951849985467e-29
1021,1.799198761834565e-28,2.987967800784391e-23,7.838478539626965e-29
1022,1.793437365131075e-28,2.9842340058412305e-23,7.810123256987925e-29
1023,1.7876978380398863e-28,2.98050487782762e-23,7.781885437420795e-29
1024,1.7819800819844314e-28,2.976780410906637e-23,7.75376451939581e-29
1025,1.7762839989115954e-28,2.973060599248672e-23,7.725759944481257e-29
1026,1.7706094912884838e-28,2.969345437031422e-23,7.697871157323853e-29
1027,1.7649564620992143e-28,2.965634918439879e-23,7.670097605629279e-29
1028,1.75932481484173e-28,2.9619290376663216e-23,7.642438740142876e-29
1029,1.7537144535246366e-28,2.9582277889103024e-23,7.614894014630418e-29
1030,1.7481252826640623e-28,2.954531166378646e-23,7.587462885859096e-29
1031,1.7425572072805385e-28,2.950839164285437e-23,7.560144813578584e-29
1032,1.737010132895901e-28,2.9471517768520046e-23,7.532939260502269e-29
1033,1.7314839655302175e-28,2.9434689983069225e-23,7.505845692288606e-29
1034,1.7259786116987336e-28,2.939790822885996e-23,7.478863577522606e-29
1035,1.720493978408838e-28,2.936117244832251e-23,7.451992387697456e-29
1036,1.7150299731570542e-28,2.932448258395925e-23,7.425231597196272e-29
1037,1.709586503926052e-28,2.928783857834466e-23,7.39858068327398e-29
1038,1.7041634791816739e-28,2.925124037412508e-23,7.372039126039334e-29
1039,1.6987608078699935e-28,2.9214687914018807e-23,7.345606408437042e-29
1040,1.6933783994143822e-28,2.9178181140815856e-23,7.319282016230059e-29
1041,1.6880161637126035e-28,2.9141719997377887e-23,7.293065437981936e-29
1042,1.6826740111339305e-28,2.910530442663822e-23,7.266956165039385e-29
1043,1.6773518525162734e-28,2.9068934371601625e-23,7.240953691514882e-29
1044,1.672049599163337e-28,2.90326097753443e-23,7.215057514269455e-29
1045,1.6667671628417921e-28,2.8996330581013757e-23,7.189267132895565e-29
1046,1.6615044557784677e-28,2.896009673182873e-23,7.163582049700102e-29
1047,1.6562613906575654e-28,2.89239081710791e-23,7.138001769687525e-29
1048,1.6510378806178888e-28,2.8887764842125784e-23,7.112525800543104e-29
1049,1.6458338392500958e-28,2.885166668840067e-23,7.087153652616279e-29
1050,1.640649180593968e-28,2.881561365340653e-23,7.06188483890416e-29
1051,1.6354838191356988e-28,2.877960568071687e-23,7.036718875035097e-29
1052,1.6303376698052016e-28,2.874364271397593e-23,7.011655279252419e-29
1053,1.6252106479734357e-28,2.870772469689852e-23,6.986693572398246e-29
1054,1.620102669449752e-28,2.8671851573270015e-23,6.961833277897438e-29
1055,1.615013650479252e-28,2.863602328694615e-23,6.937073921741644e-29
1056,1.6099435077401742e-28,2.860023978185303e-23,6.91241503247347e-29
1057,1.6048921583412888e-28,2.8564501001987004e-23,6.887856141170761e-29
1058,1.5998595198193167e-28,2.852880689141458e-23,6.863396781430981e-29
1059,1.5948455101363637e-28,2.849315739427234e-23,6.839036489355708e-29
1060,1.589850047677371e-28,2.8457552454766814e-23,6.814774803535236e-29
1061,1.5848730512475893e-28,2.842199201717447e-23,6.790611265033302e-29
1062,1.5799144400700605e-28,2.8386476025841546e-23,6.766545417371889e-29
1063,1.5749741337831262e-28,2.8351004425184024e-23,6.742576806516153e-29
1064,1.5700520524379471e-28,2.831557715968751e-23,6.718704980859454e-29
1065,1.5651481164960406e-28,2.8280194173907123e-23,6.694929491208489e-29
1066,1.5602622468268378e-28,2.824485541246749e-23,6.671249890768523e-29
1067,1.555394364705253e-28,2.820956082006255e-23,6.647665735128739e-29
1068,1.5505443918092743e-28,2.8174310341455554e-23,6.624176582247667e-29
1069,1.545712250217566e-28,2.813910392147892e-23,6.600781992438733e-29
1070,1.5408978624070923e-28,2.810394150503422e-23,6.577481528355899e-29
1071,1.5361011512507506e-28,2.8068823037091976e-23,6.554274754979395e-29
1072,1.531322040015029e-28,2.8033748462691683e-23,6.531161239601573e-29
1073,1.526560452357672e-28,2.7998717726941683e-23,6.508140551812835e-29
1074,1.5218163123253671e-28,2.796373077501904e-23,6.485212263487667e-29
1075,1.5170895443514458e-28,2.7928787552169534e-23,6.462375948770777e-29
1076,1.5123800732535979e-28,2.7893888003707496e-23,6.439631184063314e-29
1077,1.5076878242316051e-28,2.7859032075015764e-23,6.416977548009185e-29
1078,1.503012722865086e-28,2.782421971154559e-23,6.394414621481486e-29
1079,1.4983546951112597e-28,2.7789450858816557e-23,6.371941987568992e-29
1080,1.4937136673027226e-28,2.775472546241646e-23,6.349559231562771e-29
1081,1.489089566145241e-28,2.7720043468001294e-23,6.327265940942868e-29
1082,1.4844823187155553e-28,2.768540482129506e-23,6.305061705365097e-29
1083,1.4798918524592075e-28,2.765080946808981e-23,6.282946116647911e-29
1084,1.4753180951883713e-28,2.7616257354245434e-23,6.260918768759364e-29
1085,1.4707609750797068e-28,2.758174842568966e-23,6.238979257804167e-29
1086,1.466220420672226e-28,2.754728262841794e-23,6.217127182010837e-29
1087,1.461696360865169e-28,2.751285990849336e-23,6.195362141718912e-29
1088,1.457188724915903e-28,2.747848021204656e-23,6.173683739366284e-29
1089,1.4526974424378256e-28,2.744414348527565e-23,6.152091579476584e-29
1090,1.4482224433982885e-28,2.7409849674446125e-23,6.130585268646689e-29
1091,1.4437636581165356e-28,2.737559872589081e-23,6.109164415534285e-29
1092,1.4393210172616478e-28,2.734139058600969e-23,6.087828630845527e-29
1093,1.4348944518505095e-28,2.7307225201269906e-23,6.066577527322785e-29
1094,1.4304838932457853e-28,2.7273102518205657e-23,6.045410719732465e-29
1095,1.4260892731539093e-28,2.7239022483418093e-23,6.024327824852918e-29
1096,1.4217105236230883e-28,2.7204985043575226e-23,6.003328461462438e-29
1097,1.4173475770413214e-28,2.71709901454119e-23,5.982412250327313e-29
1098,1.4130003661344256e-28,2.7137037735729627e-23,5.961578814190002e-29
1099,1.4086688239640833e-28,2.710312776139656e-23,5.940827777757349e-29
1100,1.4043528839258954e-28,2.70692601693474e-23,5.920158767688897e-29
1101,1.400052479747453e-28,2.703543490658332e-23,5.89957141258529e-29
1102,1.3957675454864142e-28,2.70016519201718e-23,5.87906534297672e-29
1103,1.3914980155286048e-28,2.696791115724669e-23,5.858640191311494e-29
1104,1.3872438245861216e-28,2.6934212565008014e-23,5.838295591944648e-29
1105,1.383004907695451e-28,2.6900556090721895e-23,5.818031181126644e-29
1106,1.378781200215604e-28,2.686694168172054e-23,5.797846596992147e-29
1107,1.3745726378262586e-28,2.6833369285402095e-23,5.777741479548883e-29
1108,1.3703791565259148e-28,2.6799838849230564e-23,5.75771547066655e-29
1109,1.3662006926300662e-28,2.676635032073576e-23,5.737768214065838e-29
1110,1.3620371827693785e-28,2.6732903647513203e-23,5.717899355307481e-29
1111,1.357888563887882e-28,2.669949877722403e-23,5.698108541781416e-29
1112,1.353754773241177e-28,2.6666135657594946e-23,5.678395422696004e-29
1113,1.3496357483946484e-28,2.663281423641807e-23,5.658759649067309e-29
1114,1.3455314272216954e-28,2.659953446155095e-23,5.639200873708471e-29
1115,1.341441747901969e-28,2.6566296280916396e-23,5.619718751219138e-29
1116,1.3373666489196238e-28,2.653309964250245e-23,5.600312937974968e-29
1117,1.33330606906158e-28,2.649994449436226e-23,5.5809830921172e-29
1118,1.329259947415798e-28,2.6466830784614068e-23,5.561728873542303e-29
1119,1.3252282233695616e-28,2.6433758461441044e-23,5.542549943891682e-29
1120,1.3212108366077754e-28,2.6400727473091255e-23,5.523445966541461e-29
1121,1.3172077271112711e-28,2.6367737767877578e-23,5.504416606592331e-29
1122,1.3132188351551272e-28,2.6334789294177623e-23,5.485461530859467e-29
1123,1.3092441013069955e-28,2.6301882000433626e-23,5.466580407862509e-29
1124,1.3052834664254427e-28,2.6269015835152368e-23,5.447772907815599e-29
1125,1.3013368716583022e-28,2.6236190746905148e-23,5.429038702617517e-29
1126,1.2974042584410325e-28,2.6203406684327627e-23,5.410377465841846e-29
1127,1.2934855684950928e-28,2.6170663596119827e-23,5.391788872727217e-29
1128,1.2895807438263216e-28,2.613796143104595e-23,5.373272600167623e-29
1129,1.285689726723333e-28,2.61053001379344e-23,5.354828326702785e-29
1130,1.2818124597559173e-28,2.6072679665677605e-23,5.336455732508591e-29
1131,1.2779488857734592e-28,2.604009996323206e-23,5.318154499387599e-29
1132,1.2740989479033558e-28,2.6007560979618111e-23,5.299924310759595e-29
1133,1.2702625895494548e-28,2.5975062663919963e-23,5.281764851652212e-29
1134,1.266439754390497e-28,2.5942604965285575e-23,5.263675808691623e-29
1135,1.2626303863785702e-28,2.5910187832926542e-23,5.245656870093277e-29
1136,1.2588344297375759e-28,2.5877811216118117e-23,5.227707725652716e-29
1137,1.2550518289616996e-28,2.5845475064199024e-23,5.209828066736441e-29
1138,1.2512825288138961e-28,2.5813179326571414e-23,5.192017586272833e-29
1139,1.247526474324384e-28,2.5780923952700806e-23,5.174275978743131e-29
1140,1.2437836107891478e-28,2.5748708892115998e-23,5.156602940172506e-29
1141,1.24005388376845e-28,2.5716534094408973e-23,5.13899816812113e-29
1142,1.236337239085355e-28,2.568439950923483e-23,5.121461361675359e-29
1143,1.2326336228242578e-28,2.5652305086311677e-23,5.103992221438943e-29
1144,1.2289429813294295e-28,2.5620250775420633e-23,5.086590449524309e-29
1145,1.225265261203563e-28,2.5588236526405637e-23,5.069255749543887e-29
1146,1.2216004093063355e-28,2.5556262289173463e-23,5.051987826601507e-29
1147,1.2179483727529767e-28,2.5524328013693588e-23,5.034786387283831e-29
1148,1.2143090989128463e-28,2.5492433649998138e-23,5.017651139651866e-29
1149,1.2106825354080199e-28,2.546057914818178e-23,5.000581793232518e-29
1150,1.2070686301118872e-28,2.5428764458401684e-23,4.983578059010199e-29
1151,1.2034673311477545e-28,2.5396989530877414e-23,4.966639649418495e-29
1152,1.1998785868874603e-28,2.536525431589086e-23,4.94976627833188e-29
1153,1.1963023459499958e-28,2.5333558763786156e-23,4.9329576610574946e-29
1154,1.192738557200138e-28,2.530190282496962e-23,4.916213514326969e-29
1155,1.1891871697470867e-28,2.527028644990962e-23,4.899533556288299e-29
1156,1.1856481329431173e-28,2.5238709589136595e-23,4.882917506497781e-29
1157,1.1821213963822333e-28,2.5207172193242875e-23,4.8663650859119956e-29
1158,1.1786069098988337e-28,2.5175674212882648e-23,4.8498760168798303e-29
1159,1.1751046235663872e-28,2.51442155987719e-23,4.833450023134581e-29
1160,1.171614487696114e-28,2.511279630168831e-23,4.817086829786084e-29
1161,1.1681364528356753e-28,2.5081416272471172e-23,4.800786163312891e-29
1162,1.1646704697678748e-28,2.5050075462021356e-23,4.7845477515545245e-29
1163,1.161216489509361e-28,2.5018773821301145e-23,4.768371323703755e-29
1164,1.157774463309347e-28,2.4987511301334265e-23,4.7522566102989316e-29
1165,1.1543443426483314e-28,2.495628785320574e-23,4.7362033432163847e-29
1166,1.1509260792368286e-28,2.4925103428061825e-23,4.7202112556628425e-29
1167,1.1475196250141093e-28,2.489395797710993e-23,4.7042800821679273e-29
1168,1.144124932146947e-28,2.4862851451618568e-23,4.6884095585766766e-29
1169,1.1407419530283728e-28,2.483178380291724e-23,4.672599422042127e-29
1170,1.1373706402764378e-28,2.480075498239639e-23,4.6568494110179367e-29
1171,1.1340109467329827e-28,2.476976494150729e-23,4.64115926525106e-29
1172,1.1306628254624186e-28,2.4738813631762035e-23,4.6255287257744685e-29
1173,1.1273262297505086e-28,2.470790100473338e-23,4.609957534899914e-29
1174,1.1240011131031642e-28,2.467702701205472e-23,4.594445436210742e-29
1175,1.1206874292452434e-28,2.464619160541999e-23,4.578992174554749e-29
1176,1.1173851321193612e-28,2.46153947365836e-23,4.563597496037078e-29
1177,1.1140941758847043e-28,2.4584636357360377e-23,4.548261148013183e-29
1178,1.110814514915852e-28,2.4553916419625418e-23,4.5329828790818074e-29
1179,1.1075461038016105e-28,2.4523234875314117e-23,4.5177624390780233e-29
1180,1.1042888973438462e-28,2.4492591676421996e-23,4.502599579066324e-29
1181,1.1010428505563337e-28,2.446198677500471e-23,4.487494051333725e-29
1182,1.0978079186636047e-28,2.4431420123177898e-23,4.472445609382956e-29
1183,1.0945840570998088e-28,2.4400891673117144e-23,4.457454007925663e-29
1184,1.0913712215075795e-28,2.4370401377057914e-23,4.4425190028756633e-29
1185,1.0881693677369062e-28,2.4339949187295458e-23,4.4276403513422383e-29
1186,1.0849784518440143e-28,2.4309535056184737e-23,4.4128178116234824e-29
1187,1.081798430090253e-28,2.4279158936140363e-23,4.3980511431996696e-29
1188,1.0786292589409872e-28,2.4248820779636495e-23,4.383340106726689e-29
1189,1.075470895064501e-28,2.4218520539206815e-23,4.368684464029508e-29
1190,1.072323295330901e-28,2.41882581674444e-23,4.3540839780956676e-29
1191,1.069186416811034e-28,2.4158033617001677e-23,4.3395384130688396e-29
1192,1.0660602167754044e-28,2.412784684059031e-23,4.325047534242403e-29
1193,1.062944652693105e-28,2.4097697790981218e-23,4.3106111080530786e-29
1194,1.0598396822307467e-28,2.4067586421004375e-23,4.2962289020745904e-29
1195,1.0567452632514032e-28,2.4037512683548844e-23,4.281900685011378e-29
1196,1.0536613538135544e-28,2.4007476531562627e-23,4.267626226692333e-29
1197,1.0505879121700426e-28,2.3977477918052654e-23,4.2534052980645914e-29
1198,1.0475248967670288e-28,2.3947516796084642e-23,4.239237671187351e-29
1199,1.0444722662429623e-28,2.3917593118783077e-23,4.2251231192257405e-29
1200,1.041429979427551e-28,2.3887706839331128e-23,4.211061416444712e-29
1201,1.0383979953407404e-28,2.3857857910970538e-23,4.1970523382029853e-29
1202,1.035376273191699e-28,2.3828046287001603e-23,4.183095660947018e-29
1203,1.032364772377808e-28,2.3798271920783048e-23,4.169191162205028e-29
1204,1.029363452483661e-28,2.3768534765732004e-23,4.1553386205810337e-29
1205,1.0263722732800643e-28,2.3738834775323876e-23,4.1415378157489477e-29
1206,1.023391194723049e-28,2.3709171903092338e-23,4.127788528446703e-29
1207,1.0204201769528848e-28,2.367954610262922e-23,4.1140905404704026e-29
1208,1.017459180293101e-28,2.3649957327584412e-23,4.100443634668535e-29
1209,1.0145081652495142e-28,2.362040553166583e-23,4.0868475949361854e-29
1210,1.011567092509263e-28,2.3590890668639357e-23,4.0733022062093284e-29
1211,1.0086359229398441e-28,2.3561412692328702e-23,4.059807254459105e-29
1212,1.0057146175881595e-28,2.35319715566154e-23,4.0463625266861876e-29
1213,1.0028031376795659e-28,2.3502567215438695e-23,4.032967810915135e-29
1214,9.99901444616932e-29,2.34731996227955e-23,4.01962289618881e-29
1215,9.970094999796996e-29,2.3443868732740296e-23,4.006327572562827e-29
1216,9.941272655229504e-29,2.3414574499385054e-23,3.993081631100014e-29
1217,9.912547031764827e-29,2.3385316876899214e-23,3.9798848638649456e-29
1218,9.883917750438856e-29,2.3356095819509536e-23,3.966737063918471e-29
1219,9.855384434016272e-29,2.3326911281500106e-23,3.953638025312293e-29
1220,9.82694670698143e-29,2.3297763217212213e-23,3.940587543083599e-29
1221,9.798604195529309e-29,2.3268651581044287e-23,3.927585413249682e-29
1222,9.770356527556527e-29,2.3239576327451844e-23,3.914631432802638e-29
1223,9.742203332652405e-29,2.3210537410947402e-23,3.901725399704065e-29
1224,9.714144242090068e-29,2.3181534786100394e-23,3.88886711287981e-29
1225,9.686178888817631e-29,2.3152568407537134e-23,3.8760563722147444e-29
1226,9.658306907449407e-29,2.31236382299407e-23,3.863292978547568e-29
1227,9.630527934257194e-29,2.3094744208050907e-23,3.850576733665656e-29
1228,9.60284160716159e-29,2.3065886296664218e-23,3.837907440299922e-29
1229,9.575247565723376e-29,2.3037064450633658e-23,3.825284902119724e-29
1230,9.547745451134941e-29,2.3008278624868752e-23,3.8127089237277935e-29
1231,9.520334906211767e-29,2.297952877433547e-23,3.8001793106551977e-29
1232,9.493015575383959e-29,2.2950814854056142e-23,3.7876958693563445e-29
1233,9.465787104687826e-29,2.2922136819109382e-23,3.7752584072039957e-29
1234,9.438649141757509e-29,2.2893494624630035e-23,3.762866732484329e-29
1235,9.411601335816665e-29,2.286488822580907e-23,3.7505206543920185e-29
1236,9.384643337670206e-29,2.2836317577893577e-23,3.738219983025353e-29
1237,9.357774799696061e-29,2.280778263618662e-23,3.7259645293813795e-29
1238,9.330995375837015e-29,2.277928335604721e-23,3.713754105351079e-29
1239,9.304304721592586e-29,2.2750819692890228e-23,3.701588523714566e-29
1240,9.277702494010955e-29,2.2722391602186364e-23,3.6894675981363223e-29
1241,9.251188351680926e-29,2.2693999039462034e-23,3.6773911431604637e-29
1242,9.224761954723945e-29,2.266564196029928e-23,3.665358974206018e-29
1243,9.198422964786188e-29,2.263732032033578e-23,3.653370907562255e-29
1244,9.17217104503065e-29,2.260903407526469e-23,3.641426760384027e-29
1245,9.14600586012932e-29,2.2580783180834634e-23,3.629526350687142e-29
1246,9.119927076255389e-29,2.2552567592849628e-23,3.617669497343776e-29
1247,9.09393436107549e-29,2.2524387267168962e-23,3.6058560200778873e-29
1248,9.068027383742014e-29,2.249624215970721e-23,3.594085739460686e-29
1249,9.042205814885431e-29,2.2468132226434084e-23,3.582358476906119e-29
1250,9.016469326606692e-29,2.2440057423374384e-23,3.570674054666372e-29
1251,8.990817592469677e-29,2.2412017706608008e-23,3.5590322958274236e-29
1252,8.965250287493635e-29,2.2384013032269746e-23,3.547433024304596e-29
1253,8.939767088145739e-29,2.2356043356549322e-23,3.5358760648381544e-29
1254,8.914367672333634e-29,2.2328108635691272e-23,3.5243612429889317e-29
1255,8.889051719398049e-29,2.230020882599488e-23,3.512888385133961e-29
1256,8.863818910105464e-29,2.2272343883814164e-23,3.501457318462158e-29
1257,8.838668926640771e-29,2.224451376555769e-23,3.490067870970008e-29
1258,8.813601452600048e-29,2.2216718427688626e-23,3.4787198714572995e-29
1259,8.788616172983316e-29,2.2188957826724607e-23,3.467413149522863e-29
1260,8.763712774187374e-29,2.216123191923769e-23,3.456147535560349e-29
1261,8.738890943998652e-29,2.213354066185426e-23,3.444922860754027e-29
1262,8.714150371586122e-29,2.210588401125499e-23,3.4337389570746074e-29
1263,8.689490747494247e-29,2.207826192417476e-23,3.422595657275093e-29
1264,8.664911763635971e-29,2.2050674357402607e-23,3.4114927948866505e-29
1265,8.640413113285734e-29,2.2023121267781618e-23,3.4004302042145037e-29
1266,8.615994491072556e-29,2.1995602612208893e-23,3.3894077203338694e-29
1267,8.591655592973137e-29,2.1968118347635475e-23,3.3784251790858873e-29
1268,8.567396116305006e-29,2.1940668431066265e-23,3.367482417073605e-29
1269,8.543215759719721e-29,2.1913252819559987e-23,3.356579271657959e-29
1270,8.519114223196086e-29,2.1885871470229084e-23,3.3457155809538084e-29
1271,8.495091208033417e-29,2.1858524340239662e-23,3.334891183825962e-29
1272,8.471146416844855e-29,2.183121138681144e-23,3.324105919885249e-29
1273,8.447279553550713e-29,2.180393256721767e-23,3.3133596294846124e-29
1274,8.423490323371848e-29,2.177668783878505e-23,3.3026521537152115e-29
1275,8.399778432823098e-29,2.174947715889371e-23,3.291983334402567e-29
1276,8.376143589706725e-29,2.1722300484977085e-23,3.281353014102708e-29
1277,8.352585503105921e-29,2.1695157774521874e-23,3.270761036098355e-29
1278,8.329103883378346e-29,2.1668048985067993e-23,3.2602072443951295e-29
1279,8.305698442149691e-29,2.1640974074208472e-23,3.2496914837177665e-29
1280,8.282368892307286e-29,2.1613932999589396e-23,3.239213599506373e-29
1281,8.259114947993765e-29,2.158692571890989e-23,3.22877343791269e-29
1282,8.235936324600716e-29,2.1559952189921968e-23,3.2183708457963856e-29
1283,8.212832738762429e-29,2.1533012370430534e-23,3.208005670721369e-29
1284,8.189803908349624e-29,2.1506106218293265e-23,3.197677760952121e-29
1285,8.16684955246326e-29,2.1479233691420597e-23,3.1873869654500575e-29
1286,8.143969391428357e-29,2.1452394747775618e-23,3.177133133869896e-29
1287,8.121163146787844e-29,2.1425589345374014e-23,3.166916116556067e-29
1288,8.098430541296467e-29,2.1398817442284015e-23,3.1567357645391194e-29
1289,8.075771298914721e-29,2.1372078996626312e-23,3.1465919295321706e-29
1290,8.053185144802806e-29,2.134537396657401e-23,3.136484463927368e-29
1291,8.030671805314623e-29,2.1318702310352515e-23,3.1264132207923636e-29
1292,8.008231007991831e-29,2.129206398623956e-23,3.1163780538668253e-29
1293,7.985862481557885e-29,2.1265458952565038e-23,3.106378817558953e-29
1294,7.963565955912157e-29,2.1238887167711e-23,3.096415366942022e-29
1295,7.941341162124061e-29,2.1212348590111555e-23,3.0864875577509536e-29
1296,7.919187832427227e-29,2.118584317825285e-23,3.076595246378887e-29
1297,7.897105700213705e-29,2.1159370890672952e-23,3.0667382898737934e-29
1298,7.875094500028189e-29,2.113293168596183e-23,3.0569165459350905e-29
1299,7.853153967562283e-29,2.1106525522761226e-23,3.04712987291029e-29
1300,7.831283839648821e-29,2.1080152359764678e-23,3.037378129791657e-29
1301,7.809483854256172e-29,2.1053812155717374e-23,3.02766117621289e-29
1302,7.787753750482619e-29,2.1027504869416137e-23,3.017978872445828e-29
1303,7.766093268550753e-29,2.1001230459709335e-23,3.0083310793971583e-29
1304,7.744502149801895e-29,2.0974988885496832e-23,2.998717658605169e-29
1305,7.722980136690557e-29,2.094878010572991e-23,2.9891384722364965e-29
1306,7.701526972778936e-29,2.0922604079411215e-23,2.979593383082901e-29
1307,7.680142402731433e-29,2.089646076559471e-23,2.970082254558075e-29
1308,7.658826172309192e-29,2.087035012338555e-23,2.960604950694434e-29
1309,7.637578028364704e-29,2.084427211194008e-23,2.95116133613997e-29
1310,7.616397718836403e-29,2.0818226690465745e-23,2.941751276155088e-29
1311,7.595284992743318e-29,2.0792213818221032e-23,2.932374636609477e-29
1312,7.57423960017974e-29,2.0766233454515392e-23,2.923031283979002e-29
1313,7.55326129230993e-29,2.07402855587092e-23,2.9137210853425945e-29
1314,7.532349821362852e-29,2.0714370090213678e-23,2.904443908379193e-29
1315,7.511504940626929e-29,2.068848700849082e-23,2.895199621364663e-29
1316,7.490726404444842e-29,2.0662636273053346e-23,2.8859880931687713e-29
1317,7.470013968208341e-29,2.063681784346463e-23,2.8768091932521454e-29
1318,7.449367388353112e-29,2.0611031679338653e-23,2.8676627916632754e-29
1319,7.428786422353633e-29,2.05852777403399e-23,2.85854875903552e-29
1320,7.408270828718098e-29,2.055955598618333e-23,2.8494669665841314e-29
1321,7.387820366983346e-29,2.053386637663432e-23,2.840417286103301e-29
1322,7.367434797709828e-29,2.0508208871508577e-23,2.831399589963216e-29
1323,7.34711388247659e-29,2.048258343067208e-23,2.822413751107138e-29
1324,7.326857383876305e-29,2.0456990014041013e-23,2.8134596430485e-29
1325,7.306665065510312e-29,2.0431428581581737e-23,2.804537139868008e-29
1326,7.28653669198369e-29,2.0405899093310667e-23,2.795646116210778e-29
1327,7.266472028900367e-29,2.0380401509294273e-23,2.786786447283469e-29
1328,7.246470842858242e-29,2.035493578964896e-23,2.7779580088514494e-29
1329,7.22653290144435e-29,2.032950189454105e-23,2.76916067723597e-29
1330,7.206657973230037e-29,2.03040997841867e-23,2.760394329311354e-29
1331,7.186845827766174e-29,2.0278729418851837e-23,2.7516588425022064e-29
1332,7.167096235578391e-29,2.0253390758852086e-23,2.742954094780633e-29
1333,7.147408968162341e-29,2.0228083764552747e-23,2.73427996466349e-29
1334,7.127783797978995e-29,2.020280839636869e-23,2.7256363312096264e-29
1335,7.108220498449947e-29,2.0177564614764315e-23,2.717023074017157e-29
1336,7.088718843952761e-29,2.0152352380253488e-23,2.708440073220756e-29
1337,7.069278609816331e-29,2.0127171653399458e-23,2.699887209488947e-29
1338,7.049899572316284e-29,2.010202239481483e-23,2.69136436402143e-29
1339,7.030581508670395e-29,2.0076904565161488e-23,2.682871418546402e-29
1340,7.011324197034018e-29,2.0051818125150524e-23,2.67440825531791e-29
1341,6.992127416495569e-29,2.0026763035542184e-23,2.665974757113217e-29
1342,6.972990947072005e-29,2.000173925714579e-23,2.6575708072301626e-29
1343,6.953914569704357e-29,1.997674675081973e-23,2.649196289484573e-29
1344,6.934898066253258e-29,1.9951785477471328e-23,2.640851088207653e-29
1345,6.915941219494517e-29,1.9926855398056826e-23,2.6325350882434155e-29
1346,6.897043813114708e-29,1.990195647358132e-23,2.624248174946108e-29
1347,6.878205631706786e-29,1.987708866509867e-23,2.6159902341776683e-29
1348,6.859426460765727e-29,1.9852251933711495e-23,2.6077611523051894e-29
1349,6.840706086684185e-29,1.9827446240571035e-23,2.599560816198388e-29
1350,6.822044296748184e-29,1.9802671546877146e-23,2.591389113227109e-29
1351,6.803440879132831e-29,1.9777927813878253e-23,2.5832459312588223e-29
1352,6.78489562289804e-29,1.975321500287121e-23,2.575131158656145e-29
1353,6.7664083179843e-29,1.9728533075201338e-23,2.5670446842743816e-29
1354,6.747978755208445e-29,1.9703881992262277e-23,2.5589863974590607e-29
1355,6.729606726259462e-29,1.967926171549598e-23,2.550956188043507e-29
1356,6.711292023694322e-29,1.965467220639266e-23,2.5429539463464116e-29
1357,6.693034440933819e-29,1.9630113426490665e-23,2.5349795631694167e-29
1358,6.674833772258442e-29,1.9605585337376482e-23,2.527032929794728e-29
1359,6.65668981280428e-29,1.958108790068466e-23,2.51911393798272e-29
1360,6.63860235855892e-29,1.9556621078097719e-23,2.511222479969573e-29
1361,6.620571206357403e-29,1.9532184831346135e-23,2.5033584484649064e-29
1362,6.602596153878171e-29,1.9507779122208254e-23,2.495521736649444e-29
1363,6.584676999639057e-29,1.9483403912510238e-23,2.4877122381726727e-29
1364,6.566813542993283e-29,1.9459059164125995e-23,2.4799298471505288e-29
1365,6.549005584125488e-29,1.9434744838977136e-23,2.4721744581630923e-29
1366,6.531252924047782e-29,1.9410460899032925e-23,2.4644459662522903e-29
1367,6.513555364595795e-29,1.9386207306310157e-23,2.456744266919622e-29
1368,6.495912708424785e-29,1.9361984022873184e-23,2.449069256123883e-29
1369,6.478324759005744e-29,1.93377910108338e-23,2.4414208302789181e-29
1370,6.460791320621523e-29,1.9313628232351197e-23,2.4337988862513748e-29
1371,6.443312198362993e-29,1.92894956496319e-23,2.4262033213584703e-29
1372,6.42588719812521e-29,1.9265393224929714e-23,2.4186340333657792e-29
1373,6.408516126603617e-29,1.9241320920545676e-23,2.4110909204850244e-29
1374,6.39119879129025e-29,1.9217278698827958e-23,2.4035738813718835e-29
1375,6.373935000469984e-29,1.9193266522171865e-23,2.3960828151238086e-29
1376,6.35672456321677e-29,1.9169284353019715e-23,2.3886176212778538e-29
1377,6.339567289389925e-29,1.914533215386082e-23,2.3811781998085236e-29
1378,6.322462989630422e-29,1.912140988723141e-23,2.3737644511256194e-29
1379,6.305411475357207e-29,1.9097517515714592e-23,2.366376276072116e-29
1380,6.288412558763526e-29,1.907365500194027e-23,2.3590135759220287e-29
1381,6.27146605281329e-29,1.9049822308585103e-23,2.351676252378309e-29
1382,6.25457177123744e-29,1.9026019398372433e-23,2.344364207570747e-29
1383,6.237729528530339e-29,1.9002246234072225e-23,2.3370773440538776e-29
1384,6.220939139946197e-29,1.897850277850104e-23,2.3298155648049147e-29
1385,6.204200421495485e-29,1.8954788994521925e-23,2.322578773221676e-29
1386,6.187513189941397e-29,1.8931104845044396e-23,2.315366873120536e-29
1387,6.170877262796318e-29,1.8907450293024367e-23,2.3081797687343865e-29
1388,6.154292458318305e-29,1.8883825301464087e-23,2.301017364710598e-29
1389,6.137758595507608e-29,1.8860229833412087e-23,2.2938795661090088e-29
1390,6.12127549410318e-29,1.883666385196313e-23,2.286766278399908e-29
1391,6.10484297457923e-29,1.881312732025813e-23,2.2796774074620483e-29
1392,6.08846085814178e-29,1.8789620201484108e-23,2.2726128595806461e-29
1393,6.072128966725256e-29,1.8766142458874147e-23,2.265572541445419e-29
1394,6.055847122989069e-29,1.874269405570731e-23,2.2585563601486135e-29
1395,6.039615150314253e-29,1.8719274955308603e-23,2.2515642231830482e-29
1396,6.023432872800079e-29,1.8695885121048895e-23,2.24459603844018e-29
1397,6.007300115260724e-29,1.8672524516344893e-23,2.2376517142081595e-29
1398,5.99121670322193e-29,1.8649193104659046e-23,2.2307311591699158e-29
1399,5.975182462917704e-29,1.8625890849499532e-23,2.2238342824012452e-29
1400,5.959197221287004e-29,1.8602617714420135e-23,2.2169609933689016e-29
1401,5.943260805970482e-29,1.857937366302027e-23,2.2101112019287142e-29
1402,5.927373045307216e-29,1.8556158658944868e-23,2.2032848183237008e-29
1403,5.911533768331461e-29,1.8532972665884334e-23,2.1964817531821968e-29
1404,5.895742804769432e-29,1.8509815647574482e-23,2.1897019175159987e-29
1405,5.879999985036094e-29,1.84866875677965e-23,2.1829452227185084e-29
1406,5.864305140231969e-29,1.8463588390376897e-23,2.176211580562898e-29
1407,5.848658102139959e-29,1.84405180791874e-23,2.1695009032002704e-29
1408,5.833058703222189e-29,1.841747659814493e-23,2.1628131031578487e-29
1409,5.81750677661687e-29,1.8394463911211572e-23,2.156148093337159e-29
1410,5.802002156135161e-29,1.8371479982394443e-23,2.1495057870122269e-29
1411,5.786544676258081e-29,1.8348524775745728e-23,2.1428860978277946e-29
1412,5.771134172133396e-29,1.832559825536254e-23,2.1362889397975298e-29
1413,5.755770479572554e-29,1.8302700385386927e-23,2.1297142273022609e-29
1414,5.740453435047621e-29,1.8279831130005777e-23,2.1231618750882084e-29
1415,5.725182875688242e-29,1.8256990453450774e-23,2.1166317982652335e-29
1416,5.709958639278602e-29,1.8234178319998345e-23,2.1101239123050986e-29
1417,5.694780564254425e-29,1.821139469396959e-23,2.103638133039724e-29
1418,5.679648489699975e-29,1.8188639539730264e-23,2.0971743766594752e-29
1419,5.664562255345071e-29,1.8165912821690675e-23,2.0907325597114303e-29
1420,5.649521701562119e-29,1.814321450430564e-23,2.0843125990976917e-29
1421,5.634526669363171e-29,1.8120544552074443e-23,2.0779144120736743e-29
1422,5.619577000396988e-29,1.809790292954079e-23,2.0715379162464244e-29
1423,5.604672536946113e-29,1.807528960129271e-23,2.0651830295729384e-29
1424,5.589813121923978e-29,1.8052704531962538e-23,2.058849670358492e-29
1425,5.574998598872006e-29,1.8030147686226857e-23,2.052537757254981e-29
1426,5.560228811956741e-29,1.8007619028806412e-23,2.0462472092592637e-29
1427,5.54550360596699e-29,1.7985118524466083e-23,2.039977945711523e-29
1428,5.530822826310976e-29,1.7962646138014834e-23,2.0337298862936297e-29
1429,5.516186319013509e-29,1.7940201834305625e-23,2.0275029510275108e-29
1430,5.501593930713171e-29,1.7917785578235383e-23,2.0212970602735434e-29
1431,5.487045508659526e-29,1.7895397334744967e-23,2.0151121347289343e-29
1432,5.472540900710312e-29,1.7873037068819057e-23,2.0089480954261237e-29
1433,5.458079955328688e-29,1.785070474548613e-23,2.0028048637311975e-29
1434,5.443662521580475e-29,1.782840032981843e-23,1.9966823613422977e-29
1435,5.429288449131406e-29,1.7806123786931867e-23,1.990580510288052e-29
1436,5.414957588244403e-29,1.7783875081985983e-23,1.9844992329260026e-29
1437,5.400669789776857e-29,1.77616541801839e-23,1.9784384519410531e-29
1438,5.386424905177938e-29,1.7739461046772274e-23,1.9723980903439152e-29
1439,5.372222786485898e-29,1.771729564704121e-23,1.9663780714695663e-29
1440,5.358063286325404e-29,1.7695157946324258e-23,1.9603783189757212e-29
1441,5.343946257904874e-29,1.7673047909998285e-23,1.9543987568412965e-29
1442,5.329871555013838e-29,1.7650965503483498e-23,1.9484393093649062e-29
1443,5.3158390320203e-29,1.7628910692243336e-23,1.9424999011633408e-29
1444,5.301848543868124e-29,1.7606883441784438e-23,1.9365804571700707e-29
1445,5.287899946074432e-29,1.758488371765659e-23,1.930680902633755e-29
1446,5.273993094727001e-29,1.7562911485452662e-23,1.924801163116751e-29
1447,5.260127846481701e-29,1.7540966710808567e-23,1.9189411644936426e-29
1448,5.246304058559919e-29,1.7519049359403195e-23,1.9131008329497613e-29
1449,5.232521588746007e-29,1.7497159396958357e-23,1.9072800949797342e-29
1450,5.218780295384749e-29,1.7475296789238738e-23,1.901478877386021e-29
1451,5.205080037378832e-29,1.745346150205184e-23,1.8956971072774725e-29
1452,5.191420674186334e-29,1.743165350124794e-23,1.889934712067891e-29
1453,5.177802065818226e-29,1.740987275272002e-23,1.8841916194745936e-29
1454,5.16422407283588e-29,1.7388119222403726e-23,1.878467757516995e-29
1455,5.150686556348599e-29,1.7366392876277306e-23,1.8727630545151864e-29
1456,5.137189378011151e-29,1.734469368036155e-23,1.8670774390885258e-29
1457,5.123732400021328e-29,1.7323021600719774e-23,1.8614108401542416e-29
1458,5.110315485117495e-29,1.73013766034577e-23,1.85576318692603e-29
1459,5.096938496576179e-29,1.7279758654723473e-23,1.8501344089126754e-29
1460,5.083601298209652e-29,1.725816772070757e-23,1.844524435916665e-29
1461,5.07030375436353e-29,1.7236603767642748e-23,1.838933198032819e-29
1462,5.057045729914381e-29,1.7215066761803992e-23,1.833360625646925e-29
1463,5.043827090267362e-29,1.7193556669508476e-23,1.8278066494343782e-29
1464,5.030647701353845e-29,1.7172073457115506e-23,1.822271200358831e-29
1465,5.0175074296290667e-29,1.7150617091026454e-23,1.816754209670848e-29
1466,5.0044061420697954e-29,1.7129187537684716e-23,1.8112556089065725e-29
1467,4.9913437061719916e-29,1.7107784763575645e-23,1.8057753298863888e-29
1468,4.978319989948506e-29,1.708640873522654e-23,1.8003133047136058e-29
1469,4.9653348619267625e-29,1.7065059419206534e-23,1.7948694657731385e-29
1470,4.952388191146475e-29,1.7043736782126586e-23,1.789443745730196e-29
1471,4.939479847157356e-29,1.7022440790639394e-23,1.784036077528983e-29
1472,4.926609700016867e-29,1.7001171411439405e-23,1.7786463943914006e-29
1473,4.913777620287933e-29,1.6979928611262688e-23,1.7732746298157565e-29
1474,4.900983479036717e-29,1.6958712356886917e-23,1.7679207175754873e-29
1475,4.888227147830375e-29,1.6937522615131326e-23,1.762584591717876e-29
1476,4.8755084987348364e-29,1.6916359352856633e-23,1.7572661865627894e-29
1477,4.862827404312587e-29,1.689522253696502e-23,1.7519654367014083e-29
1478,4.850183737620469e-29,1.687411213440005e-23,1.746682276994977e-29
1479,4.8375773722074935e-29,1.6853028112146635e-23,1.7414166425735533e-29
1480,4.825008182112653e-29,1.6831970437230976e-23,1.73616846883476e-29
1481,4.8124760418627593e-29,1.6810939076720504e-23,1.7309376914425552e-29
1482,4.799980826470288e-29,1.678993399772386e-23,1.7257242463259976e-29
1483,4.787522411431218e-29,1.6768955167390796e-23,1.7205280696780232e-29
1484,4.775100672722912e-29,1.674800255291216e-23,1.7153490979542275e-29
1485,4.7627154868019797e-29,1.6727076121519842e-23,1.7101872678716552e-29
1486,4.750366730602164e-29,1.6706175840486686e-23,1.7050425164075955e-29
1487,4.738054281532242e-29,1.6685301677126487e-23,1.699914780798379e-29
1488,4.7257780174739267e-29,1.6664453598793917e-23,1.6948039985381918e-29
1489,4.713537816779786e-29,1.6643631572884475e-23,1.6897101073778824e-29
1490,4.7013335582711646e-29,1.6622835566834434e-23,1.6846330453237835e-29
1491,4.689165121236128e-29,1.660206554812079e-23,1.679572750636541e-29
1492,4.677032385427404e-29,1.6581321484261213e-23,1.6745291618299383e-29
1493,4.6649352310603464e-29,1.6560603342814e-23,1.669502217669742e-29
1494,4.6528735388108987e-29,1.6539911091378022e-23,1.664491857172538e-29
1495,4.6408471898135736e-29,1.6519244697592667e-23,1.6594980196045872e-29
1496,4.6288560656594385e-29,1.649860412913779e-23,1.6545206444806765e-29
1497,4.616900048394125e-29,1.647798935373369e-23,1.6495596715629816e-29
1498,4.604979020515817e-29,1.6457400339141e-23,1.6446150408599363e-29
1499,4.5930928649732834e-29,1.6436837053160693e-23,1.6396866926251003e-29
1500,4.5812414651639083e-29,1.641629946363402e-23,1.6347745673560437e-29
1501,4.569424704931712e-29,1.6395787538442417e-23,1.629878605793225e-29
1502,4.557642468565418e-29,1.637530124550752e-23,1.6249987489188878e-29
1503,4.5458946407964943e-29,1.6354840552791058e-23,1.6201349379559515e-29
1504,4.534181106797236e-29,1.633440542829487e-23,1.615287114366916e-29
1505,4.522501752178816e-29,1.631399584006074e-23,1.6104552198527654e-29
1506,4.510856462989404e-29,1.6293611756170486e-23,1.605639196351884e-29
1507,4.4992451257122334e-29,1.6273253144745815e-23,1.6008389860389712e-29
1508,4.4876676272637186e-29,1.6252919973948294e-23,1.5960545313239684e-29
1509,4.476123854991571e-29,1.6232612211979327e-23,1.5912857748509842e-29
1510,4.4646136966729115e-29,1.6212329827080064e-23,1.5865326594972335e-29
1511,4.453137040512417e-29,1.6192072787531392e-23,1.5817951283719727e-29
1512,4.441693775140445e-29,1.6171841061653837e-23,1.577073124815449e-29
1513,4.430283789611203e-29,1.615163461780757e-23,1.572366592397848e-29
1514,4.418906973400897e-29,1.613145342439233e-23,1.5676754749182515e-29
1515,4.4075632164059e-29,1.6111297449847358e-23,1.5629997164036e-29
1516,4.3962524089409354e-29,1.609116666265138e-23,1.5583392611076535e-29
1517,4.384974441737257e-29,1.607106103132252e-23,1.5536940535099728e-29
1518,4.373729205940855e-29,1.6050980524418296e-23,1.5490640383148873e-29
1519,4.362516593110648e-29,1.603092511053553e-23,1.5444491604504806e-29
1520,4.351336495216708e-29,1.601089475831033e-23,1.5398493650675816e-29
1521,4.340188804638474e-29,1.5990889436418012e-23,1.5352645975387498e-29
1522,4.3290734141629874e-29,1.5970909113573077e-23,1.53069480345728e-29
1523,4.3179902169831327e-29,1.5950953758529148e-23,1.5261399286361984e-29
1524,4.306939106695879e-29,1.593102334007892e-23,1.5215999191072754e-29
1525,4.2959199773005433e-29,1.5911117827054114e-23,1.517074721120035e-29
1526,4.284932723197053e-29,1.5891237188325432e-23,1.512564281140773e-29
1527,4.273977239184221e-29,1.5871381392802507e-23,1.508068545851582e-29
1528,4.2630534204580244e-29,1.5851550409433842e-23,1.5035874621493744e-29
1529,4.252161162609899e-29,1.5831744207206784e-23,1.49912097714492e-29
1530,4.241300361625035e-29,1.581196275514745e-23,1.4946690381618786e-29
1531,4.23047091388069e-29,1.579220602232071e-23,1.4902315927358438e-29
1532,4.21967271614449e-29,1.577247397783009e-23,1.4858085886133914e-29
1533,4.208905665572774e-29,1.5752766590817787e-23,1.4813999737511276e-29
1534,4.1981696597089077e-29,1.5733083830464565e-23,1.4770056963147507e-29
1535,4.1874645964816296e-29,1.571342566598973e-23,1.472625704678106e-29
1536,4.176790374203403e-29,1.569379206665109e-23,1.468259947422256e-29
1537,4.1661468915687637e-29,1.5674183001744886e-23,1.46390837333455e-29
1538,4.1555340476526893e-29,1.5654598440605762e-23,1.4595709314076973e-29
1539,4.144951741908974e-29,1.5635038352606714e-23,1.4552475708388517e-29
1540,4.1343998741685963e-29,1.561550270715902e-23,1.450938241028689e-29
1541,4.123878344638122e-29,1.5595991473712245e-23,1.4466428915805037e-29
1542,4.113387053898084e-29,1.557650462175411e-23,1.4423614722992958e-29
1543,4.1029259029013975e-29,1.555704212081053e-23,1.438093933190872e-29
1544,4.092494792971765e-29,1.5537603940445506e-23,1.4338402244609496e-29
1545,4.082093625802096e-29,1.551819005026112e-23,1.429600296514261e-29
1546,4.0717223034529304e-29,1.5498800419897444e-23,1.4253740999536665e-29
1547,4.0613807283508815e-29,1.5479435019032543e-23,1.4211615855792693e-29
1548,4.051068803287063e-29,1.5460093817382373e-23,1.4169627043875355e-29
1549,4.040786431415546e-29,1.5440776784700773e-23,1.4127774075704224e-29
1550,4.030533516251818e-29,1.5421483890779404e-23,1.4086056465145012e-29
1551,4.0203099616712394e-29,1.54022151054477e-23,1.404447372800098e-29
1552,4.010115671907522e-29,1.538297039857284e-23,1.4003025382004246e-29
1553,3.999950551551194e-29,1.5363749740059642e-23,1.3961710946807226e-29
1554,3.9898145055481074e-29,1.5344553099850613e-23,1.3920529943974137e-29
1555,3.979707439197905e-29,1.5325380447925796e-23,1.3879481896972424e-29
1556,3.9696292581525457e-29,1.5306231754302815e-23,1.3838566331164396e-29
1557,3.959579868414792e-29,1.5287106989036758e-23,1.3797782773798727e-29
1558,3.949559176336734e-29,1.5268006122220168e-23,1.375713075400216e-29
1559,3.939567088618315e-29,1.5248929123983e-23,1.371660980277113e-29
1560,3.9296035123058446e-29,1.522987596449253e-23,1.3676219452963475e-29
1561,3.919668354790554e-29,1.5210846613953376e-23,1.3635959239290252e-29
1562,3.909761523807124e-29,1.519184104260739e-23,1.359582869830745e-29
1563,3.899882927432241e-29,1.517285922073364e-23,1.355582736840787e-29
1564,3.8900324740831513e-29,1.515390111864836e-23,1.3515954789813e-29
1565,3.88021007251623e-29,1.513496670670491e-23,1.3476210504564908e-29
1566,3.870415631825542e-29,1.5116055955293718e-23,1.3436594056518226e-29
1567,3.860649061441427e-29,1.5097168834842234e-23,1.339710499133212e-29
1568,3.8509102711290826e-29,1.5078305315814895e-23,1.335774285646234e-29
1569,3.841199170987147e-29,1.5059465368713056e-23,1.331850720115327e-29
1570,3.831515671446309e-29,1.504064896407498e-23,1.327939757643009e-29
1571,3.8218596832679005e-29,1.5021856072475748e-23,1.3240413535090857e-29
1572,3.812231117542519e-29,1.5003086664527266e-23,1.320155463169876e-29
1573,3.802629885688632e-29,1.4984340710878157e-23,1.3162820422574305e-29
1574,3.793055899451209e-29,1.4965618182213764e-23,1.31242104657876e-29
1575,3.783509070900351e-29,1.4946919049256086e-23,1.3085724321150655e-29
1576,3.773989312429925e-29,1.4928243282763726e-23,1.3047361550209735e-29
1577,3.7644965367562107e-29,1.490959085353186e-23,1.30091217162377e-29
1578,3.755030656916545e-29,1.4890961732392165e-23,1.297100438422648e-29
1579,3.745591586267987e-29,1.4872355890212825e-23,1.2933009120879474e-29
1580,3.7361792384859685e-29,1.4853773297898416e-23,1.2895135494604094e-29
1581,3.726793527562974e-29,1.483521392638992e-23,1.2857383075504234e-29
1582,3.7174343678072106e-29,1.4816677746664647e-23,1.2819751435372866e-29
1583,3.708101673841289e-29,1.4798164729736195e-23,1.2782240147684664e-29
1584,3.698795360600913e-29,1.477967484665442e-23,1.2744848787588584e-29
1585,3.6895153433335717e-29,1.4761208068505362e-23,1.2707576931900586e-29
1586,3.680261537597241e-29,1.4742764366411227e-23,1.26704241590963e-29
1587,3.671033859259088e-29,1.4724343711530322e-23,1.2633390049303827e-29
1588,3.661832224494185e-29,1.4705946075057027e-23,1.2596474184296439e-29
1589,3.6526565497842295e-29,1.468757142822174e-23,1.2559676147485461e-29
1590,3.643506751916263e-29,1.466921974229084e-23,1.2522995523913091e-29
1591,3.634382747981403e-29,1.465089098856661e-23,1.2486431900245286e-29
1592,3.6252844553735836e-29,1.4632585138387243e-23,1.2449984864764687e-29
1593,3.616211791788293e-29,1.4614302163126758e-23,1.241365400736356e-29
1594,3.6071646752213255e-29,1.4596042034194982e-23,1.2377438919536781e-29
1595,3.598143023967528e-29,1.4577804723037467e-23,1.2341339194374889e-29
1596,3.589146756619573e-29,1.4559590201135502e-23,1.2305354426557095e-29
1597,3.5801757920667087e-29,1.4541398440006012e-23,1.2269484212344403e-29
1598,3.571230049493542e-29,1.4523229411201544e-23,1.2233728149572708e-29
1599,3.5623094483788114e-29,1.4505083086310224e-23,1.2198085837645989e-29
1600,3.5534139084941685e-29,1.4486959436955686e-23,1.2162556877529457e-29
1601,3.5445433499029674e-29,1.4468858434797058e-23,1.212714087174278e-29
1602,3.5356976929590663e-29,1.4450780051528923e-23,1.2091837424353377e-29
1603,3.526876858305612e-29,1.4432724258881226e-23,1.2056646140969653e-29
1604,3.51808076687386e-29,1.4414691028619275e-23,1.2021566628734352e-29
1605,3.509309339881975e-29,1.4396680332543677e-23,1.19865984963179e-29
1606,3.5005624988338577e-29,1.4378692142490315e-23,1.1951741353911767e-29
1607,3.491840165517956e-29,1.4360726430330265e-23,1.191699481322194e-29
1608,3.4831422620061027e-29,1.43427831679698e-23,1.1882358487462287e-29
1609,3.4744687106523403e-29,1.4324862327350305e-23,1.1847831991348118e-29
1610,3.465819434091763e-29,1.4306963880448247e-23,1.1813414941089629e-29
1611,3.4571943552393625e-29,1.4289087799275145e-23,1.177910695438548e-29
1612,3.448593397288875e-29,1.427123405587751e-23,1.1744907650416374e-29
1613,3.4400164837116337e-29,1.4253402622336805e-23,1.1710816649838613e-29
1614,3.4314635382554313e-29,1.4235593470769392e-23,1.1676833574777794e-29
1615,3.422934484943389e-29,1.421780657332652e-23,1.1642958048822418e-29
1616,3.4144292480728176e-29,1.4200041902194242e-23,1.1609189697017637e-29
1617,3.4059477522140996e-29,1.4182299429593392e-23,1.157552814585892e-29
1618,3.397489922209573e-29,1.4164579127779546e-23,1.1541973023285856e-29
1619,3.389055683172405e-29,1.4146880969042957e-23,1.150852395867593e-29
1620,3.3806449604855006e-29,1.4129204925708541e-23,1.1475180582838311e-29
1621,3.372257679800382e-29,1.4111550970135805e-23,1.1441942528007731e-29
1622,3.3638937670361035e-29,1.409391907471883e-23,1.1408809427838338e-29
1623,3.355553148378148e-29,1.4076309211886194e-23,1.1375780917397601e-29
1624,3.3472357502773484e-29,1.4058721354100987e-23,1.1342856633160258e-29
1625,3.338941499448789e-29,1.404115547386068e-23,1.1310036213002246e-29
1626,3.3306703228707475e-29,1.4023611543697168e-23,1.127731929619473e-29
1627,3.3224221477836054e-29,1.400608953617669e-23,1.124470552339809e-29
1628,3.314196901688783e-29,1.3988589423899762e-23,1.1212194536655977e-29
1629,3.305994512347684e-29,1.3971111179501192e-23,1.1179785979389412e-29
1630,3.2978149077806224e-29,1.3953654775649975e-23,1.1147479496390833e-29
1631,3.289658016265784e-29,1.39362201850493e-23,1.1115274733818308e-29
1632,3.2815237663381634e-29,1.391880738043647e-23,1.1083171339189613e-29
1633,3.2734120867885326e-29,1.390141633458289e-23,1.1051168961376477e-29
1634,3.2653229066623916e-29,1.3884047020294002e-23,1.1019267250598778e-29
1635,3.2572561552589395e-29,1.3866699410409257e-23,1.0987465858418763e-29
1636,3.249211762130044e-29,1.3849373477802065e-23,1.0955764437735367e-29
1637,3.2411896570792085e-29,1.3832069195379735e-23,1.0924162642778464e-29
1638,3.23318977016057e-29,1.3814786536083497e-23,1.0892660129103231e-29
1639,3.225212031677859e-29,1.3797525472888354e-23,1.0861256553584453e-29
1640,3.217256372183409e-29,1.3780285978803144e-23,1.0829951574410937e-29
1641,3.209322722477139e-29,1.3763068026870435e-23,1.0798744851079921e-29
1642,3.2014110136055545e-29,1.3745871590166503e-23,1.0767636044391467e-29
1643,3.1935211768607523e-29,1.3728696641801298e-23,1.073662481644296e-29
1644,3.185653143779421e-29,1.3711543154918367e-23,1.0705710830623552e-29
1645,3.177806846141863e-29,1.369441110269487e-23,1.0674893751608727e-29
1646,3.169982215970999e-29,1.3677300458341467e-23,1.0644173245354768e-29
1647,3.1621791855314e-29,1.3660211195102347e-23,1.0613548979093368e-29
1648,3.154397687328303e-29,1.364314328625513e-23,1.058302062132621e-29
1649,3.146637654106649e-29,1.3626096705110865e-23,1.0552587841819556e-29
1650,3.138899018850108e-29,1.360907142501395e-23,1.0522250311598919e-29
1651,3.1311817147801253e-29,1.3592067419342128e-23,1.0492007702943692e-29
1652,3.1234856753549626e-29,1.357508466150643e-23,1.0461859689381853e-29
1653,3.11581083426874e-29,1.3558123124951112e-23,1.04318059456847e-29
1654,3.108157125450496e-29,1.354118278315366e-23,1.040184614786154e-29
1655,3.100524483063232e-29,1.3524263609624686e-23,1.03719799731545e-29
1656,3.092912841502988e-29,1.3507365577907973e-23,1.0342207100033283e-29
1657,3.085322135397888e-29,1.3490488661580324e-23,1.0312527208189999e-29
1658,3.0777522996072264e-29,1.347363283425163e-23,1.0282939978533984e-29
1659,3.0702032692205275e-29,1.345679806956474e-23,1.0253445093186681e-29
1660,3.062674979556631e-29,1.343998434119548e-23,1.0224042235476518e-29
1661,3.05516736616277e-29,1.3423191622852592e-23,1.0194731089933795e-29
1662,3.0476803648136517e-29,1.3406419888277664e-23,1.0165511342285659e-29
1663,3.040213911510557e-29,1.338966911124514e-23,1.0136382679451017e-29
1664,3.032767942480425e-29,1.3372939265562244e-23,1.0107344789535545e-29
1665,3.0253423941749576e-29,1.3356230325068963e-23,1.0078397361826691e-29
1666,3.0179372032697096e-29,1.333954226363795e-23,1.0049540086788666e-29
1667,3.0105523066632124e-29,1.332287505517458e-23,1.0020772656057559e-29
1668,3.003187641476067e-29,1.330622867361682e-23,9.99209476243634e-30
1669,2.995843145050068e-29,1.3289603092935228e-23,9.963506099890006e-30
1670,2.988518754947318e-29,1.3272998287132917e-23,9.935006363540681e-30
1671,2.981214408949344e-29,1.3256414230245482e-23,9.906595249662752e-30
1672,2.9739300450562365e-29,1.3239850896341005e-23,9.878272455678058e-30
1673,2.966665601485764e-29,1.322330825951997e-23,9.850037680151042e-30
1674,2.959421016672521e-29,1.3206786293915267e-23,9.821890622783995e-30
1675,2.952196229267049e-29,1.3190284973692098e-23,9.793830984412263e-30
1676,2.944991178134993e-29,1.3173804273047984e-23,9.765858466999508e-30
1677,2.937805802356241e-29,1.3157344166212714e-23,9.737972773632999e-30
1678,2.9306400412240665e-29,1.3140904627448267e-23,9.710173608518879e-30
1679,2.9234938342442953e-29,1.3124485631048843e-23,9.682460676977523e-30
1680,2.916367121134445e-29,1.3108087151340736e-23,9.654833685438847e-30
1681,2.909259841822902e-29,1.3091709162682381e-23,9.627292341437681e-30
1682,2.902171936448072e-29,1.3075351639464236e-23,9.599836353609173e-30
1683,2.8951033453575583e-29,1.3059014556108809e-23,9.572465431684157e-30
1684,2.888054009107325e-29,1.3042697887070564e-23,9.545179286484624e-30
1685,2.881023868460879e-29,1.3026401606835914e-23,9.517977629919136e-30
1686,2.8740128643884463e-29,1.301012568992318e-23,9.490860174978307e-30
1687,2.8670209380661497e-29,1.2993870110882514e-23,9.463826635730309e-30
1688,2.8600480308752037e-29,1.2977634844295916e-23,9.436876727316351e-30
1689,2.853094084401098e-29,1.2961419864777145e-23,9.410010165946247e-30
1690,2.846159040432797e-29,1.2945225146971723e-23,9.38322666889394e-30
1691,2.839242840961927e-29,1.292905066555684e-23,9.356525954493099e-30
1692,2.8323454281819866e-29,1.2912896395241366e-23,9.329907742132688e-30
1693,2.825466744487549e-29,1.2896762310765797e-23,9.303371752252598e-30
1694,2.818606732473463e-29,1.2880648386902191e-23,9.276917706339286e-30
1695,2.8117653349340734e-29,1.2864554598454167e-23,9.250545326921409e-30
1696,2.804942494862428e-29,1.2848480920256825e-23,9.224254337565517e-30
1697,2.798138155449503e-29,1.2832427327176749e-23,9.198044462871737e-30
1698,2.791352260083416e-29,1.2816393794111923e-23,9.171915428469484e-30
1699,2.784584752348663e-29,1.2800380295991747e-23,9.145866961013222e-30
1700,2.777835576025331e-29,1.2784386807776923e-23,9.119898788178172e-30
1701,2.7711046750883474e-29,1.2768413304459494e-23,9.094010638656137e-30
1702,2.764391993706704e-29,1.2752459761062762e-23,9.068202242151243e-30
1703,2.757697476242697e-29,1.2736526152641237e-23,9.042473329375789e-30
1704,2.751021067251172e-29,1.2720612454280636e-23,9.016823632046067e-30
1705,2.7443627114787695e-29,1.2704718641097818e-23,8.991252882878203e-30
1706,2.7377223538631725e-29,1.2688844688240759e-23,8.965760815584041e-30
1707,2.7310999395323554e-29,1.2672990570888484e-23,8.940347164867014e-30
1708,2.7244954138038484e-29,1.2657156264251084e-23,8.915011666418075e-30
1709,2.7179087221839853e-29,1.2641341743569614e-23,8.889754056911592e-30
1710,2.711339810367173e-29,1.2625546984116095e-23,8.864574074001314e-30
1711,2.704788624235155e-29,1.2609771961193468e-23,8.839471456316339e-30
1712,2.6982551098562775e-29,1.2594016650135543e-23,8.814445943457064e-30
1713,2.691739213484765e-29,1.2578281026306976e-23,8.789497275991237e-30
1714,2.6852408815599896e-29,1.256256506510321e-23,8.764625195449914e-30
1715,2.678760060705756e-29,1.2546868741950463e-23,8.739829444323529e-30
1716,2.6722966977295757e-29,1.2531192032305665e-23,8.715109766057963e-30
1717,2.665850739621959e-29,1.2515534911656443e-23,8.69046590505058e-30
1718,2.6594221335556964e-29,1.2499897355521065e-23,8.665897606646344e-30
1719,2.653010826885148e-29,1.2484279339448389e-23,8.641404617133906e-30
1720,2.6466167671455466e-29,1.2468680839017875e-23,8.616986683741753e-30
1721,2.640239902052283e-29,1.2453101829839487e-23,8.592643554634338e-30
1722,2.633880179500215e-29,1.2437542287553696e-23,8.568374978908228e-30
1723,2.6275375475629635e-29,1.2422002187831411e-23,8.54418070658832e-30
1724,2.621211954492226e-29,1.2406481506373989e-23,8.52006048862399e-30
1725,2.614903348717076e-29,1.2390980218913128e-23,8.496014076885349e-30
1726,2.608611678843284e-29,1.237549830121089e-23,8.472041224159435e-30
1727,2.602336893652631e-29,1.2360035729059643e-23,8.44814168414649e-30
1728,2.596078942102219e-29,1.2344592478281994e-23,8.424315211456213e-30
1729,2.589837773323804e-29,1.2329168524730808e-23,8.400561561604035e-30
1730,2.583613336623109e-29,1.2313763844289117e-23,8.376880491007431e-30
1731,2.5774055814791575e-29,1.2298378412870114e-23,8.353271756982215e-30
1732,2.571214457543602e-29,1.2283012206417101e-23,8.329735117738893e-30
1733,2.5650399146400575e-29,1.2267665200903465e-23,8.306270332379001e-30
1734,2.5588819027634315e-29,1.2252337372332605e-23,8.282877160891463e-30
1735,2.5527403720792736e-29,1.2237028696737956e-23,8.25955536414899e-30
1736,2.546615272923107e-29,1.2221739150182896e-23,8.236304703904453e-30
1737,2.540506555799776e-29,1.2206468708760728e-23,8.213124942787323e-30
1738,2.534414171382797e-29,1.2191217348594654e-23,8.190015844300083e-30
1739,2.5283380705136994e-29,1.2175985045837705e-23,8.16697717281467e-30
1740,2.5222782042013913e-29,1.2160771776672753e-23,8.144008693568962e-30
1741,2.5162345236215025e-29,1.2145577517312422e-23,8.121110172663228e-30
1742,2.5102069801157515e-29,1.213040224399909e-23,8.098281377056642e-30
1743,2.504195525191304e-29,1.2115245933004839e-23,8.075522074563776e-30
1744,2.498200110520134e-29,1.2100108560631398e-23,8.052832033851136e-30
1745,2.492220687938395e-29,1.2084990103210136e-23,8.030211024433705e-30
1746,2.4862572094457873e-29,1.2069890537102008e-23,8.00765881667149e-30
1747,2.480309627204932e-29,1.2054809838697532e-23,7.985175181766104e-30
1748,2.4743778935407408e-29,1.203974798441672e-23,7.962759891757341e-30
1749,2.4684619609398022e-29,1.2024704950709092e-23,7.940412719519795e-30
1750,2.4625617820497513e-29,1.2009680714053581e-23,7.91813343875946e-30
1751,2.456677309678662e-29,1.1994675250958544e-23,7.895921824010374e-30
1752,2.4508084967944302e-29,1.1979688537961716e-23,7.873777650631273e-30
1753,2.444955296524156e-29,1.1964720551630131e-23,7.851700694802235e-30
1754,2.4391176621535447e-29,1.1949771268560154e-23,7.829690733521381e-30
1755,2.433295547126289e-29,1.1934840665377374e-23,7.807747544601547e-30
1756,2.4274889050434793e-29,1.1919928718736642e-23,7.785870906667002e-30
1757,2.4216976896629863e-29,1.1905035405321958e-23,7.764060599150184e-30
1758,2.4159218548988757e-29,1.1890160701846494e-23,7.742316402288399e-30
1759,2.4101613548208032e-29,1.1875304585052517e-23,7.720638097120626e-30
1760,2.4044161436534263e-29,1.1860467031711381e-23,7.699025465484226e-30
1761,2.3986861757758138e-29,1.184564801862349e-23,7.677478290011766e-30
1762,2.3929714057208516e-29,1.183084752261823e-23,7.65599635412781e-30
1763,2.387271788174661e-29,1.1816065520553968e-23,7.634579442045687e-30
1764,2.3815872779760138e-29,1.1801301989317986e-23,7.613227338764381e-30
1765,2.375917830115755e-29,1.1786556905826486e-23,7.591939830065304e-30
1766,2.370263399736217e-29,1.1771830247024503e-23,7.570716702509197e-30
1767,2.364623942130652e-29,1.175712198988591e-23,7.549557743432963e-30
1768,2.358999412742654e-29,1.1742432111413365e-23,7.528462740946564e-30
1769,2.3533897671655852e-29,1.172776058863827e-23,7.507431483929915e-30
1770,2.347794961142014e-29,1.1713107398620747e-23,7.486463762029777e-30
1771,2.342214950563143e-29,1.1698472518449587e-23,7.465559365656704e-30
1772,2.3366496914682483e-29,1.1683855925242237e-23,7.444718085981947e-30
1773,2.331099140044116e-29,1.1669257596144736e-23,7.42393971493442e-30
1774,2.3255632526244895e-29,1.1654677508331718e-23,7.403224045197675e-30
1775,2.3200419856895002e-29,1.1640115639006317e-23,7.382570870206837e-30
1776,2.3145352958651268e-29,1.1625571965400191e-23,7.361979984145644e-30
1777,2.3090431399226372e-29,1.1611046464773466e-23,7.34145118194341e-30
1778,2.3035654747780362e-29,1.1596539114414674e-23,7.320984259272053e-30
1779,2.2981022574915253e-29,1.158204989164076e-23,7.300579012543135e-30
1780,2.2926534452669514e-29,1.1567578773797013e-23,7.280235238904884e-30
1781,2.2872189954512686e-29,1.1553125738257048e-23,7.259952736239268e-30
1782,2.2817988655339945e-29,1.1538690762422765e-23,7.239731303159046e-30
1783,2.2763930131466783e-29,1.1524273823724329e-23,7.219570739004868e-30
1784,2.2710013960623553e-29,1.1509874899620091e-23,7.199470843842351e-30
1785,2.265623972195023e-29,1.1495493967596605e-23,7.17943141845919e-30
1786,2.260260699599106e-29,1.1481131005168567e-23,7.15945226436229e-30
1787,2.254911536468926e-29,1.146678598987878e-23,7.139533183774879e-30
1788,2.2495764411381767e-29,1.1452458899298116e-23,7.11967397963368e-30
1789,2.2442553720793986e-29,1.143814971102549e-23,7.099874455586027e-30
1790,2.2389482879034602e-29,1.1423858402687831e-23,7.080134415987075e-30
1791,2.2336551473590309e-29,1.1409584951940019e-23,7.060453665896968e-30
1792,2.2283759093320702e-29,1.1395329336464881e-23,7.040832011078025e-30
1793,2.223110532845311e-29,1.1381091533973149e-23,7.02126925799196e-30
1794,2.2178589770577393e-29,1.1366871522203397e-23,7.00176521379709e-30
1795,2.2126212012640938e-29,1.1352669278922052e-23,6.982319686345582e-30
1796,2.2073971648943461e-29,1.1338484781923317e-23,6.96293248418068e-30
1797,2.202186827513205e-29,1.1324318009029178e-23,6.943603416533974e-30
1798,2.1969901488195986e-29,1.1310168938089313e-23,6.924332293322658e-30
1799,2.191807088646185e-29,1.1296037546981128e-23,6.90511892514682e-30
1800,2.18663760695884e-29,1.1281923813609657e-23,6.885963123286727e-30
1801,2.181481663856167e-29,1.1267827715907565e-23,6.86686469970013e-30
1802,2.1763392195689967e-29,1.1253749231835103e-23,6.84782346701957e-30
1803,2.1712102344598932e-29,1.1239688339380076e-23,6.828839238549736e-30
1804,2.1660946690226644e-29,1.1225645016557814e-23,6.809911828264767e-30
1805,2.1609924838818654e-29,1.1211619241411108e-23,6.79104105080563e-30
1806,2.1559036397923192e-29,1.1197610992010222e-23,6.77222672147746e-30
1807,2.1508280976386224e-29,1.1183620246452815e-23,6.753468656246954e-30
1808,2.1457658184346686e-29,1.1169646982863946e-23,6.734766671739745e-30
1809,2.1407167633231594e-29,1.1155691179396003e-23,6.716120585237796e-30
1810,2.1356808935751288e-29,1.1141752814228689e-23,6.697530214676826e-30
1811,2.1306581705894677e-29,1.1127831865569004e-23,6.678995378643704e-30
1812,2.1256485558924382e-29,1.1113928311651158e-23,6.660515896373902e-30
1813,2.1206520111372116e-29,1.1100042130736602e-23,6.642091587748916e-30
1814,2.1156684981033863e-29,1.1086173301113938e-23,6.623722273293737e-30
1815,2.1106979786965274e-29,1.1072321801098933e-23,6.605407774174314e-30
1816,2.1057404149476878e-29,1.1058487609034433e-23,6.587147912195008e-30
1817,2.1007957690129517e-29,1.1044670703290384e-23,6.568942509796109e-30
1818,2.0958640031729663e-29,1.1030871062263763e-23,6.550791390051306e-30
1819,2.0909450798324776e-29,1.1017088664378544e-23,6.53269437666521e-30
1820,2.0860389615198757e-29,1.1003323488085686e-23,6.514651293970877e-30
1821,2.081145610886729e-29,1.0989575511863072e-23,6.496661966927311e-30
1822,2.0762649907073362e-29,1.097584471421551e-23,6.478726221117043e-30
1823,2.071397063878263e-29,1.096213107367465e-23,6.460843882743646e-30
1824,2.0665417934178993e-29,1.0948434568799013e-23,6.443014778629326e-30
1825,2.0616991424659985e-29,1.0934755178173903e-23,6.42523873621247e-30
1826,2.0568690742832333e-29,1.092109288041139e-23,6.407515583545236e-30
1827,2.052051552250752e-29,1.0907447654150302e-23,6.389845149291167e-30
1828,2.047246539869725e-29,1.0893819478056145e-23,6.372227262722755e-30
1829,2.0424540007609108e-29,1.0880208330821125e-23,6.354661753719093e-30
1830,2.037673898664205e-29,1.0866614191164045e-23,6.337148452763473e-30
1831,2.0329061974382105e-29,1.0853037037830354e-23,6.319687190941029e-30
1832,2.0281508610597898e-29,1.0839476849592034e-23,6.302277799936398e-30
1833,2.023407853623639e-29,1.0825933605247635e-23,6.284920112031339e-30
1834,2.0186771393418427e-29,1.0812407283622182e-23,6.267613960102437e-30
1835,2.0139586825434513e-29,1.0798897863567191e-23,6.250359177618746e-30
1836,2.009252447674046e-29,1.0785405323960612e-23,6.233155598639497e-30
1837,2.0045583992953073e-29,1.0771929643706786e-23,6.2160030578117826e-30
1838,1.9998765020845953e-29,1.0758470801736448e-23,6.198901390368258e-30
1839,1.995206720834515e-29,1.0745028777006644e-23,6.181850432124873e-30
1840,1.9905490204525011e-29,1.0731603548500747e-23,6.16485001947857e-30
1841,1.9859033659603913e-29,1.0718195095228393e-23,6.147899989405053e-30
1842,1.9812697224940078e-29,1.0704803396225457e-23,6.1310001794564954e-30
1843,1.9766480553027398e-29,1.069142843055403e-23,6.114150427759317e-30
1844,1.972038329749123e-29,1.0678070177302363e-23,6.097350573011949e-30
1845,1.9674405113084306e-29,1.0664728615584854e-23,6.080600454482593e-30
1846,1.9628545655682547e-29,1.0651403724542012e-23,6.063899912007017e-30
1847,1.958280458228099e-29,1.0638095483340424e-23,6.047248785986336e-30
1848,1.953718155098964e-29,1.0624803871172709e-23,6.03064691738482e-30
1849,1.9491676221029457e-29,1.0611528867257508e-23,6.0140941477277154e-30
1850,1.9446288252728223e-29,1.0598270450839432e-23,5.997590319099043e-30
1851,1.9401017307516537e-29,1.0585028601189043e-23,5.98113527413945e-30
1852,1.9355863047923786e-29,1.0571803297602821e-23,5.9647288560440354e-30
1853,1.9310825137574072e-29,1.0558594519403106e-23,5.9483709085601995e-30
1854,1.9265903241182314e-29,1.0545402245938116e-23,5.932061275985517e-30
1855,1.9221097024550147e-29,1.0532226456581853e-23,5.915799803165577e-30
1856,1.9176406154562076e-29,1.0519067130734131e-23,5.899586335491888e-30
1857,1.9131830299181437e-29,1.0505924247820499e-23,5.88342071889974e-30
1858,1.9087369127446503e-29,1.0492797787292232e-23,5.867302799866112e-30
1859,1.9043022309466546e-29,1.0479687728626281e-23,5.8512324254075744e-30
1860,1.8998789516417982e-29,1.0466594051325269e-23,5.8352094430781845e-30
1861,1.8954670420540428e-29,1.045351673491743e-23,5.8192337009674376e-30
1862,1.8910664695132865e-29,1.0440455758956593e-23,5.803305047698172e-30
1863,1.8866772014549786e-29,1.0427411103022149e-23,5.7874233324245154e-30
1864,1.8822992054197325e-29,1.0414382746719001e-23,5.7715884048298346e-30
1865,1.8779324490529493e-29,1.0401370669677568e-23,5.755800115124687e-30
1866,1.873576900104431e-29,1.0388374851553711e-23,5.740058314044796e-30
1867,1.8692325264280067e-29,1.0375395272028742e-23,5.724362852849008e-30
1868,1.864899295981151e-29,1.0362431910809358e-23,5.7087135833172924e-30
1869,1.860577176824609e-29,1.0349484747627627e-23,5.693110357748714e-30
1870,1.8562661371220248e-29,1.0336553762240958e-23,5.677553028959459e-30
1871,1.851966145139563e-29,1.0323638934432056e-23,5.662041450280806e-30
1872,1.8476771692455437e-29,1.0310740244008907e-23,5.646575475557173e-30
1873,1.8433991779100656e-29,1.0297857670804727e-23,5.631154959144134e-30
1874,1.839132139704645e-29,1.0284991194677958e-23,5.6157797559064414e-30
1875,1.834876023301841e-29,1.0272140795512197e-23,5.600449721216085e-30
1876,1.830630797474898e-29,1.025930645321621e-23,5.585164710950329e-30
1877,1.8263964310973755e-29,1.0246488147723864e-23,5.5699245814897634e-30
1878,1.8221728931427865e-29,1.0233685858994104e-23,5.554729189716402e-30
1879,1.8179601526842436e-29,1.0220899567010957e-23,5.539578393011714e-30
1880,1.8137581788940853e-29,1.0208129251783424e-23,5.524472049254742e-30
1881,1.8095669410435345e-29,1.0195374893345545e-23,5.5094100168201726e-30
1882,1.8053864085023272e-29,1.018263647175627e-23,5.4943921545764395e-30
1883,1.8012165507383694e-29,1.0169913967099524e-23,5.4794183218838384e-30
1884,1.7970573373173715e-29,1.0157207359484081e-23,5.464488378592629e-30
1885,1.7929087379025078e-29,1.0144516629043617e-23,5.4496021850411705e-30
1886,1.788770722254057e-29,1.0131841755936626e-23,5.434759602054039e-30
1887,1.784643260229055e-29,1.0119182720346399e-23,5.419960490940181e-30
1888,1.7805263217809497e-29,1.0106539502481009e-23,5.405204713491045e-30
1889,1.7764198769592492e-29,1.0093912082573261e-23,5.390492131978744e-30
1890,1.7723238959091816e-29,1.0081300440880678e-23,5.3758226091542244e-30
1891,1.7682383488713463e-29,1.0068704557685448e-23,5.3611960082454116e-30
1892,1.7641632061813766e-29,1.0056124413294423e-23,5.346612192955423e-30
1893,1.7600984382695955e-29,1.0043559988039073e-23,5.33207102746072e-30
1894,1.756044015660673e-29,1.0031011262275427e-23,5.317572376409316e-30
1895,1.7519999089732954e-29,1.00184782163841e-23,5.303116104918981e-30
1896,1.7479660889198204e-29,1.0005960830770215e-23,5.288702078575441e-30
1897,1.7439425263059473e-29,9.993459085863393e-24,5.274330163430595e-30
1898,1.7399291920303786e-29,9.980972962117721e-24,5.260000226000741e-30
1899,1.7359260570844898e-29,9.968502440011717e-24,5.245712133264807e-30
1900,1.731933092551994e-29,9.95604750004829e-24,5.231465752662581e-30
1901,1.727950269608619e-29,9.94360812275475e-24,5.2172609520929666e-30
1902,1.7239775595217684e-29,9.931184288682715e-24,5.203097599912231e-30
1903,1.7200149336502012e-29,9.918775978408128e-24,5.188975564932259e-30
1904,1.716062363443704e-29,9.906383172531223e-24,5.1748947164188365e-30
1905,1.712119820442762e-29,9.894005851676459e-24,5.1608549240899074e-30
1906,1.7081872762782422e-29,9.88164399649254e-24,5.1468560581138625e-30
1907,1.7042647026710634e-29,9.869297587652343e-24,5.132897989107833e-30
1908,1.7003520714318818e-29,9.856966605852913e-24,5.118980588135977e-30
1909,1.6964493544607636e-29,9.844651031815406e-24,5.105103726707792e-30
1910,1.6925565237468762e-29,9.832350846285108e-24,5.0912672767764206e-30
1911,1.688673551368162e-29,9.820066030031349e-24,5.077471110736961e-30
1912,1.684800409491025e-29,9.807796563847502e-24,5.063715101424811e-30
1913,1.6809370703700192e-29,9.795542428550953e-24,5.0499991221139745e-30
1914,1.67708350634753e-29,9.783303604983061e-24,5.036323046515424e-30
1915,1.6732396898534662e-29,9.771080074009142e-24,5.02268674877542e-30
1916,1.6694055934049453e-29,9.758871816518418e-24,5.0090901034738954e-30
1917,1.665581189605987e-29,9.746678813424011e-24,4.995532985622778e-30
1918,1.6617664511472025e-29,9.734501045662894e-24,4.9820152706643845e-30
1919,1.6579613508054865e-29,9.722338494195869e-24,4.968536834469784e-30
1920,1.6541658614437148e-29,9.710191140007547e-24,4.9550975533371715e-30
1921,1.6503799560104335e-29,9.698058964106293e-24,4.941697303990264e-30
1922,1.6466036075395613e-29,9.685941947524225e-24,4.9283359635766884e-30
1923,1.642836789150081e-29,9.673840071317155e-24,4.915013409666373e-30
1924,1.6390794740457457e-29,9.661753316564592e-24,4.901729520249976e-30
1925,1.6353316355147705e-29,9.649681664369687e-24,4.888484173737274e-30
1926,1.6315932469295384e-29,9.637625095859207e-24,4.8752772489555925e-30
1927,1.627864281746304e-29,9.62558359218353e-24,4.8621086251482384e-30
1928,1.6241447135048894e-29,9.613557134516565e-24,4.848978181972914e-30
1929,1.6204345158284006e-29,9.601545704055789e-24,4.835885799500179e-30
1930,1.6167336624229192e-29,9.589549282022143e-24,4.822831358211873e-30
1931,1.613042127077223e-29,9.577567849660079e-24,4.809814738999589e-30
1932,1.6093598836624832e-29,9.565601388237464e-24,4.79683582316311e-30
1933,1.6056869061319817e-29,9.553649879045602e-24,4.7838944924088996e-30
1934,1.602023168520815e-29,9.541713303399162e-24,4.770990628848543e-30
1935,1.598368644945611e-29,9.529791642636187e-24,4.758124114997246e-30
1936,1.5947233096042394e-29,9.517884878118043e-24,4.745294833772318e-30
1937,1.5910871367755233e-29,9.505992991229382e-24,4.7325026684916475e-30
1938,1.5874601008189584e-29,9.494115963378136e-24,4.7197475028722125e-30
1939,1.5838421761744266e-29,9.482253775995478e-24,4.707029221028575e-30
1940,1.5802333373619142e-29,9.470406410535787e-24,4.6943477074713916e-30
1941,1.576633558981228e-29,9.458573848476622e-24,4.6817028471059336e-30
1942,1.573042815711718e-29,9.446756071318699e-24,4.669094525230594e-30
1943,1.569461082311996e-29,9.434953060585856e-24,4.6565226275354326e-30
1944,1.565888333619656e-29,9.423164797825025e-24,4.643987040100693e-30
1945,1.5623245445510009e-29,9.411391264606206e-24,4.6314876493953514e-30
1946,1.5587696901007615e-29,9.399632442522431e-24,4.619024342275661e-30
1947,1.5552237453418248e-29,9.387888313189748e-24,4.606597005983689e-30
1948,1.551686685424958e-29,9.376158858247176e-24,4.594205528145903e-30
1949,1.548158485578538e-29,9.364444059356693e-24,4.581849796771701e-30
1950,1.5446391211082755e-29,9.352743898203186e-24,4.5695297002520046e-30
1951,1.5411285673969487e-29,9.341058356494453e-24,4.5572451273578194e-30
1952,1.5376267999041301e-29,9.329387415961146e-24,4.544995967238819e-30
1953,1.534133794165919e-29,9.31773105835675e-24,4.532782109421942e-30
1954,1.5306495257946756e-29,9.306089265457568e-24,4.520603443809966e-30
1955,1.5271739704787497e-29,9.294462019062673e-24,4.508459860680122e-30
1956,1.523707103982221e-29,9.282849300993893e-24,4.496351250682685e-30
1957,1.5202489021446296e-29,9.271251093095774e-24,4.4842775048395895e-30
1958,1.5167993408807164e-29,9.259667377235565e-24,4.4722385145430524e-30
1959,1.5133583961801566e-29,9.248098135303164e-24,4.460234171554175e-30
1960,1.5099260441073027e-29,9.236543349211121e-24,4.448264368001591e-30
1961,1.5065022608009216e-29,9.225003000894595e-24,4.436328996380079e-30
1962,1.5030870224739326e-29,9.213477072311305e-24,4.424427949549215e-30
1963,1.4996803054131562e-29,9.201965545441551e-24,4.41256112073201e-30
1964,1.4962820859790487e-29,9.190468402288131e-24,4.400728403513551e-30
1965,1.4928923406054525e-29,9.17898562487636e-24,4.3889296918396745e-30
1966,1.489511045799335e-29,9.167517195254004e-24,4.377164880015604e-30
1967,1.4861381781405394e-29,9.156063095491277e-24,4.365433862704636e-30
1968,1.4827737142815273e-29,9.144623307680808e-24,4.353736534926793e-30
1969,1.4794176309471268e-29,9.133197813937591e-24,4.3420727920575056e-30
1970,1.4760699049342854e-29,9.121786596399002e-24,4.330442529826309e-30
1971,1.472730513111813e-29,9.11038963722472e-24,4.318845644315499e-30
1972,1.4693994324201382e-29,9.099006918596744e-24,4.307282031958859e-30
1973,1.4660766398710546e-29,9.08763842271933e-24,4.295751589540326e-30
1974,1.4627621125474783e-29,9.076284131818984e-24,4.28425421419272e-30
1975,1.4594558276031967e-29,9.064944028144419e-24,4.2727898033964316e-30
1976,1.4561577622626272e-29,9.053618093966556e-24,4.261358254978146e-30
1977,1.4528678938205697e-29,9.042306311578458e-24,4.249959467109565e-30
1978,1.449586199641962e-29,9.031008663295324e-24,4.238593338306117e-30
1979,1.4463126571616412e-29,9.019725131454469e-24,4.227259767425705e-30
1980,1.4430472438840975e-29,9.008455698415273e-24,4.215958653667423e-30
1981,1.4397899373832354e-29,8.997200346559172e-24,4.2046898965703e-30
1982,1.436540715302132e-29,8.985959058289614e-24,4.1934533960120554e-30
1983,1.4332995553528028e-29,8.974731816032063e-24,4.182249052207835e-30
1984,1.4300664353159558e-29,8.963518602233925e-24,4.171076765708977e-30
1985,1.4268413330407614e-29,8.952319399364563e-24,4.1599364374017574e-30
1986,1.4236242264446132e-29,8.941134189915253e-24,4.148827968506165e-30
1987,1.4204150935128905e-29,8.92996295639914e-24,4.137751260574676e-30
1988,1.4172139122987282e-29,8.918805681351244e-24,4.126706215491012e-30
1989,1.4140206609227793e-29,8.9076623473284e-24,4.1156927354689385e-30
1990,1.410835317572986e-29,8.89653293690926e-24,4.104710723051031e-30
1991,1.407657860504343e-29,8.88541743269424e-24,4.093760081107484e-30
1992,1.404488268038672e-29,8.87431581730551e-24,4.0828407128348856e-30
1993,1.4013265185643895e-29,8.863228073386969e-24,4.071952521755031e-30
1994,1.3981725905362735e-29,8.852154183604186e-24,4.0610954117137214e-30
1995,1.395026462475245e-29,8.841094130644429e-24,4.050269286879574e-30
1996,1.3918881129681286e-29,8.830047897216571e-24,4.039474051742835e-30
1997,1.388757520667438e-29,8.819015466051134e-24,4.028709611114196e-30
1998,1.3856346642911397e-29,8.807996819900193e-24,4.017975870123622e-30
1999,1.3825195226224373e-29,8.796991941537405e-24,4.007272734219177e-30
2000,1.37941207450954e-29,8.786000813757942e-24,3.996600109165854e-30
2001,1.3763122988654448e-29,8.775023419378489e-24,3.98595790104442e-30
2002,1.3732201746677137e-29,8.764059741237216e-24,3.9753460162502475e-30
2003,1.3701356809582498e-29,8.753109762193734e-24,3.964764361492169e-30
2004,1.3670587968430784e-29,8.742173465129077e-24,3.954212843791328e-30
2005,1.3639895014921274e-29,8.731250832945679e-24,3.9436913704800324e-30
2006,1.360927774139009e-29,8.720341848567349e-24,3.933199849200616e-30
2007,1.3578735940808005e-29,8.709446494939233e-24,3.922738187904305e-30
2008,1.3548269406778294e-29,8.698564755027809e-24,3.912306294850085e-30
2009,1.3517877933534528e-29,8.687696611820818e-24,3.901904078603578e-30
2010,1.3487561315938472e-29,8.67684204832729e-24,3.8915314480359166e-30
2011,1.3457319349477913e-29,8.666001047577485e-24,3.881188312322639e-30
2012,1.3427151830264501e-29,8.655173592622867e-24,3.870874580942559e-30
2013,1.3397058555031679e-29,8.644359666536097e-24,3.860590163676676e-30
2014,1.3367039321132474e-29,8.633559252410976e-24,3.850334970607059e-30
2015,1.3337093926537488e-29,8.62277233336246e-24,3.840108912115752e-30
2016,1.3307222169832687e-29,8.611998892526585e-24,3.829911898883682e-30
2017,1.3277423850217384e-29,8.60123891306048e-24,3.8197438418895654e-30
2018,1.3247698767502116e-29,8.59049237814233e-24,3.8096046524088266e-30
2019,1.3218046722106555e-29,8.579759270971336e-24,3.799494242012507e-30
2020,1.3188467515057443e-29,8.569039574767697e-24,3.789412522566202e-30
2021,1.3158960947986532e-29,8.558333272772594e-24,3.779359406228974e-30
2022,1.3129526823128534e-29,8.547640348248155e-24,3.7693348054522935e-30
2023,1.3100164943319025e-29,8.536960784477412e-24,3.7593386329789754e-30
2024,1.3070875111992476e-29,8.526294564764322e-24,3.749370801842108e-30
2025,1.3041657133180136e-29,8.515641672433678e-24,3.739431225364009e-30
2026,1.3012510811508082e-29,8.505002090831138e-24,3.729519817155174e-30
2027,1.2983435952195153e-29,8.494375803323172e-24,3.719636491113214e-30
2028,1.2954432361050938e-29,8.483762793297029e-24,3.7097811614218335e-30
2029,1.29254998444738e-29,8.473163044160738e-24,3.6999537425497754e-30
2030,1.2896638209448847e-29,8.462576539343052e-24,3.690154149249793e-30
2031,1.2867847263545986e-29,8.452003262293457e-24,3.680382296557619e-30
2032,1.2839126814917875e-29,8.441443196482094e-24,3.670638099790937e-30
2033,1.281047667229803e-29,8.430896325399798e-24,3.6609214745483584e-30
2034,1.2781896644998787e-29,8.420362632558013e-24,3.6512323367084054e-30
2035,1.2753386542909398e-29,8.40984210148881e-24,3.641570602428503e-30
2036,1.2724946176494045e-29,8.399334715744838e-24,3.631936188143949e-30
2037,1.269657535678989e-29,8.388840458899293e-24,3.622329010566932e-30
2038,1.266827389540519e-29,8.37835931454592e-24,3.612748986685512e-30
2039,1.2640041604517295e-29,8.367891266298952e-24,3.603196033762626e-30
2040,1.2611878296870793e-29,8.357436297793123e-24,3.5936700693351005e-30
2041,1.2583783785775541e-29,8.346994392683604e-24,3.58417101121265e-30
2042,1.2555757885104791e-29,8.336565534646001e-24,3.574698777476899e-30
2043,1.2527800409293297e-29,8.326149707376335e-24,3.565253286480393e-30
2044,1.2499911173335367e-29,8.315746894590988e-24,3.555834456845623e-30
2045,1.2472089992783043e-29,8.305357080026706e-24,3.5464422074640525e-30
2046,1.2444336683744174e-29,8.294980247440552e-24,3.537076457495142e-30
2047,1.241665106288058e-29,8.284616380609907e-24,3.527737126365385e-30
2048,1.2389032947406148e-29,8.274265463332408e-24,3.518424133767341e-30
2049,1.2361482155085022e-29,8.26392747942597e-24,3.509137399658683e-30
2050,1.2333998504229693e-29,8.253602412728702e-24,3.499876844261231e-30
2051,1.2306581813699212e-29,8.243290247098936e-24,3.490642388060007e-30
2052,1.227923190289732e-29,8.232990966415177e-24,3.481433951802292e-30
2053,1.2251948591770616e-29,8.22270455457607e-24,3.472251456496665e-30
2054,1.2224731700806764e-29,8.212430995500398e-24,3.46309482341208e-30
2055,1.2197581051032626e-29,8.20217027312703e-24,3.453963974076917e-30
2056,1.2170496464012507e-29,8.191922371414921e-24,3.444858830278053e-30
2057,1.2143477761846306e-29,8.181687274343064e-24,3.4357793140599345e-30
2058,1.2116524767167763e-29,8.171464965910494e-24,3.426725347723643e-30
2059,1.208963730314262e-29,8.161255430136227e-24,3.417696853825988e-30
2060,1.2062815193466882e-29,8.151058651059259e-24,3.4086937551785685e-30
2061,1.203605826236502e-29,8.140874612738547e-24,3.39971597484687e-30
2062,1.2009366334588195e-29,8.130703299252952e-24,3.390763436149357e-30
2063,1.1982739235412524e-29,8.120544694701255e-24,3.381836062656551e-30
2064,1.1956176790637274e-29,8.11039878320209e-24,3.3729337781901385e-30
2065,1.192967882658318e-29,8.100265548893966e-24,3.364056506822064e-30
2066,1.1903245170090625e-29,8.090144975935192e-24,3.355204172873634e-30
2067,1.1876875648517976e-29,8.080037048503898e-24,3.3463767009146246e-30
2068,1.18505700897398e-29,8.069941750797979e-24,3.337574015762384e-30
2069,1.182432832214516e-29,8.059859067035076e-24,3.32879604248096e-30
2070,1.1798150174635908e-29,8.049788981452567e-24,3.320042706380203e-30
2071,1.1772035476624951e-29,8.039731478307524e-24,3.311313933014891e-30
2072,1.1745984058034577e-29,8.029686541876704e-24,3.302609648183858e-30
2073,1.1719995749294714e-29,8.019654156456502e-24,3.2939297779291086e-30
2074,1.1694070381341277e-29,8.009634306362952e-24,3.285274248534964e-30
2075,1.1668207785614467e-29,7.999626975931686e-24,3.2766429865271826e-30
2076,1.1642407794057086e-29,7.989632149517918e-24,3.268035918672109e-30
2077,1.1616670239112886e-29,7.97964981149642e-24,3.2594529719758e-30
2078,1.1590994953724857e-29,7.969679946261474e-24,3.250894073683181e-30
2079,1.1565381771333622e-29,7.959722538226892e-24,3.242359151277191e-30
2080,1.1539830525875736e-29,7.949777571825948e-24,3.2338481324779266e-30
2081,1.1514341051782076e-29,7.939845031511388e-24,3.225360945241808e-30
2082,1.1488913183976155e-29,7.929924901755374e-24,3.216897517760719e-30
2083,1.1463546757872532e-29,7.92001716704949e-24,3.2084577784611856e-30
2084,1.1438241609375144e-29,7.91012181190469e-24,3.2000416560035285e-30
2085,1.1412997574875704e-29,7.900238820851296e-24,3.191649079281031e-30
2086,1.1387814491252086e-29,7.890368178438973e-24,3.183279977419117e-30
2087,1.1362692195866677e-29,7.880509869236675e-24,3.174934279774514e-30
2088,1.1337630526564823e-29,7.870663877832663e-24,3.1666119159344376e-30
2089,1.131262932167318e-29,7.860830188834445e-24,3.158312815715769e-30
2090,1.1287688419998159e-29,7.851008786868781e-24,3.1500369091642352e-30
2091,1.1262807660824307e-29,7.841199656581636e-24,3.1417841265536035e-30
2092,1.1237986883912747e-29,7.831402782638168e-24,3.1335543983848595e-30
2093,1.121322592949959e-29,7.821618149722707e-24,3.1253476553854108e-30
2094,1.1188524638294356e-29,7.811845742538715e-24,3.117163828508275e-30
2095,1.1163882851478433e-29,7.802085545808785e-24,3.109002848931284e-30
2096,1.113930041070349e-29,7.792337544274593e-24,3.100864648056281e-30
2097,1.111477715808994e-29,7.78260172269689e-24,3.0927491575083284e-30
2098,1.1090312936225382e-29,7.772878065855473e-24,3.0846563091349178e-30
2099,1.106590758816309e-29,7.763166558549174e-24,3.076586035005178e-30
2100,1.1041560957420413e-29,7.753467185595803e-24,3.068538267409092e-30
2101,1.1017272887977305e-29,7.743779931832157e-24,3.0605129388567112e-30
2102,1.099304322427478e-29,7.734104782113993e-24,3.0525099820773754e-30
2103,1.0968871811213366e-29,7.724441721315973e-24,3.0445293300189453e-30
2104,1.0944758494151644e-29,7.714790734331693e-24,3.0365709158470153e-30
2105,1.092070311890468e-29,7.705151806073602e-24,3.0286346729441556e-30
2106,1.0896705531742578e-29,7.695524921473029e-24,3.020720534909134e-30
2107,1.0872765579388926e-29,7.685910065480117e-24,3.0128284355561568e-30
2108,1.0848883109019363e-29,7.676307223063836e-24,3.0049583089141103e-30
2109,1.0825057968260037e-29,7.66671637921193e-24,2.9971100892257926e-30
2110,1.0801290005186165e-29,7.657137518930914e-24,2.9892837109471687e-30
2111,1.0777579068320543e-29,7.64757062724604e-24,2.9814791087466084e-30
2112,1.0753925006632056e-29,7.638015689201271e-24,2.9736962175041428e-30
2113,1.073032766953426e-29,7.628472689859276e-24,2.9659349723107143e-30
2114,1.0706786906883866e-29,7.618941614301376e-24,2.958195308467431e-30
2115,1.0683302568979334e-29,7.609422447627554e-24,2.9504771614848308e-30
2116,1.0659874506559391e-29,7.599915174956406e-24,2.942780467082135e-30
2117,1.06365025708016e-29,7.590419781425127e-24,2.9351051611865227e-30
2118,1.0613186613320936e-29,7.580936252189496e-24,2.9274511799323876e-30
2119,1.0589926486168323e-29,7.571464572423838e-24,2.9198184596606136e-30
2120,1.0566722041829232e-29,7.562004727321015e-24,2.9122069369178523e-30
2121,1.0543573133222237e-29,7.552556702092384e-24,2.9046165484557857e-30
2122,1.0520479613697623e-29,7.543120481967798e-24,2.897047231230418e-30
2123,1.0497441337035937e-29,7.533696052195557e-24,2.8894989224013467e-30
2124,1.0474458157446638e-29,7.524283398042417e-24,2.8819715593310577e-30
2125,1.0451529929566622e-29,7.514882504793525e-24,2.874465079584198e-30
2126,1.0428656508458888e-29,7.505493357752441e-24,2.8669794209268762e-30
2127,1.0405837749611112e-29,7.496115942241077e-24,2.859514521325952e-30
2128,1.0383073508934275e-29,7.486750243599701e-24,2.8520703189483275e-30
2129,1.0360363642761267e-29,7.4773962471869e-24,2.8446467521602505e-30
2130,1.0337708007845516e-29,7.468053938379551e-24,2.837243759526609e-30
2131,1.0315106461359647e-29,7.458723302572828e-24,2.829861279810239e-30
2132,1.0292558860894046e-29,7.449404325180136e-24,2.8224992519712288e-30
2133,1.0270065064455576e-29,7.440096991633128e-24,2.8151576151662228e-30
2134,1.0247624930466158e-29,7.430801287381653e-24,2.8078363087477427e-30
2135,1.0225238317761461e-29,7.421517197893756e-24,2.8005352722634905e-30
2136,1.0202905085589539e-29,7.41224470865564e-24,2.7932544454556697e-30
2137,1.0180625093609465e-29,7.402983805171635e-24,2.7859937682603057e-30
2138,1.0158398201890062e-29,7.39373447296422e-24,2.7787531808065616e-30
2139,1.0136224270908475e-29,7.384496697573933e-24,2.7715326234160708e-30
2140,1.0114103161548937e-29,7.375270464559407e-24,2.7643320366022536e-30
2141,1.0092034735101376e-29,7.366055759497312e-24,2.7571513610696575e-30
2142,1.0070018853260134e-29,7.35685256798235e-24,2.7499905377132766e-30
2143,1.0048055378122657e-29,7.347660875627236e-24,2.7428495076178955e-30
2144,1.0026144172188146e-29,7.33848066806264e-24,2.735728212057426e-30
2145,1.0004285098356317e-29,7.32931193093723e-24,2.728626592494238e-30
2146,9.982478019926026e-30,7.32015464991757e-24,2.7215445905785117e-30
2147,9.96072280059405e-30,7.31100881068817e-24,2.7144821481475747e-30
2148,9.939019304453737e-30,7.301874398951411e-24,2.7074392072252516e-30
2149,9.917367395993766e-30,7.29275140042756e-24,2.7004157100212157e-30
2150,9.895766940096829e-30,7.283639800854716e-24,2.6934115989303365e-30
2151,9.874217802038385e-30,7.274539585988814e-24,2.6864268165320382e-30
2152,9.852719847485373e-30,7.265450741603588e-24,2.679461305589651e-30
2153,9.831272942494943e-30,7.256373253490546e-24,2.6725150090497783e-30
2154,9.809876953513213e-30,7.247307107458969e-24,2.6655878700416507e-30
2155,9.788531747373986e-30,7.238252289335859e-24,2.6586798318764955e-30
2156,9.767237191297522e-30,7.229208784965942e-24,2.651790838046902e-30
2157,9.745993152889255e-30,7.220176580211622e-24,2.6449208322261855e-30
2158,9.724799500138598e-30,7.211155660952993e-24,2.638069758267768e-30
2159,9.703656101417655e-30,7.202146013087776e-24,2.6312375602045432e-30
2160,9.682562825480023e-30,7.193147622531331e-24,2.6244241822482585e-30
2161,9.661519541459539e-30,7.184160475216617e-24,2.6176295687888893e-30
2162,9.640526118869056e-30,7.175184557094171e-24,2.610853664394023e-30
2163,9.619582427599233e-30,7.166219854132095e-24,2.604096413808241e-30
2164,9.598688337917305e-30,7.15726635231602e-24,2.5973577619525046e-30
2165,9.577843720465883e-30,7.148324037649105e-24,2.5906376539235393e-30
2166,9.557048446261724e-30,7.139392896151986e-24,2.583936034993234e-30
2167,9.536302386694556e-30,7.130472913862788e-24,2.577252850608021e-30
2168,9.515605413525854e-30,7.121564076837077e-24,2.5705880463882834e-30
2169,9.494957398887644e-30,7.112666371147838e-24,2.563941568127741e-30
2170,9.47435821528134e-30,7.103779782885483e-24,2.5573133617928593e-30
2171,9.453807735576518e-30,7.094904298157793e-24,2.5507033735222444e-30
2172,9.433305833009764e-30,7.086039903089917e-24,2.5441115496260475e-30
2173,9.412852381183463e-30,7.077186583824337e-24,2.5375378365853767e-30
2174,9.392447254064676e-30,7.06834432652087e-24,2.5309821810516973e-30
2175,9.372090325983908e-30,7.059513117356614e-24,2.524444529846251e-30
2176,9.351781471633984e-30,7.050692942525953e-24,2.5179248299594595e-30
2177,9.331520566068887e-30,7.041883788240531e-24,2.5114230285503475e-30
2178,9.311307484702557e-30,7.033085640729202e-24,2.5049390729459554e-30
2179,9.291142103307798e-30,7.024298486238057e-24,2.498472910640759e-30
2180,9.271024298015077e-30,7.015522311030358e-24,2.4920244892960963e-30
2181,9.250953945311417e-30,7.006757101386551e-24,2.485593756739583e-30
2182,9.230930922039227e-30,6.998002843604217e-24,2.4791806609645443e-30
2183,9.210955105395176e-30,6.989259523998064e-24,2.472785150129442e-30
2184,9.191026372929063e-30,6.980527128899908e-24,2.4664071725573034e-30
2185,9.171144602542683e-30,6.971805644658644e-24,2.4600466767351555e-30
2186,9.151309672488712e-30,6.963095057640236e-24,2.453703611313458e-30
2187,9.131521461369556e-30,6.954395354227675e-24,2.447377925105542e-30
2188,9.111779848136275e-30,6.945706520820981e-24,2.4410695670870472e-30
2189,9.092084712087433e-30,6.937028543837163e-24,2.43477848639536e-30
2190,9.07243593286802e-30,6.928361409710218e-24,2.4285046323290664e-30
2191,9.052833390468315e-30,6.919705104891085e-24,2.4222479543473833e-30
2192,9.033276965222805e-30,6.911059615847638e-24,2.416008402069619e-30
2193,9.013766537809101e-30,6.902424929064681e-24,2.4097859252746116e-30
2194,8.994301989246795e-30,6.893801031043882e-24,2.403580473900187e-30
2195,8.974883200896432e-30,6.885187908303802e-24,2.397391998042612e-30
2196,8.955510054458365e-30,6.876585547379837e-24,2.3912204479560457e-30
2197,8.93618243197172e-30,6.867993934824217e-24,2.385065774052002e-30
2198,8.916900215813296e-30,6.859413057205978e-24,2.3789279268988027e-30
2199,8.89766328869649e-30,6.850842901110948e-24,2.372806857221047e-30
2200,8.878471533670224e-30,6.842283453141703e-24,2.3667025158990707e-30
2201,8.859324834117892e-30,6.83373469991758e-24,2.360614853968407e-30
2202,8.840223073756296e-30,6.82519662807464e-24,2.354543822619267e-30
2203,8.821166136634555e-30,6.816669224265627e-24,2.348489373195994e-30
2204,8.802153907133097e-30,6.808152475159988e-24,2.3424514571965475e-30
2205,8.783186269962567e-30,6.799646367443815e-24,2.33643002627197e-30
2206,8.764263110162811e-30,6.791150887819851e-24,2.3304250322258636e-30
2207,8.745384313101796e-30,6.782666023007445e-24,2.3244364270138684e-30
2208,8.726549764474605e-30,6.774191759742561e-24,2.3184641627431413e-30
2209,8.707759350302377e-30,6.765728084777723e-24,2.3125081916718388e-30
2210,8.68901295693128e-30,6.757274984882023e-24,2.3065684662085978e-30
2211,8.67031047103149e-30,6.748832446841088e-24,2.3006449389120207e-30
2212,8.651651779596137e-30,6.74040045745705e-24,2.2947375624901665e-30
2213,8.633036769940323e-30,6.731979003548553e-24,2.2888462898000355e-30
2214,8.61446532970006e-30,6.723568071950696e-24,2.2829710738470625e-30
2215,8.595937346831298e-30,6.715167649515045e-24,2.277111867784608e-30
2216,8.577452709608872e-30,6.706777723109594e-24,2.2712686249134565e-30
2217,8.559011306625521e-30,6.698398279618746e-24,2.265441298681307e-30
2218,8.540613026790879e-30,6.6900293059433e-24,2.2596298426822753e-30
2219,8.52225775933046e-30,6.681670789000428e-24,2.2538342106563977e-30
2220,8.503945393784677e-30,6.67332271572365e-24,2.2480543564891243e-30
2221,8.485675820007835e-30,6.66498507306281e-24,2.242290234210833e-30
2222,8.467448928167153e-30,6.656657847984075e-24,2.2365417979963282e-30
2223,8.449264608741762e-30,6.648341027469891e-24,2.2308090021643495e-30
2224,8.431122752521732e-30,6.640034598518977e-24,2.2250918011770864e-30
2225,8.413023250607089e-30,6.631738548146302e-24,2.219390149639681e-30
2226,8.394965994406833e-30,6.623452863383056e-24,2.2137040022997513e-30
2227,8.37695087563798e-30,6.615177531276655e-24,2.2080333140468978e-30
2228,8.358977786324563e-30,6.606912538890677e-24,2.202378039912222e-30
2229,8.341046618796703e-30,6.5986578733048935e-24,2.196738135067852e-30
2230,8.323157265689602e-30,6.5904135216152016e-24,2.1911135548264497e-30
2231,8.305309619942632e-30,6.582179470933643e-24,2.185504254640747e-30
2232,8.287503574798332e-30,6.5739557083883545e-24,2.1799101901030595e-30
2233,8.269739023801493e-30,6.5657422211235696e-24,2.1743313169448182e-30
2234,8.252015860798172e-30,6.557538996299576e-24,2.1687675910360926e-30
2235,8.234333979934778e-30,6.549346021092719e-24,2.16321896838512e-30
2236,8.216693275657117e-30,6.541163282695373e-24,2.1576854051378443e-30
2237,8.199093642709436e-30,6.532990768315906e-24,2.152166857577437e-30
2238,8.181534976133511e-30,6.524828465178684e-24,2.1466632821238392e-30
2239,8.164017171267696e-30,6.516676360524034e-24,2.1411746353332965e-30
2240,8.146540123746003e-30,6.508534441608232e-24,2.1357008738978916e-30
2241,8.129103729497169e-30,6.500402695703479e-24,2.1302419546450947e-30
2242,8.111707884743736e-30,6.492281110097886e-24,2.124797834537292e-30
2243,8.094352486001132e-30,6.48416967209545e-24,2.119368470671339e-30
2244,8.077037430076741e-30,6.476068369016033e-24,2.1139538202780985e-30
2245,8.059762614069004e-30,6.4679771881953436e-24,2.108553840721989e-30
2246,8.0425279353665e-30,6.4598961169849195e-24,2.1031684895005347e-30
2247,8.02533329164705e-30,6.451825142752113e-24,2.0977977242439096e-30
2248,8.008178580876784e-30,6.443764252880048e-24,2.092441502714497e-30
2249,7.991063701309279e-30,6.4357134347676356e-24,2.087099782806433e-30
2250,7.973988551484616e-30,6.427672675829516e-24,2.081772522545169e-30
2251,7.956953030228532e-30,6.419641963496074e-24,2.076459680087024e-30
2252,7.939957036651494e-30,6.4116212852134016e-24,2.071161213718741e-30
2253,7.923000470147815e-30,6.403610628443269e-24,2.0658770818570514e-30
2254,7.906083230394782e-30,6.395609980663128e-24,2.0606072430482308e-30
2255,7.889205217351754e-30,6.3876193293660725e-24,2.0553516559676663e-30
2256,7.872366331259305e-30,6.3796386620608365e-24,2.0501102794194166e-30
2257,7.855566472638323e-30,6.371667966271754e-24,2.04488307233578e-30
2258,7.838805542289157e-30,6.363707229538762e-24,2.039669993776864e-30
2259,7.822083441290722e-30,6.355756439417356e-24,2.0344710029301474e-30
2260,7.805400070999663e-30,6.347815583478598e-24,2.0292860591100612e-30
2261,7.788755333049466e-30,6.339884649309077e-24,2.0241151217575494e-30
2262,7.7721491293496e-30,6.3319636245108934e-24,2.0189581504396555e-30
2263,7.75558136208467e-30,6.32405249670165e-24,2.013815104849085e-30
2264,7.739051933713538e-30,6.31615125351441e-24,2.008685944803789e-30
2265,7.722560746968504e-30,6.308259882597714e-24,2.003570630246546e-30
2266,7.706107704854419e-30,6.3003783716155166e-24,1.998469121244533e-30
2267,7.689692710647867e-30,6.292506708247202e-24,1.9933813779889155e-30
2268,7.673315667896309e-30,6.284644880187554e-24,1.988307360794424e-30
2269,7.656976480417235e-30,6.276792875146726e-24,1.983247030098943e-30
2270,7.640675052297343e-30,6.26895068085024e-24,1.9782003464630962e-30
2271,7.624411287891683e-30,6.261118285038949e-24,1.9731672705698308e-30
2272,7.60818509182285e-30,6.2532956754690375e-24,1.968147763224014e-30
2273,7.59199636898012e-30,6.245482839911979e-24,1.9631417853520135e-30
2274,7.575845024518659e-30,6.2376797661545406e-24,1.9581492980012997e-30
2275,7.559730963858676e-30,6.229886441998747e-24,1.9531702623400323e-30
2276,7.543654092684612e-30,6.2221028552618736e-24,1.948204639656658e-30
2277,7.527614316944317e-30,6.214328993776415e-24,1.9432523913595075e-30
2278,7.511611542848229e-30,6.2065648453900715e-24,1.9383134789763916e-30
2279,7.49564567686858e-30,6.198810397965737e-24,1.9333878641542047e-30
2280,7.479716625738565e-30,6.19106563938147e-24,1.928475508658521e-30
2281,7.463824296451549e-30,6.183330557530477e-24,1.9235763743731976e-30
2282,7.447968596260251e-30,6.175605140321096e-24,1.9186904232999832e-30
2283,7.432149432675965e-30,6.167889375676783e-24,1.913817617558118e-30
2284,7.416366713467723e-30,6.160183251536075e-24,1.9089579193839427e-30
2285,7.400620346661536e-30,6.152486755852591e-24,1.9041112911305067e-30
2286,7.384910240539584e-30,6.1447998765950046e-24,1.899277695267176e-30
2287,7.369236303639421e-30,6.1371226017470216e-24,1.8944570943792483e-30
2288,7.353598444753202e-30,6.129454919307369e-24,1.889649451167559e-30
2289,7.337996572926877e-30,6.12179681728977e-24,1.8848547284481037e-30
2290,7.322430597459434e-30,6.11414828372293e-24,1.880072889151644e-30
2291,7.30690042790209e-30,6.10650930665051e-24,1.875303896323331e-30
2292,7.29140597405754e-30,6.098879874131122e-24,1.8705477131223214e-30
2293,7.275947145979171e-30,6.091259974238297e-24,1.8658043028213932e-30
2294,7.260523853970283e-30,6.083649595060467e-24,1.8610736288065756e-30
2295,7.245136008583332e-30,6.0760487247009584e-24,1.8563556545767582e-30
2296,7.229783520619157e-30,6.068457351277959e-24,1.851650343743329e-30
2297,7.214466301126224e-30,6.060875462924514e-24,1.8469576600297876e-30
2298,7.199184261399842e-30,6.053303047788486e-24,1.842277567271375e-30
2299,7.183937312981436e-30,6.045740094032564e-24,1.8376100294147076e-30
2300,7.168725367657764e-30,6.038186589834221e-24,1.8329550105173936e-30
2301,7.15354833746018e-30,6.0306425233857074e-24,1.828312474747677e-30
2302,7.138406134663877e-30,6.023107882894036e-24,1.8236823863840593e-30
2303,7.123298671787129e-30,6.015582656580946e-24,1.8190647098149333e-30
2304,7.108225861590571e-30,6.0080668326829134e-24,1.814459409538227e-30
2305,7.093187617076416e-30,6.000560399451094e-24,1.809866450161025e-30
2306,7.078183851487759e-30,5.993063345151348e-24,1.8052857963992182e-30
2307,7.0632144783078e-30,5.985575658064185e-24,1.8007174130771323e-30
2308,7.048279411259132e-30,5.978097326484766e-24,1.796161265127174e-30
2309,7.033378564302995e-30,5.970628338722881e-24,1.791617317589469e-30
2310,7.018511851638557e-30,5.9631686831029325e-24,1.7870855356115036e-30
2311,7.003679187702169e-30,5.9557183479639065e-24,1.7825658844477697e-30
2312,6.988880487166657e-30,5.9482773216593705e-24,1.7780583294594094e-30
2313,6.974115664940588e-30,5.9408455925574455e-24,1.7735628361138613e-30
2314,6.959384636167536e-30,5.933423149040776e-24,1.7690793699845047e-30
2315,6.944687316225402e-30,5.9260099795065474e-24,1.7646078967503117e-30
2316,6.930023620725656e-30,5.918606072366431e-24,1.7601483821954983e-30
2317,6.915393465512646e-30,5.9112114160465805e-24,1.7557007922091687e-30
2318,6.900796766662886e-30,5.9038259989876225e-24,1.7512650927849755e-30
2319,6.886233440484334e-30,5.896449809644622e-24,1.7468412500207677e-30
2320,6.871703403515703e-30,5.889082836487075e-24,1.742429230118249e-30
2321,6.857206572525739e-30,5.881725067998887e-24,1.7380289993826326e-30
2322,6.842742864512535e-30,5.874376492678357e-24,1.7336405242222962e-30
2323,6.828312196702818e-30,5.8670370990381525e-24,1.729263771148447e-30
2324,6.813914486551268e-30,5.859706875605307e-24,1.724898706774772e-30
2325,6.799549651739801e-30,5.8523858109211816e-24,1.72054529781711e-30
2326,6.785217610176902e-30,5.8450738935414666e-24,1.716203511093104e-30
2327,6.770918279996917e-30,5.837771112036151e-24,1.7118733135218702e-30
2328,6.756651579559363e-30,5.830477454989502e-24,1.7075546721236617e-30
2329,6.742417427448266e-30,5.823192911000066e-24,1.7032475540195314e-30
2330,6.728215742471449e-30,5.815917468680627e-24,1.6989519264310063e-30
2331,6.71404644365987e-30,5.808651116658205e-24,1.6946677566797456e-30
2332,6.699909450266937e-30,5.801393843574036e-24,1.6903950121872188e-30
2333,6.685804681767836e-30,5.794145638083545e-24,1.686133660474372e-30
2334,6.671732057858843e-30,5.7869064888563355e-24,1.6818836691613004e-30
2335,6.657691498456678e-30,5.779676384576176e-24,1.6776450059669225e-30
2336,6.643682923697813e-30,5.772455313940975e-24,1.6734176387086512e-30
2337,6.62970625393781e-30,5.765243265662762e-24,1.6692015353020737e-30
2338,6.615761409750664e-30,5.758040228467679e-24,1.6649966637606237e-30
2339,6.60184831192813e-30,5.7508461910959494e-24,1.6608029921952603e-30
2340,6.587966881479077e-30,5.7436611423018796e-24,1.6566204888141493e-30
2341,6.574117039628808e-30,5.7364850708538215e-24,1.6524491219223392e-30
2342,6.560298707818421e-30,5.7293179655341594e-24,1.648288859921445e-30
2343,6.54651180770416e-30,5.722159815139312e-24,1.644139671309329e-30
2344,6.532756261156738e-30,5.7150106084796844e-24,1.640001524679784e-30
2345,6.519031990260717e-30,5.707870334379674e-24,1.6358743887222207e-30
2346,6.505338917313838e-30,5.7007389816776406e-24,1.6317582322213467e-30
2347,6.491676964826392e-30,5.693616539225895e-24,1.627653024056863e-30
2348,6.478046055520562e-30,5.686502995890676e-24,1.6235587332031416e-30
2349,6.464446112329803e-30,5.679398340552145e-24,1.6194753287289225e-30
2350,6.450877058398174e-30,5.672302562104347e-24,1.615402779796998e-30
2351,6.437338817079737e-30,5.66521564945522e-24,1.6113410556639056e-30
2352,6.423831311937894e-30,5.658137591526558e-24,1.6072901256796253e-30
2353,6.41035446674476e-30,5.651068377253994e-24,1.6032499592872642e-30
2354,6.396908205480545e-30,5.644007995586998e-24,1.5992205260227564e-30
2355,6.383492452332919e-30,5.636956435488844e-24,1.595201795514559e-30
2356,6.370107131696384e-30,5.629913685936604e-24,1.591193737483345e-30
2357,6.356752168171648e-30,5.622879735921117e-24,1.587196321741705e-30
2358,6.343427486565014e-30,5.615854574446989e-24,1.5832095181938424e-30
2359,6.330133011887746e-30,5.608838190532563e-24,1.5792332968352764e-30
2360,6.316868669355465e-30,5.601830573209905e-24,1.5752676277525403e-30
2361,6.303634384387529e-30,5.594831711524796e-24,1.5713124811228848e-30
2362,6.290430082606404e-30,5.58784159453669e-24,1.567367827213982e-30
2363,6.277255689837086e-30,5.580860211318733e-24,1.5634336363836263e-30
2364,6.2641111321064535e-30,5.573887550957709e-24,1.5595098790794442e-30
2365,6.250996335642695e-30,5.566923602554058e-24,1.5555965258385946e-30
2366,6.23791122687467e-30,5.559968355221823e-24,1.5516935472874822e-30
2367,6.224855732431337e-30,5.553021798088664e-24,1.5478009141414614e-30
2368,6.211829779141134e-30,5.546083920295827e-24,1.5439185972045453e-30
2369,6.198833294031378e-30,5.5391547109981226e-24,1.540046567369121e-30
2370,6.1858662043276786e-30,5.53223415936392e-24,1.5361847956156549e-30
2371,6.172928437453333e-30,5.525322254575123e-24,1.5323332530124105e-30
2372,6.160019921028738e-30,5.518418985827152e-24,1.5284919107151562e-30
2373,6.147140582870798e-30,5.5115243423289366e-24,1.5246607399668832e-30
2374,6.134290350992335e-30,5.504638313302889e-24,1.5208397120975218e-30
2375,6.121469153601491e-30,5.497760887984883e-24,1.5170287985236548e-30
2376,6.108676919101165e-30,5.490892055624256e-24,1.5132279707482373e-30
2377,6.095913576088415e-30,5.48403180548378e-24,1.5094372003603141e-30
2378,6.083179053353865e-30,5.4771801268396315e-24,1.5056564590347374e-30
2379,6.070473279881155e-30,5.4703370089814065e-24,1.5018857185318927e-30
2380,6.057796184846332e-30,5.4635024412120726e-24,1.498124950697412e-30
2381,6.045147697617297e-30,5.456676412847974e-24,1.494374127461905e-30
2382,6.032527747753218e-30,5.449858913218801e-24,1.4906332208406749e-30
2383,6.019936265003964e-30,5.443049931667581e-24,1.4869022029334474e-30
2384,6.007373179309531e-30,5.4362494575506604e-24,1.483181045924095e-30
2385,5.9948384207994765e-30,5.429457480237683e-24,1.4794697220803605e-30
2386,5.982331919792356e-30,5.422673989111585e-24,1.4757682037535907e-30
2387,5.969853606795145e-30,5.415898973568561e-24,1.472076463378455e-30
2388,5.957403412502698e-30,5.409132423018068e-24,1.468394473472686e-30
2389,5.9449812677971594e-30,5.402374326882785e-24,1.4647222066367974e-30
2390,5.932587103747439e-30,5.395624674598622e-24,1.461059635553826e-30
2391,5.920220851608622e-30,5.3888834556146856e-24,1.4574067329890575e-30
2392,5.9078824428214364e-30,5.3821506593932675e-24,1.4537634717897596e-30
2393,5.8955718090116875e-30,5.37542627540983e-24,1.4501298248849191e-30
2394,5.8832888819897045e-30,5.3687102931529824e-24,1.4465057652849728e-30
2395,5.8710335937498106e-30,5.362002702124483e-24,1.4428912660815484e-30
2396,5.858805876469745e-30,5.3553034918391945e-24,1.4392863004471945e-30
2397,5.8466056625101405e-30,5.348612651825092e-24,1.4356908416351222e-30
2398,5.834432884413966e-30,5.3419301716232345e-24,1.4321048629789458e-30
2399,5.822287474905996e-30,5.335256040787756e-24,1.428528337892417e-30
2400,5.8101693668922525e-30,5.3285902488858386e-24,1.4249612398691698e-30
2401,5.798078493459478e-30,5.3219327854977016e-24,1.4214035424824566e-30
2402,5.786014787874608e-30,5.315283640216599e-24,1.4178552193848994e-30
2403,5.773978183584198e-30,5.308642802648768e-24,1.4143162443082188e-30
2404,5.761968614213944e-30,5.3020102624134586e-24,1.410786591062994e-30
2405,5.7499860135680966e-30,5.295386009142873e-24,1.407266233538395e-30
2406,5.738030315628974e-30,5.288770032482186e-24,1.4037551457019374e-30
2407,5.7261014545563995e-30,5.282162322089499e-24,1.4002533015992203e-30
2408,5.7141993646872035e-30,5.275562867635852e-24,1.396760675353681e-30
2409,5.702323980534674e-30,5.2689716588051784e-24,1.393277241166342e-30
2410,5.690475236788052e-30,5.2623886852943155e-24,1.3898029733155562e-30
2411,5.678653068312004e-30,5.255813936812975e-24,1.3863378461567629e-30
2412,5.6668574101460884e-30,5.2492474030837185e-24,1.3828818341222362e-30
2413,5.65508819750426e-30,5.242689073841961e-24,1.3794349117208328e-30
2414,5.6433453657743365e-30,5.2361389388359394e-24,1.3759970535377534e-30
2415,5.6316288505174966e-30,5.2295969878267105e-24,1.3725682342342899e-30
2416,5.619938587467749e-30,5.223063210588113e-24,1.3691484285475833e-30
2417,5.608274512531442e-30,5.216537596906779e-24,1.365737611290374e-30
2418,5.596636561786739e-30,5.210020136582096e-24,1.3623357573507648e-30
2419,5.585024671483117e-30,5.203510819426204e-24,1.358942841691975e-30
2420,5.5734387780408524e-30,5.197009635263968e-24,1.355558839352095e-30
2421,5.561878818050529e-30,5.1905165739329764e-24,1.3521837254438517e-30
2422,5.5503447282725235e-30,5.184031625283512e-24,1.3488174751543622e-30
2423,5.538836445636505e-30,5.1775547791785416e-24,1.3454600637448995e-30
2424,5.52735390724095e-30,5.171086025493708e-24,1.3421114665506472e-30
2425,5.515897050352615e-30,5.164625354117295e-24,1.3387716589804674e-30
2426,5.50446581240607e-30,5.158172754950228e-24,1.3354406165166638e-30
2427,5.493060131003188e-30,5.151728217906058e-24,1.3321183147147382e-30
2428,5.481679943912649e-30,5.145291732910933e-24,1.3288047292031648e-30
2429,5.470325189069461e-30,5.1388632899035955e-24,1.3254998356831496e-30
2430,5.458995804574457e-30,5.1324428788353595e-24,1.3222036099283971e-30
2431,5.447691728693812e-30,5.126030489670095e-24,1.3189160277848785e-30
2432,5.436412899858553e-30,5.119626112384215e-24,1.3156370651706011e-30
2433,5.425159256664084e-30,5.113229736966664e-24,1.3123666980753746e-30
2434,5.4139307378696844e-30,5.106841353418888e-24,1.3091049025605788e-30
2435,5.4027272823980424e-30,5.100460951754833e-24,1.3058516547589386e-30
2436,5.391548829334773e-30,5.09408852200093e-24,1.302606930874294e-30
2437,5.3803953179279205e-30,5.087724054196062e-24,1.2993707071813663e-30
2438,5.3692666875875075e-30,5.0813675383915705e-24,1.2961429600255392e-30
2439,5.358162877885036e-30,5.075018964651222e-24,1.2929236658226264e-30
2440,5.3470838285530325e-30,5.0686783230512066e-24,1.2897128010586489e-30
2441,5.336029479484557e-30,5.062345603680111e-24,1.2865103422896058e-30
2442,5.324999770732743e-30,5.056020796638909e-24,1.2833162661412557e-30
2443,5.313994642510328e-30,5.049703892040952e-24,1.280130549308891e-30
2444,5.303014035189178e-30,5.043394880011935e-24,1.2769531685571118e-30
2445,5.2920578892998234e-30,5.037093750689904e-24,1.2737841007196085e-30
2446,5.2811261455309944e-30,5.030800494225217e-24,1.2706233226989413e-30
2447,5.270218744729163e-30,5.024515100780554e-24,1.2674708114663146e-30
2448,5.259335627898066e-30,5.018237560530879e-24,1.2643265440613614e-30
2449,5.248476736198262e-30,5.0119678636634385e-24,1.2611904975919242e-30
2450,5.237642010946654e-30,5.005706000377741e-24,1.2580626492338374e-30
2451,5.226831393616048e-30,4.999451960885539e-24,1.2549429762307048e-30
2452,5.2160448258346895e-30,4.993205735410828e-24,1.2518314558936911e-30
2453,5.2052822493857994e-30,4.9869673141898036e-24,1.2487280656013021e-30
2454,5.194543606207143e-30,4.980736687470881e-24,1.245632782799166e-30
2455,5.1838288383905495e-30,4.9745138455146464e-24,1.2425455849998254e-30
2456,5.173137888181488e-30,4.9682987785938665e-24,1.2394664497825215e-30
2457,5.162470697978605e-30,4.962091476993463e-24,1.2363953547929801e-30
2458,5.151827210333274e-30,4.955891931010494e-24,1.2333322777431972e-30
2459,5.141207367949153e-30,4.949700130954142e-24,1.2302771964112347e-30
2460,5.1306111136817515e-30,4.943516067145711e-24,1.2272300886410041e-30
2461,5.120038390537965e-30,4.937339729918589e-24,1.2241909323420556e-30
2462,5.1094891416756494e-30,4.931171109618246e-24,1.2211597054893743e-30
2463,5.098963310403179e-30,4.9250101966022254e-24,1.2181363861231682e-30
2464,5.0884608401789924e-30,4.918856981240104e-24,1.2151209523486601e-30
2465,5.077981674611185e-30,4.912711453913515e-24,1.2121133823358804e-30
2466,5.067525757457035e-30,4.906573605016092e-24,1.2091136543194634e-30
2467,5.0570930326226005e-30,4.900443424953482e-24,1.2061217465984399e-30
2468,5.046683444162272e-30,4.894320904143326e-24,1.20313763753603e-30
2469,5.036296936278338e-30,4.888206033015231e-24,1.2001613055594439e-30
2470,5.025933453320564e-30,4.88209880201077e-24,1.197192729159675e-30
2471,5.0155929397857486e-30,4.875999201583456e-24,1.1942318868912958e-30
2472,5.005275340317316e-30,4.86990722219874e-24,1.1912787573722594e-30
2473,4.9949805997048675e-30,4.863822854333977e-24,1.1883333192836968e-30
2474,4.9847086628837755e-30,4.857746088478432e-24,1.1853955513697156e-30
2475,4.9744594749347454e-30,4.851676915133249e-24,1.182465432437197e-30
2476,4.964232981083401e-30,4.845615324811446e-24,1.1795429413556032e-30
2477,4.954029126699865e-30,4.839561308037897e-24,1.1766280570567747e-30
2478,4.943847857298328e-30,4.833514855349311e-24,1.1737207585347292e-30
2479,4.933689118536649e-30,4.8274759572942334e-24,1.1708210248454715e-30
2480,4.923552856215912e-30,4.821444604433007e-24,1.1679288351067909e-30
2481,4.913439016280044e-30,4.815420787337787e-24,1.1650441684980695e-30
2482,4.903347544815364e-30,4.809404496592494e-24,1.1621670042600806e-30
2483,4.8932783880502024e-30,4.803395722792829e-24,1.1592973216948021e-30
2484,4.8832314923544655e-30,4.797394456546236e-24,1.1564351001652184e-30
2485,4.873206804239243e-30,4.791400688471903e-24,1.1535803190951242e-30
2486,4.863204270356387e-30,4.7854144092007395e-24,1.1507329579689376e-30
2487,4.853223837498101e-30,4.779435609375356e-24,1.1478929963315065e-30
2488,4.843265452596557e-30,4.773464279650072e-24,1.145060413787913e-30
2489,4.833329062723451e-30,4.767500410690865e-24,1.142235190003288e-30
2490,4.823414615089646e-30,4.761543993175399e-24,1.1394173047026198e-30
2491,4.8135220570447246e-30,4.75559501779297e-24,1.1366067376705632e-30
2492,4.8036513360766226e-30,4.7496534752445214e-24,1.133803468751251e-30
2493,4.793802399811207e-30,4.7437193562426105e-24,1.1310074778481075e-30
2494,4.7839751960118885e-30,4.7377926515114025e-24,1.1282187449236622e-30
2495,4.774169672579218e-30,4.731873351786655e-24,1.125437249999355e-30
2496,4.764385777550493e-30,4.725961447815701e-24,1.1226629731553635e-30
2497,4.754623459099366e-30,4.72005693035744e-24,1.1198958945304043e-30
2498,4.744882665535442e-30,4.7141597901823156e-24,1.117135994321558e-30
2499,4.7351633453038974e-30,4.708270018072309e-24,1.1143832527840766e-30
2500,4.7254654469850745e-30,4.702387604820915e-24,1.111637650231207e-30
